candidat_id,filiere_code,parcours_id,score_compatibilite,est_admissible,est_recommandee
STD_2026_0001,AEE,P1,74.64,Sous condition,Non
STD_2026_0001,IAA,P1,48.78,Non,Oui
STD_2026_0001,PIP,P1,48.4,Non,Non
STD_2026_0001,EMII,P2,47.72,Non,Non
STD_2026_0001,GCA,P2,57.26,Non,Non
STD_2026_0001,ICMP,P2,54.12,Non,Non
STD_2026_0001,ESIIA,P3,48.93,Non,Non
STD_2026_0001,IGGLIA,P3,76.96,Oui,Non
STD_2026_0001,IMTICIA,P3,73.46,Sous condition,Non
STD_2026_0001,ISAIA,P3,53.33,Non,Non
STD_2026_0001,TEE,P4,75.99,Oui,Non
STD_2026_0001,TEH,P4,77.84,Oui,Non
STD_2026_0001,CAA,P5,73.7,Sous condition,Non
STD_2026_0001,DTJA,P5,82.37,Oui,Non
STD_2026_0001,EMP,P5,76.27,Oui,Non
STD_2026_0001,FIC,P5,54.5,Non,Non
STD_2026_0002,AEE,P1,70.58,Sous condition,Non
STD_2026_0002,IAA,P1,48.3,Non,Non
STD_2026_0002,PIP,P1,46.46,Non,Oui
STD_2026_0002,EMII,P2,47.11,Non,Non
STD_2026_0002,GCA,P2,51.78,Non,Non
STD_2026_0002,ICMP,P2,43.59,Non,Non
STD_2026_0002,ESIIA,P3,47.06,Non,Non
STD_2026_0002,IGGLIA,P3,75.66,Oui,Non
STD_2026_0002,IMTICIA,P3,73.17,Sous condition,Non
STD_2026_0002,ISAIA,P3,48.04,Non,Non
STD_2026_0002,TEE,P4,79.61,Oui,Non
STD_2026_0002,TEH,P4,73.69,Sous condition,Non
STD_2026_0002,CAA,P5,72.15,Sous condition,Non
STD_2026_0002,DTJA,P5,75.89,Oui,Non
STD_2026_0002,EMP,P5,76.37,Oui,Non
STD_2026_0002,FIC,P5,46.68,Non,Non
STD_2026_0003,AEE,P1,52.01,Non,Non
STD_2026_0003,IAA,P1,51.01,Non,Non
STD_2026_0003,PIP,P1,51.76,Non,Non
STD_2026_0003,EMII,P2,43.34,Non,Oui
STD_2026_0003,GCA,P2,41.78,Non,Non
STD_2026_0003,ICMP,P2,33.64,Non,Non
STD_2026_0003,ESIIA,P3,49.93,Non,Non
STD_2026_0003,IGGLIA,P3,57.68,Non,Non
STD_2026_0003,IMTICIA,P3,77.31,Oui,Non
STD_2026_0003,ISAIA,P3,58.13,Non,Non
STD_2026_0003,TEE,P4,86.29,Oui,Non
STD_2026_0003,TEH,P4,82.21,Oui,Non
STD_2026_0003,CAA,P5,72.31,Sous condition,Non
STD_2026_0003,DTJA,P5,81.08,Oui,Non
STD_2026_0003,EMP,P5,55.55,Non,Non
STD_2026_0003,FIC,P5,51.01,Non,Non
STD_2026_0004,AEE,P1,81.49,Oui,Non
STD_2026_0004,IAA,P1,80.45,Oui,Non
STD_2026_0004,PIP,P1,84.1,Oui,Non
STD_2026_0004,EMII,P2,87.22,Oui,Non
STD_2026_0004,GCA,P2,85.26,Oui,Oui
STD_2026_0004,ICMP,P2,91.52,Oui,Non
STD_2026_0004,ESIIA,P3,75.36,Oui,Non
STD_2026_0004,IGGLIA,P3,73.01,Sous condition,Non
STD_2026_0004,IMTICIA,P3,74.21,Sous condition,Non
STD_2026_0004,ISAIA,P3,70.63,Sous condition,Non
STD_2026_0004,TEE,P4,40.1,Non,Non
STD_2026_0004,TEH,P4,44.84,Non,Non
STD_2026_0004,CAA,P5,77.69,Oui,Non
STD_2026_0004,DTJA,P5,37.89,Non,Non
STD_2026_0004,EMP,P5,69.72,Sous condition,Non
STD_2026_0004,FIC,P5,84.18,Oui,Non
STD_2026_0005,AEE,P1,76.82,Oui,Non
STD_2026_0005,IAA,P1,73.9,Sous condition,Non
STD_2026_0005,PIP,P1,76.1,Oui,Non
STD_2026_0005,EMII,P2,73.26,Sous condition,Non
STD_2026_0005,GCA,P2,75.69,Oui,Non
STD_2026_0005,ICMP,P2,77.63,Oui,Oui
STD_2026_0005,ESIIA,P3,46.86,Non,Non
STD_2026_0005,IGGLIA,P3,70.93,Sous condition,Non
STD_2026_0005,IMTICIA,P3,71.89,Sous condition,Non
STD_2026_0005,ISAIA,P3,69.9,Sous condition,Non
STD_2026_0005,TEE,P4,74.22,Sous condition,Non
STD_2026_0005,TEH,P4,75.4,Oui,Non
STD_2026_0005,CAA,P5,75.38,Oui,Non
STD_2026_0005,DTJA,P5,68.96,Sous condition,Non
STD_2026_0005,EMP,P5,75.37,Oui,Non
STD_2026_0005,FIC,P5,72.77,Sous condition,Non
STD_2026_0006,AEE,P1,86.13,Oui,Non
STD_2026_0006,IAA,P1,82.63,Oui,Non
STD_2026_0006,PIP,P1,84.89,Oui,Non
STD_2026_0006,EMII,P2,85.28,Oui,Non
STD_2026_0006,GCA,P2,88.62,Oui,Non
STD_2026_0006,ICMP,P2,83.8,Oui,Non
STD_2026_0006,ESIIA,P3,92.14,Oui,Oui
STD_2026_0006,IGGLIA,P3,78.76,Oui,Non
STD_2026_0006,IMTICIA,P3,84.49,Oui,Non
STD_2026_0006,ISAIA,P3,76.24,Oui,Non
STD_2026_0006,TEE,P4,82.34,Oui,Non
STD_2026_0006,TEH,P4,64.27,Non,Non
STD_2026_0006,CAA,P5,76.65,Oui,Non
STD_2026_0006,DTJA,P5,48.37,Non,Non
STD_2026_0006,EMP,P5,77.62,Oui,Non
STD_2026_0006,FIC,P5,81.54,Oui,Non
STD_2026_0007,AEE,P1,47.36,Non,Non
STD_2026_0007,IAA,P1,48.49,Non,Non
STD_2026_0007,PIP,P1,47.35,Non,Non
STD_2026_0007,EMII,P2,54.2,Non,Non
STD_2026_0007,GCA,P2,50.48,Non,Non
STD_2026_0007,ICMP,P2,60.69,Non,Non
STD_2026_0007,ESIIA,P3,53.62,Non,Non
STD_2026_0007,IGGLIA,P3,79.39,Oui,Oui
STD_2026_0007,IMTICIA,P3,75.03,Oui,Non
STD_2026_0007,ISAIA,P3,77.82,Oui,Non
STD_2026_0007,TEE,P4,70.77,Sous condition,Non
STD_2026_0007,TEH,P4,73.36,Sous condition,Non
STD_2026_0007,CAA,P5,76.57,Oui,Non
STD_2026_0007,DTJA,P5,76.31,Oui,Non
STD_2026_0007,EMP,P5,79.61,Oui,Non
STD_2026_0007,FIC,P5,82.99,Oui,Non
STD_2026_0008,AEE,P1,66.68,Non,Non
STD_2026_0008,IAA,P1,90.56,Oui,Non
STD_2026_0008,PIP,P1,63.35,Non,Non
STD_2026_0008,EMII,P2,87.3,Oui,Non
STD_2026_0008,GCA,P2,78.23,Oui,Non
STD_2026_0008,ICMP,P2,88.23,Oui,Non
STD_2026_0008,ESIIA,P3,89.31,Oui,Non
STD_2026_0008,IGGLIA,P3,93.69,Oui,Non
STD_2026_0008,IMTICIA,P3,88.73,Oui,Oui
STD_2026_0008,ISAIA,P3,69.07,Non,Non
STD_2026_0008,TEE,P4,69.65,Non,Non
STD_2026_0008,TEH,P4,61.59,Non,Non
STD_2026_0008,CAA,P5,68.24,Non,Non
STD_2026_0008,DTJA,P5,58.29,Non,Non
STD_2026_0008,EMP,P5,65.57,Non,Non
STD_2026_0008,FIC,P5,67.76,Non,Non
STD_2026_0009,AEE,P1,75.32,Oui,Non
STD_2026_0009,IAA,P1,49.11,Non,Non
STD_2026_0009,PIP,P1,50.83,Non,Non
STD_2026_0009,EMII,P2,55.93,Non,Non
STD_2026_0009,GCA,P2,47.08,Non,Non
STD_2026_0009,ICMP,P2,35.27,Non,Non
STD_2026_0009,ESIIA,P3,52.85,Non,Non
STD_2026_0009,IGGLIA,P3,74.53,Sous condition,Non
STD_2026_0009,IMTICIA,P3,81.52,Oui,Non
STD_2026_0009,ISAIA,P3,59.15,Non,Oui
STD_2026_0009,TEE,P4,81.3,Oui,Non
STD_2026_0009,TEH,P4,82.99,Oui,Non
STD_2026_0009,CAA,P5,79.76,Oui,Non
STD_2026_0009,DTJA,P5,83.9,Oui,Non
STD_2026_0009,EMP,P5,86.03,Oui,Non
STD_2026_0009,FIC,P5,51.53,Non,Non
STD_2026_0010,AEE,P1,74.31,Sous condition,Non
STD_2026_0010,IAA,P1,55.32,Non,Non
STD_2026_0010,PIP,P1,49.96,Non,Non
STD_2026_0010,EMII,P2,44.9,Non,Non
STD_2026_0010,GCA,P2,52.88,Non,Non
STD_2026_0010,ICMP,P2,42.25,Non,Non
STD_2026_0010,ESIIA,P3,51.8,Non,Non
STD_2026_0010,IGGLIA,P3,79.99,Oui,Non
STD_2026_0010,IMTICIA,P3,74.1,Sous condition,Non
STD_2026_0010,ISAIA,P3,53.45,Non,Non
STD_2026_0010,TEE,P4,83.68,Oui,Oui
STD_2026_0010,TEH,P4,85.44,Oui,Non
STD_2026_0010,CAA,P5,78.64,Oui,Non
STD_2026_0010,DTJA,P5,89.51,Oui,Non
STD_2026_0010,EMP,P5,73.66,Sous condition,Non
STD_2026_0010,FIC,P5,62.86,Non,Non
STD_2026_0011,AEE,P1,62.34,Sous condition,Non
STD_2026_0011,IAA,P1,42.32,Non,Non
STD_2026_0011,PIP,P1,37.41,Non,Non
STD_2026_0011,EMII,P2,38.01,Non,Non
STD_2026_0011,GCA,P2,46.61,Non,Non
STD_2026_0011,ICMP,P2,34.36,Non,Non
STD_2026_0011,ESIIA,P3,40.76,Non,Non
STD_2026_0011,IGGLIA,P3,65.6,Sous condition,Non
STD_2026_0011,IMTICIA,P3,70.65,Sous condition,Non
STD_2026_0011,ISAIA,P3,40.87,Non,Non
STD_2026_0011,TEE,P4,69.25,Sous condition,Non
STD_2026_0011,TEH,P4,78.62,Oui,Oui
STD_2026_0011,CAA,P5,69.72,Sous condition,Non
STD_2026_0011,DTJA,P5,76.45,Oui,Non
STD_2026_0011,EMP,P5,63.68,Sous condition,Non
STD_2026_0011,FIC,P5,48.06,Non,Non
STD_2026_0012,AEE,P1,57.92,Non,Non
STD_2026_0012,IAA,P1,53.83,Non,Non
STD_2026_0012,PIP,P1,52.21,Non,Non
STD_2026_0012,EMII,P2,45.46,Non,Non
STD_2026_0012,GCA,P2,46.41,Non,Non
STD_2026_0012,ICMP,P2,47.34,Non,Non
STD_2026_0012,ESIIA,P3,53.44,Non,Non
STD_2026_0012,IGGLIA,P3,50.91,Non,Non
STD_2026_0012,IMTICIA,P3,76.18,Oui,Non
STD_2026_0012,ISAIA,P3,52.97,Non,Non
STD_2026_0012,TEE,P4,79.79,Oui,Non
STD_2026_0012,TEH,P4,80.08,Oui,Non
STD_2026_0012,CAA,P5,72.01,Sous condition,Oui
STD_2026_0012,DTJA,P5,78.48,Oui,Non
STD_2026_0012,EMP,P5,55.11,Non,Non
STD_2026_0012,FIC,P5,56.91,Non,Non
STD_2026_0013,AEE,P1,83.18,Oui,Non
STD_2026_0013,IAA,P1,85.2,Oui,Non
STD_2026_0013,PIP,P1,79.39,Oui,Non
STD_2026_0013,EMII,P2,83.89,Oui,Non
STD_2026_0013,GCA,P2,94.61,Oui,Non
STD_2026_0013,ICMP,P2,92.94,Oui,Non
STD_2026_0013,ESIIA,P3,84.99,Oui,Non
STD_2026_0013,IGGLIA,P3,75.66,Oui,Non
STD_2026_0013,IMTICIA,P3,81.82,Oui,Non
STD_2026_0013,ISAIA,P3,80.33,Oui,Non
STD_2026_0013,TEE,P4,57.03,Non,Non
STD_2026_0013,TEH,P4,49.71,Non,Non
STD_2026_0013,CAA,P5,79.3,Oui,Non
STD_2026_0013,DTJA,P5,52.11,Non,Oui
STD_2026_0013,EMP,P5,82.46,Oui,Non
STD_2026_0013,FIC,P5,89.33,Oui,Non
STD_2026_0014,AEE,P1,81.63,Oui,Non
STD_2026_0014,IAA,P1,86.28,Oui,Non
STD_2026_0014,PIP,P1,78.21,Oui,Non
STD_2026_0014,EMII,P2,79.17,Oui,Non
STD_2026_0014,GCA,P2,84.01,Oui,Non
STD_2026_0014,ICMP,P2,83.04,Oui,Non
STD_2026_0014,ESIIA,P3,57.83,Non,Non
STD_2026_0014,IGGLIA,P3,81.17,Oui,Non
STD_2026_0014,IMTICIA,P3,79.11,Oui,Non
STD_2026_0014,ISAIA,P3,82.86,Oui,Non
STD_2026_0014,TEE,P4,78.2,Oui,Non
STD_2026_0014,TEH,P4,89.46,Oui,Non
STD_2026_0014,CAA,P5,79.71,Oui,Non
STD_2026_0014,DTJA,P5,75.15,Oui,Non
STD_2026_0014,EMP,P5,82.4,Oui,Oui
STD_2026_0014,FIC,P5,84.02,Oui,Non
STD_2026_0015,AEE,P1,78.08,Oui,Non
STD_2026_0015,IAA,P1,85.65,Oui,Non
STD_2026_0015,PIP,P1,83.12,Oui,Non
STD_2026_0015,EMII,P2,83.7,Oui,Non
STD_2026_0015,GCA,P2,84.2,Oui,Non
STD_2026_0015,ICMP,P2,90.55,Oui,Non
STD_2026_0015,ESIIA,P3,85.17,Oui,Non
STD_2026_0015,IGGLIA,P3,77.04,Oui,Non
STD_2026_0015,IMTICIA,P3,78.16,Oui,Non
STD_2026_0015,ISAIA,P3,77.38,Oui,Non
STD_2026_0015,TEE,P4,77.32,Oui,Non
STD_2026_0015,TEH,P4,57.18,Non,Non
STD_2026_0015,CAA,P5,82.55,Oui,Non
STD_2026_0015,DTJA,P5,54.54,Non,Non
STD_2026_0015,EMP,P5,77.5,Oui,Non
STD_2026_0015,FIC,P5,84.24,Oui,Oui
STD_2026_0016,AEE,P1,44.66,Non,Oui
STD_2026_0016,IAA,P1,48.52,Non,Non
STD_2026_0016,PIP,P1,44.52,Non,Non
STD_2026_0016,EMII,P2,47.65,Non,Non
STD_2026_0016,GCA,P2,50.3,Non,Non
STD_2026_0016,ICMP,P2,34.4,Non,Non
STD_2026_0016,ESIIA,P3,53.77,Non,Non
STD_2026_0016,IGGLIA,P3,75.96,Oui,Non
STD_2026_0016,IMTICIA,P3,67.55,Sous condition,Non
STD_2026_0016,ISAIA,P3,67.02,Sous condition,Non
STD_2026_0016,TEE,P4,75.82,Oui,Non
STD_2026_0016,TEH,P4,78.25,Oui,Non
STD_2026_0016,CAA,P5,77.54,Oui,Non
STD_2026_0016,DTJA,P5,67.93,Sous condition,Non
STD_2026_0016,EMP,P5,73.39,Sous condition,Non
STD_2026_0016,FIC,P5,83.18,Oui,Non
STD_2026_0017,AEE,P1,47.48,Non,Non
STD_2026_0017,IAA,P1,74.73,Sous condition,Oui
STD_2026_0017,PIP,P1,48.15,Non,Non
STD_2026_0017,EMII,P2,82.6,Oui,Non
STD_2026_0017,GCA,P2,73.69,Sous condition,Non
STD_2026_0017,ICMP,P2,70.21,Sous condition,Non
STD_2026_0017,ESIIA,P3,76.69,Oui,Non
STD_2026_0017,IGGLIA,P3,72.7,Sous condition,Non
STD_2026_0017,IMTICIA,P3,76.86,Oui,Non
STD_2026_0017,ISAIA,P3,51.96,Non,Non
STD_2026_0017,TEE,P4,46.85,Non,Non
STD_2026_0017,TEH,P4,48.18,Non,Non
STD_2026_0017,CAA,P5,44.22,Non,Non
STD_2026_0017,DTJA,P5,56.01,Non,Non
STD_2026_0017,EMP,P5,48.37,Non,Non
STD_2026_0017,FIC,P5,48.02,Non,Non
STD_2026_0018,AEE,P1,75.58,Oui,Non
STD_2026_0018,IAA,P1,54.24,Non,Non
STD_2026_0018,PIP,P1,49.55,Non,Oui
STD_2026_0018,EMII,P2,40.12,Non,Non
STD_2026_0018,GCA,P2,45.98,Non,Non
STD_2026_0018,ICMP,P2,48.01,Non,Non
STD_2026_0018,ESIIA,P3,49.83,Non,Non
STD_2026_0018,IGGLIA,P3,78.21,Oui,Non
STD_2026_0018,IMTICIA,P3,77.32,Oui,Non
STD_2026_0018,ISAIA,P3,54.92,Non,Non
STD_2026_0018,TEE,P4,78.19,Oui,Non
STD_2026_0018,TEH,P4,76.38,Oui,Non
STD_2026_0018,CAA,P5,75.81,Oui,Non
STD_2026_0018,DTJA,P5,83.49,Oui,Non
STD_2026_0018,EMP,P5,72.67,Sous condition,Non
STD_2026_0018,FIC,P5,56.05,Non,Non
STD_2026_0019,AEE,P1,78.35,Oui,Non
STD_2026_0019,IAA,P1,54.05,Non,Non
STD_2026_0019,PIP,P1,46.43,Non,Non
STD_2026_0019,EMII,P2,38.09,Non,Oui
STD_2026_0019,GCA,P2,51.37,Non,Non
STD_2026_0019,ICMP,P2,54.69,Non,Non
STD_2026_0019,ESIIA,P3,38.29,Non,Non
STD_2026_0019,IGGLIA,P3,72.65,Sous condition,Non
STD_2026_0019,IMTICIA,P3,77.47,Oui,Non
STD_2026_0019,ISAIA,P3,40.65,Non,Non
STD_2026_0019,TEE,P4,81.45,Oui,Non
STD_2026_0019,TEH,P4,86.67,Oui,Non
STD_2026_0019,CAA,P5,67.86,Sous condition,Non
STD_2026_0019,DTJA,P5,75.75,Oui,Non
STD_2026_0019,EMP,P5,73.6,Sous condition,Non
STD_2026_0019,FIC,P5,50.83,Non,Non
STD_2026_0020,AEE,P1,77.06,Oui,Non
STD_2026_0020,IAA,P1,45.29,Non,Non
STD_2026_0020,PIP,P1,49.98,Non,Non
STD_2026_0020,EMII,P2,49.06,Non,Non
STD_2026_0020,GCA,P2,43.72,Non,Oui
STD_2026_0020,ICMP,P2,44.11,Non,Non
STD_2026_0020,ESIIA,P3,46.03,Non,Non
STD_2026_0020,IGGLIA,P3,73.74,Sous condition,Non
STD_2026_0020,IMTICIA,P3,78.03,Oui,Non
STD_2026_0020,ISAIA,P3,54.01,Non,Non
STD_2026_0020,TEE,P4,75.44,Oui,Non
STD_2026_0020,TEH,P4,74.0,Sous condition,Non
STD_2026_0020,CAA,P5,71.28,Sous condition,Non
STD_2026_0020,DTJA,P5,80.19,Oui,Non
STD_2026_0020,EMP,P5,75.53,Oui,Non
STD_2026_0020,FIC,P5,47.22,Non,Non
STD_2026_0021,AEE,P1,49.83,Non,Non
STD_2026_0021,IAA,P1,50.13,Non,Non
STD_2026_0021,PIP,P1,53.9,Non,Non
STD_2026_0021,EMII,P2,45.46,Non,Non
STD_2026_0021,GCA,P2,38.54,Non,Non
STD_2026_0021,ICMP,P2,42.43,Non,Oui
STD_2026_0021,ESIIA,P3,52.36,Non,Non
STD_2026_0021,IGGLIA,P3,49.97,Non,Non
STD_2026_0021,IMTICIA,P3,85.73,Oui,Non
STD_2026_0021,ISAIA,P3,53.16,Non,Non
STD_2026_0021,TEE,P4,76.47,Oui,Non
STD_2026_0021,TEH,P4,77.46,Oui,Non
STD_2026_0021,CAA,P5,76.42,Oui,Non
STD_2026_0021,DTJA,P5,75.37,Oui,Non
STD_2026_0021,EMP,P5,58.81,Non,Non
STD_2026_0021,FIC,P5,48.58,Non,Non
STD_2026_0022,AEE,P1,79.13,Oui,Non
STD_2026_0022,IAA,P1,79.29,Oui,Non
STD_2026_0022,PIP,P1,80.12,Oui,Non
STD_2026_0022,EMII,P2,85.95,Oui,Non
STD_2026_0022,GCA,P2,79.02,Oui,Non
STD_2026_0022,ICMP,P2,85.27,Oui,Non
STD_2026_0022,ESIIA,P3,79.69,Oui,Oui
STD_2026_0022,IGGLIA,P3,79.79,Oui,Non
STD_2026_0022,IMTICIA,P3,74.99,Sous condition,Non
STD_2026_0022,ISAIA,P3,77.3,Oui,Non
STD_2026_0022,TEE,P4,46.46,Non,Non
STD_2026_0022,TEH,P4,44.54,Non,Non
STD_2026_0022,CAA,P5,83.68,Oui,Non
STD_2026_0022,DTJA,P5,46.85,Non,Non
STD_2026_0022,EMP,P5,77.77,Oui,Non
STD_2026_0022,FIC,P5,81.51,Oui,Non
STD_2026_0023,AEE,P1,84.02,Oui,Non
STD_2026_0023,IAA,P1,77.68,Oui,Non
STD_2026_0023,PIP,P1,80.95,Oui,Non
STD_2026_0023,EMII,P2,82.41,Oui,Non
STD_2026_0023,GCA,P2,82.91,Oui,Non
STD_2026_0023,ICMP,P2,80.55,Oui,Non
STD_2026_0023,ESIIA,P3,55.72,Non,Non
STD_2026_0023,IGGLIA,P3,76.63,Oui,Oui
STD_2026_0023,IMTICIA,P3,75.61,Oui,Non
STD_2026_0023,ISAIA,P3,76.33,Oui,Non
STD_2026_0023,TEE,P4,72.09,Sous condition,Non
STD_2026_0023,TEH,P4,75.94,Oui,Non
STD_2026_0023,CAA,P5,73.74,Sous condition,Non
STD_2026_0023,DTJA,P5,69.99,Sous condition,Non
STD_2026_0023,EMP,P5,71.73,Sous condition,Non
STD_2026_0023,FIC,P5,79.66,Oui,Non
STD_2026_0024,AEE,P1,80.97,Oui,Non
STD_2026_0024,IAA,P1,82.19,Oui,Non
STD_2026_0024,PIP,P1,73.87,Sous condition,Non
STD_2026_0024,EMII,P2,72.54,Sous condition,Non
STD_2026_0024,GCA,P2,81.22,Oui,Non
STD_2026_0024,ICMP,P2,80.77,Oui,Non
STD_2026_0024,ESIIA,P3,69.48,Sous condition,Non
STD_2026_0024,IGGLIA,P3,78.33,Oui,Non
STD_2026_0024,IMTICIA,P3,77.19,Oui,Oui
STD_2026_0024,ISAIA,P3,81.62,Oui,Non
STD_2026_0024,TEE,P4,79.41,Oui,Non
STD_2026_0024,TEH,P4,60.35,Non,Non
STD_2026_0024,CAA,P5,72.83,Sous condition,Non
STD_2026_0024,DTJA,P5,48.2,Non,Non
STD_2026_0024,EMP,P5,74.57,Sous condition,Non
STD_2026_0024,FIC,P5,88.66,Oui,Non
STD_2026_0025,AEE,P1,54.58,Non,Non
STD_2026_0025,IAA,P1,58.61,Non,Non
STD_2026_0025,PIP,P1,59.03,Non,Non
STD_2026_0025,EMII,P2,64.09,Non,Non
STD_2026_0025,GCA,P2,55.58,Non,Non
STD_2026_0025,ICMP,P2,63.77,Non,Non
STD_2026_0025,ESIIA,P3,62.55,Non,Non
STD_2026_0025,IGGLIA,P3,80.56,Oui,Non
STD_2026_0025,IMTICIA,P3,81.67,Oui,Non
STD_2026_0025,ISAIA,P3,86.22,Oui,Oui
STD_2026_0025,TEE,P4,87.18,Oui,Non
STD_2026_0025,TEH,P4,86.19,Oui,Non
STD_2026_0025,CAA,P5,87.53,Oui,Non
STD_2026_0025,DTJA,P5,79.57,Oui,Non
STD_2026_0025,EMP,P5,88.3,Oui,Non
STD_2026_0025,FIC,P5,84.91,Oui,Non
STD_2026_0026,AEE,P1,50.33,Non,Non
STD_2026_0026,IAA,P1,74.78,Sous condition,Non
STD_2026_0026,PIP,P1,49.79,Non,Non
STD_2026_0026,EMII,P2,79.01,Oui,Non
STD_2026_0026,GCA,P2,76.81,Oui,Non
STD_2026_0026,ICMP,P2,84.5,Oui,Non
STD_2026_0026,ESIIA,P3,79.08,Oui,Non
STD_2026_0026,IGGLIA,P3,71.7,Sous condition,Non
STD_2026_0026,IMTICIA,P3,75.9,Oui,Non
STD_2026_0026,ISAIA,P3,47.84,Non,Non
STD_2026_0026,TEE,P4,44.81,Non,Oui
STD_2026_0026,TEH,P4,44.32,Non,Non
STD_2026_0026,CAA,P5,48.84,Non,Non
STD_2026_0026,DTJA,P5,47.75,Non,Non
STD_2026_0026,EMP,P5,52.38,Non,Non
STD_2026_0026,FIC,P5,56.64,Non,Non
STD_2026_0027,AEE,P1,72.15,Sous condition,Non
STD_2026_0027,IAA,P1,55.64,Non,Non
STD_2026_0027,PIP,P1,55.38,Non,Non
STD_2026_0027,EMII,P2,57.66,Non,Non
STD_2026_0027,GCA,P2,51.94,Non,Non
STD_2026_0027,ICMP,P2,47.39,Non,Non
STD_2026_0027,ESIIA,P3,55.48,Non,Non
STD_2026_0027,IGGLIA,P3,77.0,Oui,Non
STD_2026_0027,IMTICIA,P3,83.64,Oui,Non
STD_2026_0027,ISAIA,P3,50.11,Non,Non
STD_2026_0027,TEE,P4,79.08,Oui,Non
STD_2026_0027,TEH,P4,82.8,Oui,Oui
STD_2026_0027,CAA,P5,86.66,Oui,Non
STD_2026_0027,DTJA,P5,82.8,Oui,Non
STD_2026_0027,EMP,P5,74.33,Sous condition,Non
STD_2026_0027,FIC,P5,52.46,Non,Non
STD_2026_0028,AEE,P1,79.64,Oui,Non
STD_2026_0028,IAA,P1,53.98,Non,Non
STD_2026_0028,PIP,P1,54.54,Non,Non
STD_2026_0028,EMII,P2,60.41,Non,Non
STD_2026_0028,GCA,P2,50.61,Non,Non
STD_2026_0028,ICMP,P2,58.94,Non,Non
STD_2026_0028,ESIIA,P3,60.45,Non,Non
STD_2026_0028,IGGLIA,P3,81.31,Oui,Non
STD_2026_0028,IMTICIA,P3,79.31,Oui,Non
STD_2026_0028,ISAIA,P3,59.9,Non,Non
STD_2026_0028,TEE,P4,80.99,Oui,Non
STD_2026_0028,TEH,P4,73.84,Sous condition,Non
STD_2026_0028,CAA,P5,85.24,Oui,Oui
STD_2026_0028,DTJA,P5,76.55,Oui,Non
STD_2026_0028,EMP,P5,73.58,Sous condition,Non
STD_2026_0028,FIC,P5,57.92,Non,Non
STD_2026_0029,AEE,P1,68.86,Sous condition,Non
STD_2026_0029,IAA,P1,39.97,Non,Non
STD_2026_0029,PIP,P1,42.42,Non,Non
STD_2026_0029,EMII,P2,46.76,Non,Non
STD_2026_0029,GCA,P2,52.35,Non,Non
STD_2026_0029,ICMP,P2,36.35,Non,Non
STD_2026_0029,ESIIA,P3,38.69,Non,Non
STD_2026_0029,IGGLIA,P3,68.93,Sous condition,Non
STD_2026_0029,IMTICIA,P3,71.38,Sous condition,Non
STD_2026_0029,ISAIA,P3,45.12,Non,Non
STD_2026_0029,TEE,P4,73.1,Sous condition,Non
STD_2026_0029,TEH,P4,84.48,Oui,Non
STD_2026_0029,CAA,P5,69.86,Sous condition,Non
STD_2026_0029,DTJA,P5,78.34,Oui,Oui
STD_2026_0029,EMP,P5,70.16,Sous condition,Non
STD_2026_0029,FIC,P5,51.08,Non,Non
STD_2026_0030,AEE,P1,47.99,Non,Non
STD_2026_0030,IAA,P1,50.57,Non,Non
STD_2026_0030,PIP,P1,46.88,Non,Non
STD_2026_0030,EMII,P2,48.1,Non,Non
STD_2026_0030,GCA,P2,50.43,Non,Non
STD_2026_0030,ICMP,P2,39.42,Non,Non
STD_2026_0030,ESIIA,P3,44.37,Non,Non
STD_2026_0030,IGGLIA,P3,47.75,Non,Non
STD_2026_0030,IMTICIA,P3,73.13,Sous condition,Non
STD_2026_0030,ISAIA,P3,46.39,Non,Non
STD_2026_0030,TEE,P4,75.02,Oui,Non
STD_2026_0030,TEH,P4,73.28,Sous condition,Non
STD_2026_0030,CAA,P5,72.33,Sous condition,Non
STD_2026_0030,DTJA,P5,78.6,Oui,Non
STD_2026_0030,EMP,P5,47.02,Non,Oui
STD_2026_0030,FIC,P5,43.15,Non,Non
STD_2026_0031,AEE,P1,85.43,Oui,Non
STD_2026_0031,IAA,P1,84.99,Oui,Non
STD_2026_0031,PIP,P1,80.76,Oui,Non
STD_2026_0031,EMII,P2,71.29,Sous condition,Non
STD_2026_0031,GCA,P2,68.09,Sous condition,Non
STD_2026_0031,ICMP,P2,70.53,Sous condition,Non
STD_2026_0031,ESIIA,P3,78.67,Oui,Non
STD_2026_0031,IGGLIA,P3,81.83,Oui,Non
STD_2026_0031,IMTICIA,P3,77.76,Oui,Non
STD_2026_0031,ISAIA,P3,79.74,Oui,Non
STD_2026_0031,TEE,P4,53.05,Non,Non
STD_2026_0031,TEH,P4,51.27,Non,Non
STD_2026_0031,CAA,P5,81.42,Oui,Non
STD_2026_0031,DTJA,P5,51.36,Non,Non
STD_2026_0031,EMP,P5,81.06,Oui,Non
STD_2026_0031,FIC,P5,79.44,Oui,Oui
STD_2026_0032,AEE,P1,81.02,Oui,Oui
STD_2026_0032,IAA,P1,89.89,Oui,Non
STD_2026_0032,PIP,P1,84.07,Oui,Non
STD_2026_0032,EMII,P2,81.15,Oui,Non
STD_2026_0032,GCA,P2,73.62,Sous condition,Non
STD_2026_0032,ICMP,P2,87.91,Oui,Non
STD_2026_0032,ESIIA,P3,63.24,Non,Non
STD_2026_0032,IGGLIA,P3,84.22,Oui,Non
STD_2026_0032,IMTICIA,P3,80.29,Oui,Non
STD_2026_0032,ISAIA,P3,80.02,Oui,Non
STD_2026_0032,TEE,P4,82.18,Oui,Non
STD_2026_0032,TEH,P4,73.24,Sous condition,Non
STD_2026_0032,CAA,P5,81.77,Oui,Non
STD_2026_0032,DTJA,P5,71.36,Sous condition,Non
STD_2026_0032,EMP,P5,74.23,Sous condition,Non
STD_2026_0032,FIC,P5,73.77,Sous condition,Non
STD_2026_0033,AEE,P1,80.58,Oui,Non
STD_2026_0033,IAA,P1,78.84,Oui,Oui
STD_2026_0033,PIP,P1,84.54,Oui,Non
STD_2026_0033,EMII,P2,84.15,Oui,Non
STD_2026_0033,GCA,P2,81.15,Oui,Non
STD_2026_0033,ICMP,P2,90.27,Oui,Non
STD_2026_0033,ESIIA,P3,83.19,Oui,Non
STD_2026_0033,IGGLIA,P3,75.19,Oui,Non
STD_2026_0033,IMTICIA,P3,77.95,Oui,Non
STD_2026_0033,ISAIA,P3,80.25,Oui,Non
STD_2026_0033,TEE,P4,75.61,Oui,Non
STD_2026_0033,TEH,P4,46.58,Non,Non
STD_2026_0033,CAA,P5,77.9,Oui,Non
STD_2026_0033,DTJA,P5,44.23,Non,Non
STD_2026_0033,EMP,P5,71.9,Sous condition,Non
STD_2026_0033,FIC,P5,81.19,Oui,Non
STD_2026_0034,AEE,P1,58.54,Non,Non
STD_2026_0034,IAA,P1,56.66,Non,Non
STD_2026_0034,PIP,P1,53.79,Non,Oui
STD_2026_0034,EMII,P2,60.02,Non,Non
STD_2026_0034,GCA,P2,47.82,Non,Non
STD_2026_0034,ICMP,P2,44.29,Non,Non
STD_2026_0034,ESIIA,P3,55.01,Non,Non
STD_2026_0034,IGGLIA,P3,80.16,Oui,Non
STD_2026_0034,IMTICIA,P3,76.71,Oui,Non
STD_2026_0034,ISAIA,P3,79.2,Oui,Non
STD_2026_0034,TEE,P4,80.19,Oui,Non
STD_2026_0034,TEH,P4,83.13,Oui,Non
STD_2026_0034,CAA,P5,75.34,Oui,Non
STD_2026_0034,DTJA,P5,77.59,Oui,Non
STD_2026_0034,EMP,P5,77.51,Oui,Non
STD_2026_0034,FIC,P5,83.41,Oui,Non
STD_2026_0035,AEE,P1,61.01,Non,Non
STD_2026_0035,IAA,P1,83.41,Oui,Non
STD_2026_0035,PIP,P1,57.28,Non,Non
STD_2026_0035,EMII,P2,86.02,Oui,Oui
STD_2026_0035,GCA,P2,85.68,Oui,Non
STD_2026_0035,ICMP,P2,88.09,Oui,Non
STD_2026_0035,ESIIA,P3,82.53,Oui,Non
STD_2026_0035,IGGLIA,P3,85.12,Oui,Non
STD_2026_0035,IMTICIA,P3,89.15,Oui,Non
STD_2026_0035,ISAIA,P3,60.04,Non,Non
STD_2026_0035,TEE,P4,60.97,Non,Non
STD_2026_0035,TEH,P4,58.44,Non,Non
STD_2026_0035,CAA,P5,60.61,Non,Non
STD_2026_0035,DTJA,P5,47.03,Non,Non
STD_2026_0035,EMP,P5,54.72,Non,Non
STD_2026_0035,FIC,P5,61.35,Non,Non
STD_2026_0036,AEE,P1,72.31,Sous condition,Non
STD_2026_0036,IAA,P1,48.7,Non,Non
STD_2026_0036,PIP,P1,53.1,Non,Non
STD_2026_0036,EMII,P2,44.79,Non,Non
STD_2026_0036,GCA,P2,46.36,Non,Oui
STD_2026_0036,ICMP,P2,41.56,Non,Non
STD_2026_0036,ESIIA,P3,50.26,Non,Non
STD_2026_0036,IGGLIA,P3,77.45,Oui,Non
STD_2026_0036,IMTICIA,P3,74.72,Sous condition,Non
STD_2026_0036,ISAIA,P3,54.39,Non,Non
STD_2026_0036,TEE,P4,73.44,Sous condition,Non
STD_2026_0036,TEH,P4,76.76,Oui,Non
STD_2026_0036,CAA,P5,76.01,Oui,Non
STD_2026_0036,DTJA,P5,80.26,Oui,Non
STD_2026_0036,EMP,P5,80.05,Oui,Non
STD_2026_0036,FIC,P5,54.08,Non,Non
STD_2026_0037,AEE,P1,78.25,Oui,Non
STD_2026_0037,IAA,P1,55.25,Non,Non
STD_2026_0037,PIP,P1,56.64,Non,Non
STD_2026_0037,EMII,P2,46.62,Non,Non
STD_2026_0037,GCA,P2,49.43,Non,Non
STD_2026_0037,ICMP,P2,53.7,Non,Oui
STD_2026_0037,ESIIA,P3,52.86,Non,Non
STD_2026_0037,IGGLIA,P3,80.17,Oui,Non
STD_2026_0037,IMTICIA,P3,81.61,Oui,Non
STD_2026_0037,ISAIA,P3,56.53,Non,Non
STD_2026_0037,TEE,P4,79.15,Oui,Non
STD_2026_0037,TEH,P4,70.36,Sous condition,Non
STD_2026_0037,CAA,P5,80.11,Oui,Non
STD_2026_0037,DTJA,P5,81.06,Oui,Non
STD_2026_0037,EMP,P5,77.63,Oui,Non
STD_2026_0037,FIC,P5,56.45,Non,Non
STD_2026_0038,AEE,P1,74.83,Sous condition,Non
STD_2026_0038,IAA,P1,49.01,Non,Non
STD_2026_0038,PIP,P1,47.74,Non,Non
STD_2026_0038,EMII,P2,45.89,Non,Non
STD_2026_0038,GCA,P2,35.84,Non,Non
STD_2026_0038,ICMP,P2,38.49,Non,Non
STD_2026_0038,ESIIA,P3,42.46,Non,Oui
STD_2026_0038,IGGLIA,P3,78.07,Oui,Non
STD_2026_0038,IMTICIA,P3,78.47,Oui,Non
STD_2026_0038,ISAIA,P3,57.08,Non,Non
STD_2026_0038,TEE,P4,80.69,Oui,Non
STD_2026_0038,TEH,P4,80.68,Oui,Non
STD_2026_0038,CAA,P5,74.33,Sous condition,Non
STD_2026_0038,DTJA,P5,81.86,Oui,Non
STD_2026_0038,EMP,P5,81.53,Oui,Non
STD_2026_0038,FIC,P5,50.61,Non,Non
STD_2026_0039,AEE,P1,53.95,Non,Non
STD_2026_0039,IAA,P1,56.09,Non,Non
STD_2026_0039,PIP,P1,50.1,Non,Non
STD_2026_0039,EMII,P2,45.13,Non,Non
STD_2026_0039,GCA,P2,47.5,Non,Non
STD_2026_0039,ICMP,P2,39.93,Non,Non
STD_2026_0039,ESIIA,P3,50.2,Non,Non
STD_2026_0039,IGGLIA,P3,53.23,Non,Oui
STD_2026_0039,IMTICIA,P3,76.01,Oui,Non
STD_2026_0039,ISAIA,P3,52.88,Non,Non
STD_2026_0039,TEE,P4,84.01,Oui,Non
STD_2026_0039,TEH,P4,88.38,Oui,Non
STD_2026_0039,CAA,P5,77.82,Oui,Non
STD_2026_0039,DTJA,P5,81.64,Oui,Non
STD_2026_0039,EMP,P5,59.47,Non,Non
STD_2026_0039,FIC,P5,51.96,Non,Non
STD_2026_0040,AEE,P1,80.43,Oui,Non
STD_2026_0040,IAA,P1,82.88,Oui,Non
STD_2026_0040,PIP,P1,85.8,Oui,Non
STD_2026_0040,EMII,P2,83.85,Oui,Non
STD_2026_0040,GCA,P2,77.38,Oui,Non
STD_2026_0040,ICMP,P2,85.8,Oui,Non
STD_2026_0040,ESIIA,P3,84.32,Oui,Non
STD_2026_0040,IGGLIA,P3,77.23,Oui,Non
STD_2026_0040,IMTICIA,P3,80.17,Oui,Oui
STD_2026_0040,ISAIA,P3,84.55,Oui,Non
STD_2026_0040,TEE,P4,51.65,Non,Non
STD_2026_0040,TEH,P4,47.47,Non,Non
STD_2026_0040,CAA,P5,82.9,Oui,Non
STD_2026_0040,DTJA,P5,44.44,Non,Non
STD_2026_0040,EMP,P5,74.39,Sous condition,Non
STD_2026_0040,FIC,P5,80.65,Oui,Non
STD_2026_0041,AEE,P1,78.83,Oui,Non
STD_2026_0041,IAA,P1,84.83,Oui,Non
STD_2026_0041,PIP,P1,88.31,Oui,Non
STD_2026_0041,EMII,P2,84.46,Oui,Non
STD_2026_0041,GCA,P2,80.79,Oui,Non
STD_2026_0041,ICMP,P2,86.69,Oui,Non
STD_2026_0041,ESIIA,P3,61.3,Non,Non
STD_2026_0041,IGGLIA,P3,82.78,Oui,Non
STD_2026_0041,IMTICIA,P3,78.31,Oui,Non
STD_2026_0041,ISAIA,P3,85.63,Oui,Oui
STD_2026_0041,TEE,P4,78.4,Oui,Non
STD_2026_0041,TEH,P4,73.09,Sous condition,Non
STD_2026_0041,CAA,P5,87.24,Oui,Non
STD_2026_0041,DTJA,P5,80.13,Oui,Non
STD_2026_0041,EMP,P5,82.72,Oui,Non
STD_2026_0041,FIC,P5,86.14,Oui,Non
STD_2026_0042,AEE,P1,74.41,Sous condition,Non
STD_2026_0042,IAA,P1,77.58,Oui,Non
STD_2026_0042,PIP,P1,82.82,Oui,Non
STD_2026_0042,EMII,P2,84.8,Oui,Non
STD_2026_0042,GCA,P2,88.34,Oui,Non
STD_2026_0042,ICMP,P2,83.88,Oui,Non
STD_2026_0042,ESIIA,P3,89.61,Oui,Non
STD_2026_0042,IGGLIA,P3,82.44,Oui,Non
STD_2026_0042,IMTICIA,P3,78.48,Oui,Non
STD_2026_0042,ISAIA,P3,82.92,Oui,Non
STD_2026_0042,TEE,P4,71.37,Sous condition,Oui
STD_2026_0042,TEH,P4,55.4,Non,Non
STD_2026_0042,CAA,P5,79.61,Oui,Non
STD_2026_0042,DTJA,P5,55.86,Non,Non
STD_2026_0042,EMP,P5,82.46,Oui,Non
STD_2026_0042,FIC,P5,75.97,Oui,Non
STD_2026_0043,AEE,P1,53.95,Non,Non
STD_2026_0043,IAA,P1,54.27,Non,Non
STD_2026_0043,PIP,P1,51.14,Non,Non
STD_2026_0043,EMII,P2,55.73,Non,Non
STD_2026_0043,GCA,P2,60.63,Non,Non
STD_2026_0043,ICMP,P2,66.53,Non,Non
STD_2026_0043,ESIIA,P3,54.92,Non,Non
STD_2026_0043,IGGLIA,P3,79.42,Oui,Non
STD_2026_0043,IMTICIA,P3,77.38,Oui,Non
STD_2026_0043,ISAIA,P3,75.31,Oui,Non
STD_2026_0043,TEE,P4,72.33,Sous condition,Non
STD_2026_0043,TEH,P4,71.7,Sous condition,Oui
STD_2026_0043,CAA,P5,80.33,Oui,Non
STD_2026_0043,DTJA,P5,76.5,Oui,Non
STD_2026_0043,EMP,P5,72.89,Sous condition,Non
STD_2026_0043,FIC,P5,72.97,Sous condition,Non
STD_2026_0044,AEE,P1,64.6,Non,Non
STD_2026_0044,IAA,P1,95.79,Oui,Non
STD_2026_0044,PIP,P1,63.78,Non,Non
STD_2026_0044,EMII,P2,85.82,Oui,Non
STD_2026_0044,GCA,P2,81.41,Oui,Non
STD_2026_0044,ICMP,P2,88.56,Oui,Non
STD_2026_0044,ESIIA,P3,84.92,Oui,Non
STD_2026_0044,IGGLIA,P3,85.72,Oui,Non
STD_2026_0044,IMTICIA,P3,88.78,Oui,Non
STD_2026_0044,ISAIA,P3,63.03,Non,Non
STD_2026_0044,TEE,P4,63.4,Non,Non
STD_2026_0044,TEH,P4,61.84,Non,Non
STD_2026_0044,CAA,P5,59.38,Non,Oui
STD_2026_0044,DTJA,P5,61.32,Non,Non
STD_2026_0044,EMP,P5,60.14,Non,Non
STD_2026_0044,FIC,P5,63.12,Non,Non
STD_2026_0045,AEE,P1,68.56,Sous condition,Non
STD_2026_0045,IAA,P1,54.49,Non,Non
STD_2026_0045,PIP,P1,53.19,Non,Non
STD_2026_0045,EMII,P2,43.51,Non,Non
STD_2026_0045,GCA,P2,50.89,Non,Non
STD_2026_0045,ICMP,P2,46.1,Non,Non
STD_2026_0045,ESIIA,P3,45.59,Non,Non
STD_2026_0045,IGGLIA,P3,76.27,Oui,Non
STD_2026_0045,IMTICIA,P3,75.55,Oui,Non
STD_2026_0045,ISAIA,P3,56.26,Non,Non
STD_2026_0045,TEE,P4,74.23,Sous condition,Non
STD_2026_0045,TEH,P4,80.0,Oui,Non
STD_2026_0045,CAA,P5,78.38,Oui,Non
STD_2026_0045,DTJA,P5,80.66,Oui,Oui
STD_2026_0045,EMP,P5,74.16,Sous condition,Non
STD_2026_0045,FIC,P5,51.82,Non,Non
STD_2026_0046,AEE,P1,71.22,Sous condition,Non
STD_2026_0046,IAA,P1,46.74,Non,Non
STD_2026_0046,PIP,P1,43.06,Non,Non
STD_2026_0046,EMII,P2,48.37,Non,Non
STD_2026_0046,GCA,P2,42.31,Non,Non
STD_2026_0046,ICMP,P2,40.34,Non,Non
STD_2026_0046,ESIIA,P3,45.27,Non,Non
STD_2026_0046,IGGLIA,P3,76.95,Oui,Non
STD_2026_0046,IMTICIA,P3,71.95,Sous condition,Non
STD_2026_0046,ISAIA,P3,42.61,Non,Non
STD_2026_0046,TEE,P4,78.2,Oui,Non
STD_2026_0046,TEH,P4,79.68,Oui,Non
STD_2026_0046,CAA,P5,69.89,Sous condition,Non
STD_2026_0046,DTJA,P5,83.29,Oui,Non
STD_2026_0046,EMP,P5,71.13,Sous condition,Oui
STD_2026_0046,FIC,P5,45.45,Non,Non
STD_2026_0047,AEE,P1,76.43,Oui,Non
STD_2026_0047,IAA,P1,47.87,Non,Non
STD_2026_0047,PIP,P1,51.12,Non,Non
STD_2026_0047,EMII,P2,45.67,Non,Non
STD_2026_0047,GCA,P2,51.21,Non,Non
STD_2026_0047,ICMP,P2,44.34,Non,Non
STD_2026_0047,ESIIA,P3,39.9,Non,Non
STD_2026_0047,IGGLIA,P3,75.9,Oui,Non
STD_2026_0047,IMTICIA,P3,73.79,Sous condition,Non
STD_2026_0047,ISAIA,P3,48.91,Non,Non
STD_2026_0047,TEE,P4,71.09,Sous condition,Non
STD_2026_0047,TEH,P4,78.31,Oui,Non
STD_2026_0047,CAA,P5,70.07,Sous condition,Non
STD_2026_0047,DTJA,P5,83.19,Oui,Non
STD_2026_0047,EMP,P5,74.98,Sous condition,Non
STD_2026_0047,FIC,P5,49.37,Non,Oui
STD_2026_0048,AEE,P1,57.5,Non,Oui
STD_2026_0048,IAA,P1,51.26,Non,Non
STD_2026_0048,PIP,P1,52.46,Non,Non
STD_2026_0048,EMII,P2,49.94,Non,Non
STD_2026_0048,GCA,P2,46.85,Non,Non
STD_2026_0048,ICMP,P2,38.15,Non,Non
STD_2026_0048,ESIIA,P3,41.92,Non,Non
STD_2026_0048,IGGLIA,P3,55.72,Non,Non
STD_2026_0048,IMTICIA,P3,85.78,Oui,Non
STD_2026_0048,ISAIA,P3,56.39,Non,Non
STD_2026_0048,TEE,P4,89.8,Oui,Non
STD_2026_0048,TEH,P4,83.21,Oui,Non
STD_2026_0048,CAA,P5,78.68,Oui,Non
STD_2026_0048,DTJA,P5,74.91,Sous condition,Non
STD_2026_0048,EMP,P5,48.1,Non,Non
STD_2026_0048,FIC,P5,48.1,Non,Non
STD_2026_0049,AEE,P1,68.0,Sous condition,Non
STD_2026_0049,IAA,P1,67.79,Sous condition,Oui
STD_2026_0049,PIP,P1,71.8,Sous condition,Non
STD_2026_0049,EMII,P2,74.06,Sous condition,Non
STD_2026_0049,GCA,P2,73.69,Sous condition,Non
STD_2026_0049,ICMP,P2,80.42,Oui,Non
STD_2026_0049,ESIIA,P3,71.6,Sous condition,Non
STD_2026_0049,IGGLIA,P3,64.43,Sous condition,Non
STD_2026_0049,IMTICIA,P3,66.56,Sous condition,Non
STD_2026_0049,ISAIA,P3,69.79,Sous condition,Non
STD_2026_0049,TEE,P4,44.65,Non,Non
STD_2026_0049,TEH,P4,36.34,Non,Non
STD_2026_0049,CAA,P5,70.12,Sous condition,Non
STD_2026_0049,DTJA,P5,43.64,Non,Non
STD_2026_0049,EMP,P5,72.0,Sous condition,Non
STD_2026_0049,FIC,P5,72.37,Sous condition,Non
STD_2026_0050,AEE,P1,72.45,Sous condition,Non
STD_2026_0050,IAA,P1,71.95,Sous condition,Non
STD_2026_0050,PIP,P1,68.82,Sous condition,Oui
STD_2026_0050,EMII,P2,75.51,Oui,Non
STD_2026_0050,GCA,P2,76.83,Oui,Non
STD_2026_0050,ICMP,P2,71.44,Sous condition,Non
STD_2026_0050,ESIIA,P3,52.33,Non,Non
STD_2026_0050,IGGLIA,P3,67.6,Sous condition,Non
STD_2026_0050,IMTICIA,P3,65.61,Sous condition,Non
STD_2026_0050,ISAIA,P3,64.68,Sous condition,Non
STD_2026_0050,TEE,P4,70.17,Sous condition,Non
STD_2026_0050,TEH,P4,71.66,Sous condition,Non
STD_2026_0050,CAA,P5,66.21,Sous condition,Non
STD_2026_0050,DTJA,P5,65.19,Sous condition,Non
STD_2026_0050,EMP,P5,72.31,Sous condition,Non
STD_2026_0050,FIC,P5,61.34,Sous condition,Non
STD_2026_0051,AEE,P1,87.05,Oui,Non
STD_2026_0051,IAA,P1,82.26,Oui,Non
STD_2026_0051,PIP,P1,86.87,Oui,Non
STD_2026_0051,EMII,P2,83.88,Oui,Oui
STD_2026_0051,GCA,P2,82.53,Oui,Non
STD_2026_0051,ICMP,P2,94.84,Oui,Non
STD_2026_0051,ESIIA,P3,82.73,Oui,Non
STD_2026_0051,IGGLIA,P3,84.87,Oui,Non
STD_2026_0051,IMTICIA,P3,86.13,Oui,Non
STD_2026_0051,ISAIA,P3,84.97,Oui,Non
STD_2026_0051,TEE,P4,81.24,Oui,Non
STD_2026_0051,TEH,P4,53.92,Non,Non
STD_2026_0051,CAA,P5,78.39,Oui,Non
STD_2026_0051,DTJA,P5,56.84,Non,Non
STD_2026_0051,EMP,P5,84.87,Oui,Non
STD_2026_0051,FIC,P5,85.97,Oui,Non
STD_2026_0052,AEE,P1,52.77,Non,Non
STD_2026_0052,IAA,P1,54.12,Non,Non
STD_2026_0052,PIP,P1,56.59,Non,Non
STD_2026_0052,EMII,P2,66.32,Non,Non
STD_2026_0052,GCA,P2,57.04,Non,Oui
STD_2026_0052,ICMP,P2,58.31,Non,Non
STD_2026_0052,ESIIA,P3,64.71,Non,Non
STD_2026_0052,IGGLIA,P3,81.24,Oui,Non
STD_2026_0052,IMTICIA,P3,79.88,Oui,Non
STD_2026_0052,ISAIA,P3,82.21,Oui,Non
STD_2026_0052,TEE,P4,82.04,Oui,Non
STD_2026_0052,TEH,P4,76.99,Oui,Non
STD_2026_0052,CAA,P5,79.82,Oui,Non
STD_2026_0052,DTJA,P5,78.58,Oui,Non
STD_2026_0052,EMP,P5,81.62,Oui,Non
STD_2026_0052,FIC,P5,77.47,Oui,Non
STD_2026_0053,AEE,P1,59.26,Non,Non
STD_2026_0053,IAA,P1,87.8,Oui,Non
STD_2026_0053,PIP,P1,61.24,Non,Non
STD_2026_0053,EMII,P2,79.45,Oui,Non
STD_2026_0053,GCA,P2,78.01,Oui,Non
STD_2026_0053,ICMP,P2,74.56,Sous condition,Oui
STD_2026_0053,ESIIA,P3,77.55,Oui,Non
STD_2026_0053,IGGLIA,P3,79.01,Oui,Non
STD_2026_0053,IMTICIA,P3,83.44,Oui,Non
STD_2026_0053,ISAIA,P3,59.37,Non,Non
STD_2026_0053,TEE,P4,61.63,Non,Non
STD_2026_0053,TEH,P4,65.56,Non,Non
STD_2026_0053,CAA,P5,52.43,Non,Non
STD_2026_0053,DTJA,P5,55.71,Non,Non
STD_2026_0053,EMP,P5,58.06,Non,Non
STD_2026_0053,FIC,P5,54.86,Non,Non
STD_2026_0054,AEE,P1,73.28,Sous condition,Non
STD_2026_0054,IAA,P1,48.64,Non,Non
STD_2026_0054,PIP,P1,46.64,Non,Non
STD_2026_0054,EMII,P2,30.7,Non,Non
STD_2026_0054,GCA,P2,39.78,Non,Non
STD_2026_0054,ICMP,P2,43.4,Non,Non
STD_2026_0054,ESIIA,P3,33.83,Non,Oui
STD_2026_0054,IGGLIA,P3,63.81,Sous condition,Non
STD_2026_0054,IMTICIA,P3,64.36,Sous condition,Non
STD_2026_0054,ISAIA,P3,38.06,Non,Non
STD_2026_0054,TEE,P4,69.43,Sous condition,Non
STD_2026_0054,TEH,P4,76.04,Oui,Non
STD_2026_0054,CAA,P5,65.42,Sous condition,Non
STD_2026_0054,DTJA,P5,73.47,Sous condition,Non
STD_2026_0054,EMP,P5,68.48,Sous condition,Non
STD_2026_0054,FIC,P5,51.41,Non,Non
STD_2026_0055,AEE,P1,68.76,Sous condition,Non
STD_2026_0055,IAA,P1,53.7,Non,Non
STD_2026_0055,PIP,P1,42.87,Non,Non
STD_2026_0055,EMII,P2,49.16,Non,Non
STD_2026_0055,GCA,P2,46.9,Non,Non
STD_2026_0055,ICMP,P2,46.33,Non,Non
STD_2026_0055,ESIIA,P3,52.99,Non,Non
STD_2026_0055,IGGLIA,P3,72.47,Sous condition,Oui
STD_2026_0055,IMTICIA,P3,77.83,Oui,Non
STD_2026_0055,ISAIA,P3,54.25,Non,Non
STD_2026_0055,TEE,P4,83.99,Oui,Non
STD_2026_0055,TEH,P4,84.89,Oui,Non
STD_2026_0055,CAA,P5,72.61,Sous condition,Non
STD_2026_0055,DTJA,P5,76.71,Oui,Non
STD_2026_0055,EMP,P5,79.48,Oui,Non
STD_2026_0055,FIC,P5,48.77,Non,Non
STD_2026_0056,AEE,P1,72.19,Sous condition,Non
STD_2026_0056,IAA,P1,49.32,Non,Non
STD_2026_0056,PIP,P1,56.71,Non,Non
STD_2026_0056,EMII,P2,50.12,Non,Non
STD_2026_0056,GCA,P2,48.0,Non,Non
STD_2026_0056,ICMP,P2,48.39,Non,Non
STD_2026_0056,ESIIA,P3,49.86,Non,Non
STD_2026_0056,IGGLIA,P3,83.04,Oui,Non
STD_2026_0056,IMTICIA,P3,80.51,Oui,Oui
STD_2026_0056,ISAIA,P3,54.41,Non,Non
STD_2026_0056,TEE,P4,79.45,Oui,Non
STD_2026_0056,TEH,P4,88.21,Oui,Non
STD_2026_0056,CAA,P5,76.88,Oui,Non
STD_2026_0056,DTJA,P5,75.27,Oui,Non
STD_2026_0056,EMP,P5,73.52,Sous condition,Non
STD_2026_0056,FIC,P5,51.41,Non,Non
STD_2026_0057,AEE,P1,51.29,Non,Non
STD_2026_0057,IAA,P1,49.83,Non,Non
STD_2026_0057,PIP,P1,46.34,Non,Non
STD_2026_0057,EMII,P2,44.36,Non,Non
STD_2026_0057,GCA,P2,43.49,Non,Non
STD_2026_0057,ICMP,P2,36.65,Non,Non
STD_2026_0057,ESIIA,P3,37.64,Non,Non
STD_2026_0057,IGGLIA,P3,53.06,Non,Non
STD_2026_0057,IMTICIA,P3,76.45,Oui,Non
STD_2026_0057,ISAIA,P3,53.49,Non,Oui
STD_2026_0057,TEE,P4,78.03,Oui,Non
STD_2026_0057,TEH,P4,80.29,Oui,Non
STD_2026_0057,CAA,P5,75.41,Oui,Non
STD_2026_0057,DTJA,P5,82.75,Oui,Non
STD_2026_0057,EMP,P5,53.88,Non,Non
STD_2026_0057,FIC,P5,55.9,Non,Non
STD_2026_0058,AEE,P1,82.88,Oui,Non
STD_2026_0058,IAA,P1,80.01,Oui,Non
STD_2026_0058,PIP,P1,77.98,Oui,Non
STD_2026_0058,EMII,P2,84.21,Oui,Non
STD_2026_0058,GCA,P2,88.73,Oui,Non
STD_2026_0058,ICMP,P2,81.67,Oui,Non
STD_2026_0058,ESIIA,P3,87.32,Oui,Non
STD_2026_0058,IGGLIA,P3,77.46,Oui,Non
STD_2026_0058,IMTICIA,P3,76.92,Oui,Non
STD_2026_0058,ISAIA,P3,75.04,Oui,Non
STD_2026_0058,TEE,P4,60.64,Non,Oui
STD_2026_0058,TEH,P4,52.03,Non,Non
STD_2026_0058,CAA,P5,80.14,Oui,Non
STD_2026_0058,DTJA,P5,54.31,Non,Non
STD_2026_0058,EMP,P5,73.99,Sous condition,Non
STD_2026_0058,FIC,P5,77.39,Oui,Non
STD_2026_0059,AEE,P1,86.34,Oui,Non
STD_2026_0059,IAA,P1,86.92,Oui,Non
STD_2026_0059,PIP,P1,88.94,Oui,Non
STD_2026_0059,EMII,P2,88.15,Oui,Non
STD_2026_0059,GCA,P2,89.31,Oui,Non
STD_2026_0059,ICMP,P2,84.56,Oui,Non
STD_2026_0059,ESIIA,P3,62.31,Non,Non
STD_2026_0059,IGGLIA,P3,73.36,Sous condition,Non
STD_2026_0059,IMTICIA,P3,76.39,Oui,Non
STD_2026_0059,ISAIA,P3,78.24,Oui,Non
STD_2026_0059,TEE,P4,77.42,Oui,Non
STD_2026_0059,TEH,P4,77.13,Oui,Oui
STD_2026_0059,CAA,P5,71.57,Sous condition,Non
STD_2026_0059,DTJA,P5,70.53,Sous condition,Non
STD_2026_0059,EMP,P5,73.07,Sous condition,Non
STD_2026_0059,FIC,P5,74.68,Sous condition,Non
STD_2026_0060,AEE,P1,79.65,Oui,Non
STD_2026_0060,IAA,P1,81.9,Oui,Non
STD_2026_0060,PIP,P1,73.45,Sous condition,Non
STD_2026_0060,EMII,P2,83.34,Oui,Non
STD_2026_0060,GCA,P2,82.76,Oui,Non
STD_2026_0060,ICMP,P2,88.75,Oui,Non
STD_2026_0060,ESIIA,P3,83.86,Oui,Non
STD_2026_0060,IGGLIA,P3,71.02,Sous condition,Non
STD_2026_0060,IMTICIA,P3,75.55,Oui,Non
STD_2026_0060,ISAIA,P3,76.13,Oui,Non
STD_2026_0060,TEE,P4,74.59,Sous condition,Non
STD_2026_0060,TEH,P4,41.31,Non,Non
STD_2026_0060,CAA,P5,78.65,Oui,Oui
STD_2026_0060,DTJA,P5,36.77,Non,Non
STD_2026_0060,EMP,P5,72.83,Sous condition,Non
STD_2026_0060,FIC,P5,81.34,Oui,Non
STD_2026_0061,AEE,P1,57.93,Non,Non
STD_2026_0061,IAA,P1,57.14,Non,Non
STD_2026_0061,PIP,P1,62.54,Non,Non
STD_2026_0061,EMII,P2,55.03,Non,Non
STD_2026_0061,GCA,P2,60.7,Non,Non
STD_2026_0061,ICMP,P2,67.45,Non,Non
STD_2026_0061,ESIIA,P3,60.28,Non,Non
STD_2026_0061,IGGLIA,P3,79.67,Oui,Non
STD_2026_0061,IMTICIA,P3,84.67,Oui,Non
STD_2026_0061,ISAIA,P3,79.84,Oui,Non
STD_2026_0061,TEE,P4,76.65,Oui,Non
STD_2026_0061,TEH,P4,75.84,Oui,Non
STD_2026_0061,CAA,P5,83.17,Oui,Non
STD_2026_0061,DTJA,P5,76.84,Oui,Oui
STD_2026_0061,EMP,P5,83.18,Oui,Non
STD_2026_0061,FIC,P5,89.03,Oui,Non
STD_2026_0062,AEE,P1,48.57,Non,Non
STD_2026_0062,IAA,P1,75.55,Oui,Non
STD_2026_0062,PIP,P1,54.35,Non,Non
STD_2026_0062,EMII,P2,84.16,Oui,Non
STD_2026_0062,GCA,P2,75.46,Oui,Non
STD_2026_0062,ICMP,P2,73.33,Sous condition,Non
STD_2026_0062,ESIIA,P3,88.89,Oui,Non
STD_2026_0062,IGGLIA,P3,77.52,Oui,Non
STD_2026_0062,IMTICIA,P3,81.24,Oui,Non
STD_2026_0062,ISAIA,P3,46.85,Non,Non
STD_2026_0062,TEE,P4,51.92,Non,Non
STD_2026_0062,TEH,P4,51.27,Non,Non
STD_2026_0062,CAA,P5,50.37,Non,Non
STD_2026_0062,DTJA,P5,48.27,Non,Non
STD_2026_0062,EMP,P5,51.21,Non,Oui
STD_2026_0062,FIC,P5,43.75,Non,Non
STD_2026_0063,AEE,P1,71.76,Sous condition,Non
STD_2026_0063,IAA,P1,49.54,Non,Non
STD_2026_0063,PIP,P1,54.02,Non,Non
STD_2026_0063,EMII,P2,40.05,Non,Non
STD_2026_0063,GCA,P2,48.39,Non,Non
STD_2026_0063,ICMP,P2,40.19,Non,Non
STD_2026_0063,ESIIA,P3,45.26,Non,Non
STD_2026_0063,IGGLIA,P3,75.7,Oui,Non
STD_2026_0063,IMTICIA,P3,74.76,Sous condition,Non
STD_2026_0063,ISAIA,P3,51.07,Non,Non
STD_2026_0063,TEE,P4,78.74,Oui,Non
STD_2026_0063,TEH,P4,81.95,Oui,Non
STD_2026_0063,CAA,P5,70.25,Sous condition,Non
STD_2026_0063,DTJA,P5,83.87,Oui,Non
STD_2026_0063,EMP,P5,71.94,Sous condition,Non
STD_2026_0063,FIC,P5,46.94,Non,Oui
STD_2026_0064,AEE,P1,67.66,Sous condition,Oui
STD_2026_0064,IAA,P1,53.84,Non,Non
STD_2026_0064,PIP,P1,49.15,Non,Non
STD_2026_0064,EMII,P2,40.85,Non,Non
STD_2026_0064,GCA,P2,37.09,Non,Non
STD_2026_0064,ICMP,P2,39.16,Non,Non
STD_2026_0064,ESIIA,P3,39.35,Non,Non
STD_2026_0064,IGGLIA,P3,67.48,Sous condition,Non
STD_2026_0064,IMTICIA,P3,64.58,Sous condition,Non
STD_2026_0064,ISAIA,P3,48.39,Non,Non
STD_2026_0064,TEE,P4,74.91,Sous condition,Non
STD_2026_0064,TEH,P4,76.68,Oui,Non
STD_2026_0064,CAA,P5,64.81,Sous condition,Non
STD_2026_0064,DTJA,P5,73.63,Sous condition,Non
STD_2026_0064,EMP,P5,64.16,Sous condition,Non
STD_2026_0064,FIC,P5,39.95,Non,Non
STD_2026_0065,AEE,P1,73.82,Sous condition,Non
STD_2026_0065,IAA,P1,46.2,Non,Oui
STD_2026_0065,PIP,P1,43.5,Non,Non
STD_2026_0065,EMII,P2,50.15,Non,Non
STD_2026_0065,GCA,P2,49.71,Non,Non
STD_2026_0065,ICMP,P2,38.29,Non,Non
STD_2026_0065,ESIIA,P3,42.96,Non,Non
STD_2026_0065,IGGLIA,P3,73.63,Sous condition,Non
STD_2026_0065,IMTICIA,P3,71.02,Sous condition,Non
STD_2026_0065,ISAIA,P3,55.99,Non,Non
STD_2026_0065,TEE,P4,69.9,Sous condition,Non
STD_2026_0065,TEH,P4,77.51,Oui,Non
STD_2026_0065,CAA,P5,79.49,Oui,Non
STD_2026_0065,DTJA,P5,80.32,Oui,Non
STD_2026_0065,EMP,P5,73.53,Sous condition,Non
STD_2026_0065,FIC,P5,50.49,Non,Non
STD_2026_0066,AEE,P1,44.74,Non,Non
STD_2026_0066,IAA,P1,45.99,Non,Non
STD_2026_0066,PIP,P1,46.92,Non,Oui
STD_2026_0066,EMII,P2,44.35,Non,Non
STD_2026_0066,GCA,P2,55.54,Non,Non
STD_2026_0066,ICMP,P2,46.55,Non,Non
STD_2026_0066,ESIIA,P3,41.54,Non,Non
STD_2026_0066,IGGLIA,P3,47.91,Non,Non
STD_2026_0066,IMTICIA,P3,73.6,Sous condition,Non
STD_2026_0066,ISAIA,P3,45.12,Non,Non
STD_2026_0066,TEE,P4,77.08,Oui,Non
STD_2026_0066,TEH,P4,74.94,Sous condition,Non
STD_2026_0066,CAA,P5,73.69,Sous condition,Non
STD_2026_0066,DTJA,P5,72.6,Sous condition,Non
STD_2026_0066,EMP,P5,46.85,Non,Non
STD_2026_0066,FIC,P5,49.35,Non,Non
STD_2026_0067,AEE,P1,81.33,Oui,Non
STD_2026_0067,IAA,P1,83.83,Oui,Non
STD_2026_0067,PIP,P1,80.51,Oui,Non
STD_2026_0067,EMII,P2,80.36,Oui,Oui
STD_2026_0067,GCA,P2,83.53,Oui,Non
STD_2026_0067,ICMP,P2,82.16,Oui,Non
STD_2026_0067,ESIIA,P3,82.06,Oui,Non
STD_2026_0067,IGGLIA,P3,75.31,Oui,Non
STD_2026_0067,IMTICIA,P3,78.76,Oui,Non
STD_2026_0067,ISAIA,P3,74.33,Sous condition,Non
STD_2026_0067,TEE,P4,51.15,Non,Non
STD_2026_0067,TEH,P4,52.23,Non,Non
STD_2026_0067,CAA,P5,77.57,Oui,Non
STD_2026_0067,DTJA,P5,50.75,Non,Non
STD_2026_0067,EMP,P5,76.4,Oui,Non
STD_2026_0067,FIC,P5,73.41,Sous condition,Non
STD_2026_0068,AEE,P1,81.03,Oui,Non
STD_2026_0068,IAA,P1,73.95,Sous condition,Non
STD_2026_0068,PIP,P1,76.86,Oui,Non
STD_2026_0068,EMII,P2,78.65,Oui,Non
STD_2026_0068,GCA,P2,74.6,Sous condition,Oui
STD_2026_0068,ICMP,P2,80.89,Oui,Non
STD_2026_0068,ESIIA,P3,56.66,Non,Non
STD_2026_0068,IGGLIA,P3,72.59,Sous condition,Non
STD_2026_0068,IMTICIA,P3,70.04,Sous condition,Non
STD_2026_0068,ISAIA,P3,77.91,Oui,Non
STD_2026_0068,TEE,P4,75.03,Oui,Non
STD_2026_0068,TEH,P4,69.55,Sous condition,Non
STD_2026_0068,CAA,P5,74.2,Sous condition,Non
STD_2026_0068,DTJA,P5,69.83,Sous condition,Non
STD_2026_0068,EMP,P5,77.11,Oui,Non
STD_2026_0068,FIC,P5,74.26,Sous condition,Non
STD_2026_0069,AEE,P1,84.8,Oui,Non
STD_2026_0069,IAA,P1,79.98,Oui,Non
STD_2026_0069,PIP,P1,82.64,Oui,Non
STD_2026_0069,EMII,P2,78.06,Oui,Non
STD_2026_0069,GCA,P2,86.01,Oui,Non
STD_2026_0069,ICMP,P2,90.63,Oui,Oui
STD_2026_0069,ESIIA,P3,80.6,Oui,Non
STD_2026_0069,IGGLIA,P3,69.18,Sous condition,Non
STD_2026_0069,IMTICIA,P3,75.58,Oui,Non
STD_2026_0069,ISAIA,P3,73.17,Sous condition,Non
STD_2026_0069,TEE,P4,77.58,Oui,Non
STD_2026_0069,TEH,P4,49.58,Non,Non
STD_2026_0069,CAA,P5,74.81,Sous condition,Non
STD_2026_0069,DTJA,P5,49.78,Non,Non
STD_2026_0069,EMP,P5,81.14,Oui,Non
STD_2026_0069,FIC,P5,85.62,Oui,Non
STD_2026_0070,AEE,P1,46.58,Non,Non
STD_2026_0070,IAA,P1,49.98,Non,Non
STD_2026_0070,PIP,P1,45.45,Non,Non
STD_2026_0070,EMII,P2,46.82,Non,Non
STD_2026_0070,GCA,P2,53.77,Non,Non
STD_2026_0070,ICMP,P2,43.23,Non,Non
STD_2026_0070,ESIIA,P3,46.81,Non,Oui
STD_2026_0070,IGGLIA,P3,77.91,Oui,Non
STD_2026_0070,IMTICIA,P3,76.53,Oui,Non
STD_2026_0070,ISAIA,P3,71.61,Sous condition,Non
STD_2026_0070,TEE,P4,84.29,Oui,Non
STD_2026_0070,TEH,P4,84.74,Oui,Non
STD_2026_0070,CAA,P5,82.28,Oui,Non
STD_2026_0070,DTJA,P5,72.47,Sous condition,Non
STD_2026_0070,EMP,P5,85.03,Oui,Non
STD_2026_0070,FIC,P5,82.37,Oui,Non
STD_2026_0071,AEE,P1,52.02,Non,Non
STD_2026_0071,IAA,P1,72.66,Sous condition,Non
STD_2026_0071,PIP,P1,54.65,Non,Non
STD_2026_0071,EMII,P2,84.73,Oui,Non
STD_2026_0071,GCA,P2,82.99,Oui,Non
STD_2026_0071,ICMP,P2,81.7,Oui,Non
STD_2026_0071,ESIIA,P3,80.37,Oui,Non
STD_2026_0071,IGGLIA,P3,74.62,Sous condition,Oui
STD_2026_0071,IMTICIA,P3,78.63,Oui,Non
STD_2026_0071,ISAIA,P3,50.32,Non,Non
STD_2026_0071,TEE,P4,40.9,Non,Non
STD_2026_0071,TEH,P4,42.5,Non,Non
STD_2026_0071,CAA,P5,47.61,Non,Non
STD_2026_0071,DTJA,P5,43.77,Non,Non
STD_2026_0071,EMP,P5,48.83,Non,Non
STD_2026_0071,FIC,P5,56.51,Non,Non
STD_2026_0072,AEE,P1,74.09,Sous condition,Non
STD_2026_0072,IAA,P1,49.3,Non,Non
STD_2026_0072,PIP,P1,51.58,Non,Non
STD_2026_0072,EMII,P2,51.46,Non,Non
STD_2026_0072,GCA,P2,51.78,Non,Non
STD_2026_0072,ICMP,P2,39.78,Non,Non
STD_2026_0072,ESIIA,P3,45.87,Non,Non
STD_2026_0072,IGGLIA,P3,72.09,Sous condition,Non
STD_2026_0072,IMTICIA,P3,75.62,Oui,Oui
STD_2026_0072,ISAIA,P3,48.34,Non,Non
STD_2026_0072,TEE,P4,78.45,Oui,Non
STD_2026_0072,TEH,P4,82.29,Oui,Non
STD_2026_0072,CAA,P5,75.8,Oui,Non
STD_2026_0072,DTJA,P5,80.51,Oui,Non
STD_2026_0072,EMP,P5,72.5,Sous condition,Non
STD_2026_0072,FIC,P5,48.38,Non,Non
STD_2026_0073,AEE,P1,69.84,Sous condition,Non
STD_2026_0073,IAA,P1,48.04,Non,Non
STD_2026_0073,PIP,P1,51.07,Non,Non
STD_2026_0073,EMII,P2,47.88,Non,Non
STD_2026_0073,GCA,P2,53.22,Non,Non
STD_2026_0073,ICMP,P2,50.41,Non,Non
STD_2026_0073,ESIIA,P3,49.13,Non,Non
STD_2026_0073,IGGLIA,P3,72.28,Sous condition,Non
STD_2026_0073,IMTICIA,P3,72.32,Sous condition,Non
STD_2026_0073,ISAIA,P3,51.02,Non,Oui
STD_2026_0073,TEE,P4,78.78,Oui,Non
STD_2026_0073,TEH,P4,77.91,Oui,Non
STD_2026_0073,CAA,P5,77.75,Oui,Non
STD_2026_0073,DTJA,P5,86.02,Oui,Non
STD_2026_0073,EMP,P5,72.39,Sous condition,Non
STD_2026_0073,FIC,P5,54.19,Non,Non
STD_2026_0074,AEE,P1,65.21,Sous condition,Non
STD_2026_0074,IAA,P1,44.35,Non,Non
STD_2026_0074,PIP,P1,42.14,Non,Non
STD_2026_0074,EMII,P2,38.13,Non,Non
STD_2026_0074,GCA,P2,42.79,Non,Non
STD_2026_0074,ICMP,P2,34.01,Non,Non
STD_2026_0074,ESIIA,P3,37.33,Non,Non
STD_2026_0074,IGGLIA,P3,72.87,Sous condition,Non
STD_2026_0074,IMTICIA,P3,66.53,Sous condition,Non
STD_2026_0074,ISAIA,P3,50.61,Non,Non
STD_2026_0074,TEE,P4,67.16,Sous condition,Oui
STD_2026_0074,TEH,P4,76.16,Oui,Non
STD_2026_0074,CAA,P5,72.45,Sous condition,Non
STD_2026_0074,DTJA,P5,79.26,Oui,Non
STD_2026_0074,EMP,P5,72.03,Sous condition,Non
STD_2026_0074,FIC,P5,50.05,Non,Non
STD_2026_0075,AEE,P1,49.51,Non,Non
STD_2026_0075,IAA,P1,49.1,Non,Non
STD_2026_0075,PIP,P1,55.09,Non,Non
STD_2026_0075,EMII,P2,50.91,Non,Non
STD_2026_0075,GCA,P2,38.46,Non,Non
STD_2026_0075,ICMP,P2,34.8,Non,Non
STD_2026_0075,ESIIA,P3,50.49,Non,Non
STD_2026_0075,IGGLIA,P3,51.66,Non,Non
STD_2026_0075,IMTICIA,P3,70.72,Sous condition,Non
STD_2026_0075,ISAIA,P3,53.58,Non,Non
STD_2026_0075,TEE,P4,82.39,Oui,Non
STD_2026_0075,TEH,P4,78.92,Oui,Oui
STD_2026_0075,CAA,P5,77.71,Oui,Non
STD_2026_0075,DTJA,P5,80.61,Oui,Non
STD_2026_0075,EMP,P5,50.76,Non,Non
STD_2026_0075,FIC,P5,44.99,Non,Non
STD_2026_0076,AEE,P1,78.97,Oui,Non
STD_2026_0076,IAA,P1,72.79,Sous condition,Non
STD_2026_0076,PIP,P1,72.71,Sous condition,Non
STD_2026_0076,EMII,P2,75.24,Oui,Non
STD_2026_0076,GCA,P2,72.49,Sous condition,Non
STD_2026_0076,ICMP,P2,81.25,Oui,Non
STD_2026_0076,ESIIA,P3,74.85,Sous condition,Non
STD_2026_0076,IGGLIA,P3,72.86,Sous condition,Non
STD_2026_0076,IMTICIA,P3,74.34,Sous condition,Non
STD_2026_0076,ISAIA,P3,73.56,Sous condition,Non
STD_2026_0076,TEE,P4,43.62,Non,Non
STD_2026_0076,TEH,P4,45.49,Non,Non
STD_2026_0076,CAA,P5,73.29,Sous condition,Oui
STD_2026_0076,DTJA,P5,52.3,Non,Non
STD_2026_0076,EMP,P5,70.12,Sous condition,Non
STD_2026_0076,FIC,P5,69.64,Sous condition,Non
STD_2026_0077,AEE,P1,86.78,Oui,Non
STD_2026_0077,IAA,P1,82.94,Oui,Non
STD_2026_0077,PIP,P1,72.12,Sous condition,Non
STD_2026_0077,EMII,P2,80.72,Oui,Non
STD_2026_0077,GCA,P2,76.57,Oui,Non
STD_2026_0077,ICMP,P2,81.81,Oui,Non
STD_2026_0077,ESIIA,P3,56.16,Non,Non
STD_2026_0077,IGGLIA,P3,76.9,Oui,Non
STD_2026_0077,IMTICIA,P3,73.19,Sous condition,Non
STD_2026_0077,ISAIA,P3,75.04,Oui,Non
STD_2026_0077,TEE,P4,73.98,Sous condition,Non
STD_2026_0077,TEH,P4,71.59,Sous condition,Non
STD_2026_0077,CAA,P5,79.08,Oui,Non
STD_2026_0077,DTJA,P5,69.91,Sous condition,Oui
STD_2026_0077,EMP,P5,79.35,Oui,Non
STD_2026_0077,FIC,P5,73.44,Sous condition,Non
STD_2026_0078,AEE,P1,77.26,Oui,Non
STD_2026_0078,IAA,P1,76.6,Oui,Non
STD_2026_0078,PIP,P1,77.7,Oui,Non
STD_2026_0078,EMII,P2,83.7,Oui,Non
STD_2026_0078,GCA,P2,82.08,Oui,Non
STD_2026_0078,ICMP,P2,88.41,Oui,Non
STD_2026_0078,ESIIA,P3,82.7,Oui,Non
STD_2026_0078,IGGLIA,P3,79.13,Oui,Non
STD_2026_0078,IMTICIA,P3,74.04,Sous condition,Non
STD_2026_0078,ISAIA,P3,75.35,Oui,Non
STD_2026_0078,TEE,P4,69.58,Sous condition,Non
STD_2026_0078,TEH,P4,48.5,Non,Non
STD_2026_0078,CAA,P5,76.03,Oui,Non
STD_2026_0078,DTJA,P5,48.36,Non,Non
STD_2026_0078,EMP,P5,77.14,Oui,Oui
STD_2026_0078,FIC,P5,82.74,Oui,Non
STD_2026_0079,AEE,P1,56.91,Non,Non
STD_2026_0079,IAA,P1,56.35,Non,Non
STD_2026_0079,PIP,P1,53.73,Non,Non
STD_2026_0079,EMII,P2,53.81,Non,Non
STD_2026_0079,GCA,P2,46.26,Non,Non
STD_2026_0079,ICMP,P2,57.83,Non,Non
STD_2026_0079,ESIIA,P3,49.21,Non,Non
STD_2026_0079,IGGLIA,P3,79.33,Oui,Non
STD_2026_0079,IMTICIA,P3,79.11,Oui,Non
STD_2026_0079,ISAIA,P3,77.29,Oui,Non
STD_2026_0079,TEE,P4,76.34,Oui,Non
STD_2026_0079,TEH,P4,71.38,Sous condition,Non
STD_2026_0079,CAA,P5,78.06,Oui,Non
STD_2026_0079,DTJA,P5,74.38,Sous condition,Non
STD_2026_0079,EMP,P5,83.12,Oui,Non
STD_2026_0079,FIC,P5,86.04,Oui,Oui
STD_2026_0080,AEE,P1,56.83,Non,Oui
STD_2026_0080,IAA,P1,77.97,Oui,Non
STD_2026_0080,PIP,P1,52.34,Non,Non
STD_2026_0080,EMII,P2,74.59,Sous condition,Non
STD_2026_0080,GCA,P2,73.46,Sous condition,Non
STD_2026_0080,ICMP,P2,84.4,Oui,Non
STD_2026_0080,ESIIA,P3,73.79,Sous condition,Non
STD_2026_0080,IGGLIA,P3,75.51,Oui,Non
STD_2026_0080,IMTICIA,P3,67.71,Sous condition,Non
STD_2026_0080,ISAIA,P3,48.54,Non,Non
STD_2026_0080,TEE,P4,58.27,Non,Non
STD_2026_0080,TEH,P4,53.78,Non,Non
STD_2026_0080,CAA,P5,53.38,Non,Non
STD_2026_0080,DTJA,P5,58.08,Non,Non
STD_2026_0080,EMP,P5,52.47,Non,Non
STD_2026_0080,FIC,P5,53.61,Non,Non
STD_2026_0081,AEE,P1,75.95,Oui,Non
STD_2026_0081,IAA,P1,51.25,Non,Oui
STD_2026_0081,PIP,P1,56.61,Non,Non
STD_2026_0081,EMII,P2,51.68,Non,Non
STD_2026_0081,GCA,P2,59.12,Non,Non
STD_2026_0081,ICMP,P2,51.94,Non,Non
STD_2026_0081,ESIIA,P3,50.22,Non,Non
STD_2026_0081,IGGLIA,P3,82.65,Oui,Non
STD_2026_0081,IMTICIA,P3,81.22,Oui,Non
STD_2026_0081,ISAIA,P3,54.39,Non,Non
STD_2026_0081,TEE,P4,82.52,Oui,Non
STD_2026_0081,TEH,P4,80.67,Oui,Non
STD_2026_0081,CAA,P5,83.48,Oui,Non
STD_2026_0081,DTJA,P5,84.87,Oui,Non
STD_2026_0081,EMP,P5,79.78,Oui,Non
STD_2026_0081,FIC,P5,54.62,Non,Non
STD_2026_0082,AEE,P1,74.97,Sous condition,Non
STD_2026_0082,IAA,P1,42.14,Non,Non
STD_2026_0082,PIP,P1,57.71,Non,Oui
STD_2026_0082,EMII,P2,54.26,Non,Non
STD_2026_0082,GCA,P2,54.55,Non,Non
STD_2026_0082,ICMP,P2,50.65,Non,Non
STD_2026_0082,ESIIA,P3,51.62,Non,Non
STD_2026_0082,IGGLIA,P3,73.48,Sous condition,Non
STD_2026_0082,IMTICIA,P3,79.24,Oui,Non
STD_2026_0082,ISAIA,P3,47.25,Non,Non
STD_2026_0082,TEE,P4,77.32,Oui,Non
STD_2026_0082,TEH,P4,82.85,Oui,Non
STD_2026_0082,CAA,P5,77.76,Oui,Non
STD_2026_0082,DTJA,P5,75.59,Oui,Non
STD_2026_0082,EMP,P5,76.78,Oui,Non
STD_2026_0082,FIC,P5,53.73,Non,Non
STD_2026_0083,AEE,P1,73.91,Sous condition,Non
STD_2026_0083,IAA,P1,52.5,Non,Non
STD_2026_0083,PIP,P1,52.87,Non,Non
STD_2026_0083,EMII,P2,45.53,Non,Oui
STD_2026_0083,GCA,P2,44.17,Non,Non
STD_2026_0083,ICMP,P2,41.29,Non,Non
STD_2026_0083,ESIIA,P3,50.78,Non,Non
STD_2026_0083,IGGLIA,P3,75.37,Oui,Non
STD_2026_0083,IMTICIA,P3,79.77,Oui,Non
STD_2026_0083,ISAIA,P3,55.31,Non,Non
STD_2026_0083,TEE,P4,78.05,Oui,Non
STD_2026_0083,TEH,P4,82.2,Oui,Non
STD_2026_0083,CAA,P5,75.71,Oui,Non
STD_2026_0083,DTJA,P5,79.66,Oui,Non
STD_2026_0083,EMP,P5,74.63,Sous condition,Non
STD_2026_0083,FIC,P5,45.07,Non,Non
STD_2026_0084,AEE,P1,47.48,Non,Non
STD_2026_0084,IAA,P1,47.05,Non,Non
STD_2026_0084,PIP,P1,39.85,Non,Non
STD_2026_0084,EMII,P2,35.43,Non,Non
STD_2026_0084,GCA,P2,41.59,Non,Oui
STD_2026_0084,ICMP,P2,31.43,Non,Non
STD_2026_0084,ESIIA,P3,42.13,Non,Non
STD_2026_0084,IGGLIA,P3,40.72,Non,Non
STD_2026_0084,IMTICIA,P3,71.1,Sous condition,Non
STD_2026_0084,ISAIA,P3,46.79,Non,Non
STD_2026_0084,TEE,P4,79.38,Oui,Non
STD_2026_0084,TEH,P4,76.66,Oui,Non
STD_2026_0084,CAA,P5,69.05,Sous condition,Non
STD_2026_0084,DTJA,P5,76.26,Oui,Non
STD_2026_0084,EMP,P5,46.16,Non,Non
STD_2026_0084,FIC,P5,40.63,Non,Non
STD_2026_0085,AEE,P1,71.8,Sous condition,Non
STD_2026_0085,IAA,P1,80.28,Oui,Non
STD_2026_0085,PIP,P1,80.67,Oui,Non
STD_2026_0085,EMII,P2,77.91,Oui,Non
STD_2026_0085,GCA,P2,73.18,Sous condition,Non
STD_2026_0085,ICMP,P2,78.18,Oui,Oui
STD_2026_0085,ESIIA,P3,83.2,Oui,Non
STD_2026_0085,IGGLIA,P3,77.13,Oui,Non
STD_2026_0085,IMTICIA,P3,76.31,Oui,Non
STD_2026_0085,ISAIA,P3,72.04,Sous condition,Non
STD_2026_0085,TEE,P4,59.75,Non,Non
STD_2026_0085,TEH,P4,46.16,Non,Non
STD_2026_0085,CAA,P5,73.62,Sous condition,Non
STD_2026_0085,DTJA,P5,55.2,Non,Non
STD_2026_0085,EMP,P5,77.71,Oui,Non
STD_2026_0085,FIC,P5,71.6,Sous condition,Non
STD_2026_0086,AEE,P1,76.04,Oui,Non
STD_2026_0086,IAA,P1,82.43,Oui,Non
STD_2026_0086,PIP,P1,83.15,Oui,Non
STD_2026_0086,EMII,P2,80.04,Oui,Non
STD_2026_0086,GCA,P2,82.98,Oui,Non
STD_2026_0086,ICMP,P2,80.36,Oui,Non
STD_2026_0086,ESIIA,P3,54.83,Non,Oui
STD_2026_0086,IGGLIA,P3,78.72,Oui,Non
STD_2026_0086,IMTICIA,P3,79.16,Oui,Non
STD_2026_0086,ISAIA,P3,79.7,Oui,Non
STD_2026_0086,TEE,P4,80.57,Oui,Non
STD_2026_0086,TEH,P4,83.08,Oui,Non
STD_2026_0086,CAA,P5,81.36,Oui,Non
STD_2026_0086,DTJA,P5,75.38,Oui,Non
STD_2026_0086,EMP,P5,81.33,Oui,Non
STD_2026_0086,FIC,P5,73.98,Sous condition,Non
STD_2026_0087,AEE,P1,86.32,Oui,Non
STD_2026_0087,IAA,P1,87.42,Oui,Non
STD_2026_0087,PIP,P1,79.76,Oui,Non
STD_2026_0087,EMII,P2,81.37,Oui,Non
STD_2026_0087,GCA,P2,88.93,Oui,Non
STD_2026_0087,ICMP,P2,94.88,Oui,Non
STD_2026_0087,ESIIA,P3,82.08,Oui,Non
STD_2026_0087,IGGLIA,P3,79.7,Oui,Oui
STD_2026_0087,IMTICIA,P3,74.88,Sous condition,Non
STD_2026_0087,ISAIA,P3,82.89,Oui,Non
STD_2026_0087,TEE,P4,84.72,Oui,Non
STD_2026_0087,TEH,P4,50.94,Non,Non
STD_2026_0087,CAA,P5,73.74,Sous condition,Non
STD_2026_0087,DTJA,P5,57.28,Non,Non
STD_2026_0087,EMP,P5,74.04,Sous condition,Non
STD_2026_0087,FIC,P5,76.26,Oui,Non
STD_2026_0088,AEE,P1,59.13,Non,Non
STD_2026_0088,IAA,P1,62.38,Non,Non
STD_2026_0088,PIP,P1,54.35,Non,Non
STD_2026_0088,EMII,P2,57.13,Non,Non
STD_2026_0088,GCA,P2,52.53,Non,Non
STD_2026_0088,ICMP,P2,43.06,Non,Non
STD_2026_0088,ESIIA,P3,52.44,Non,Non
STD_2026_0088,IGGLIA,P3,83.8,Oui,Non
STD_2026_0088,IMTICIA,P3,82.78,Oui,Oui
STD_2026_0088,ISAIA,P3,85.11,Oui,Non
STD_2026_0088,TEE,P4,82.9,Oui,Non
STD_2026_0088,TEH,P4,86.89,Oui,Non
STD_2026_0088,CAA,P5,93.03,Oui,Non
STD_2026_0088,DTJA,P5,82.9,Oui,Non
STD_2026_0088,EMP,P5,82.93,Oui,Non
STD_2026_0088,FIC,P5,85.84,Oui,Non
STD_2026_0089,AEE,P1,57.2,Non,Non
STD_2026_0089,IAA,P1,76.41,Oui,Non
STD_2026_0089,PIP,P1,50.91,Non,Non
STD_2026_0089,EMII,P2,82.84,Oui,Non
STD_2026_0089,GCA,P2,75.25,Oui,Non
STD_2026_0089,ICMP,P2,90.97,Oui,Non
STD_2026_0089,ESIIA,P3,85.47,Oui,Non
STD_2026_0089,IGGLIA,P3,79.21,Oui,Non
STD_2026_0089,IMTICIA,P3,82.4,Oui,Non
STD_2026_0089,ISAIA,P3,57.78,Non,Oui
STD_2026_0089,TEE,P4,38.95,Non,Non
STD_2026_0089,TEH,P4,46.16,Non,Non
STD_2026_0089,CAA,P5,51.33,Non,Non
STD_2026_0089,DTJA,P5,49.65,Non,Non
STD_2026_0089,EMP,P5,50.53,Non,Non
STD_2026_0089,FIC,P5,53.05,Non,Non
STD_2026_0090,AEE,P1,73.05,Sous condition,Non
STD_2026_0090,IAA,P1,47.25,Non,Non
STD_2026_0090,PIP,P1,47.26,Non,Non
STD_2026_0090,EMII,P2,45.62,Non,Non
STD_2026_0090,GCA,P2,36.98,Non,Non
STD_2026_0090,ICMP,P2,46.9,Non,Non
STD_2026_0090,ESIIA,P3,46.91,Non,Non
STD_2026_0090,IGGLIA,P3,66.11,Sous condition,Non
STD_2026_0090,IMTICIA,P3,68.4,Sous condition,Non
STD_2026_0090,ISAIA,P3,47.69,Non,Non
STD_2026_0090,TEE,P4,65.81,Sous condition,Oui
STD_2026_0090,TEH,P4,74.6,Sous condition,Non
STD_2026_0090,CAA,P5,64.47,Sous condition,Non
STD_2026_0090,DTJA,P5,72.59,Sous condition,Non
STD_2026_0090,EMP,P5,65.03,Sous condition,Non
STD_2026_0090,FIC,P5,48.02,Non,Non
STD_2026_0091,AEE,P1,69.26,Sous condition,Non
STD_2026_0091,IAA,P1,46.32,Non,Non
STD_2026_0091,PIP,P1,49.74,Non,Non
STD_2026_0091,EMII,P2,45.99,Non,Non
STD_2026_0091,GCA,P2,46.52,Non,Non
STD_2026_0091,ICMP,P2,42.14,Non,Non
STD_2026_0091,ESIIA,P3,52.56,Non,Non
STD_2026_0091,IGGLIA,P3,77.29,Oui,Non
STD_2026_0091,IMTICIA,P3,80.46,Oui,Non
STD_2026_0091,ISAIA,P3,58.45,Non,Non
STD_2026_0091,TEE,P4,76.29,Oui,Non
STD_2026_0091,TEH,P4,85.15,Oui,Oui
STD_2026_0091,CAA,P5,79.65,Oui,Non
STD_2026_0091,DTJA,P5,85.91,Oui,Non
STD_2026_0091,EMP,P5,87.78,Oui,Non
STD_2026_0091,FIC,P5,51.45,Non,Non
STD_2026_0092,AEE,P1,76.93,Oui,Non
STD_2026_0092,IAA,P1,50.57,Non,Non
STD_2026_0092,PIP,P1,48.01,Non,Non
STD_2026_0092,EMII,P2,43.06,Non,Non
STD_2026_0092,GCA,P2,55.29,Non,Non
STD_2026_0092,ICMP,P2,50.26,Non,Non
STD_2026_0092,ESIIA,P3,39.85,Non,Non
STD_2026_0092,IGGLIA,P3,71.86,Sous condition,Non
STD_2026_0092,IMTICIA,P3,72.4,Sous condition,Non
STD_2026_0092,ISAIA,P3,46.61,Non,Non
STD_2026_0092,TEE,P4,72.36,Sous condition,Non
STD_2026_0092,TEH,P4,75.66,Oui,Non
STD_2026_0092,CAA,P5,76.44,Oui,Oui
STD_2026_0092,DTJA,P5,76.92,Oui,Non
STD_2026_0092,EMP,P5,66.92,Sous condition,Non
STD_2026_0092,FIC,P5,52.27,Non,Non
STD_2026_0093,AEE,P1,57.72,Non,Non
STD_2026_0093,IAA,P1,54.38,Non,Non
STD_2026_0093,PIP,P1,48.77,Non,Non
STD_2026_0093,EMII,P2,44.86,Non,Non
STD_2026_0093,GCA,P2,40.73,Non,Non
STD_2026_0093,ICMP,P2,40.47,Non,Non
STD_2026_0093,ESIIA,P3,41.52,Non,Non
STD_2026_0093,IGGLIA,P3,53.71,Non,Non
STD_2026_0093,IMTICIA,P3,74.75,Sous condition,Non
STD_2026_0093,ISAIA,P3,51.43,Non,Non
STD_2026_0093,TEE,P4,77.31,Oui,Non
STD_2026_0093,TEH,P4,77.35,Oui,Non
STD_2026_0093,CAA,P5,74.44,Sous condition,Non
STD_2026_0093,DTJA,P5,81.91,Oui,Oui
STD_2026_0093,EMP,P5,54.66,Non,Non
STD_2026_0093,FIC,P5,46.77,Non,Non
STD_2026_0094,AEE,P1,85.17,Oui,Non
STD_2026_0094,IAA,P1,83.03,Oui,Non
STD_2026_0094,PIP,P1,79.51,Oui,Non
STD_2026_0094,EMII,P2,78.89,Oui,Non
STD_2026_0094,GCA,P2,77.5,Oui,Non
STD_2026_0094,ICMP,P2,81.08,Oui,Non
STD_2026_0094,ESIIA,P3,77.31,Oui,Non
STD_2026_0094,IGGLIA,P3,76.19,Oui,Non
STD_2026_0094,IMTICIA,P3,83.78,Oui,Non
STD_2026_0094,ISAIA,P3,80.32,Oui,Non
STD_2026_0094,TEE,P4,58.27,Non,Non
STD_2026_0094,TEH,P4,50.33,Non,Non
STD_2026_0094,CAA,P5,77.06,Oui,Non
STD_2026_0094,DTJA,P5,51.0,Non,Non
STD_2026_0094,EMP,P5,76.1,Oui,Oui
STD_2026_0094,FIC,P5,84.51,Oui,Non
STD_2026_0095,AEE,P1,82.69,Oui,Non
STD_2026_0095,IAA,P1,82.37,Oui,Non
STD_2026_0095,PIP,P1,78.78,Oui,Non
STD_2026_0095,EMII,P2,85.02,Oui,Non
STD_2026_0095,GCA,P2,85.53,Oui,Non
STD_2026_0095,ICMP,P2,91.16,Oui,Non
STD_2026_0095,ESIIA,P3,58.95,Non,Non
STD_2026_0095,IGGLIA,P3,78.83,Oui,Non
STD_2026_0095,IMTICIA,P3,75.57,Oui,Non
STD_2026_0095,ISAIA,P3,76.26,Oui,Non
STD_2026_0095,TEE,P4,73.24,Sous condition,Non
STD_2026_0095,TEH,P4,72.23,Sous condition,Non
STD_2026_0095,CAA,P5,77.03,Oui,Non
STD_2026_0095,DTJA,P5,70.63,Sous condition,Non
STD_2026_0095,EMP,P5,76.69,Oui,Non
STD_2026_0095,FIC,P5,81.48,Oui,Oui
STD_2026_0096,AEE,P1,81.75,Oui,Oui
STD_2026_0096,IAA,P1,73.66,Sous condition,Non
STD_2026_0096,PIP,P1,74.39,Sous condition,Non
STD_2026_0096,EMII,P2,78.89,Oui,Non
STD_2026_0096,GCA,P2,68.3,Sous condition,Non
STD_2026_0096,ICMP,P2,77.62,Oui,Non
STD_2026_0096,ESIIA,P3,77.34,Oui,Non
STD_2026_0096,IGGLIA,P3,78.37,Oui,Non
STD_2026_0096,IMTICIA,P3,79.55,Oui,Non
STD_2026_0096,ISAIA,P3,80.22,Oui,Non
STD_2026_0096,TEE,P4,73.09,Sous condition,Non
STD_2026_0096,TEH,P4,47.03,Non,Non
STD_2026_0096,CAA,P5,76.62,Oui,Non
STD_2026_0096,DTJA,P5,53.19,Non,Non
STD_2026_0096,EMP,P5,76.45,Oui,Non
STD_2026_0096,FIC,P5,83.2,Oui,Non
STD_2026_0097,AEE,P1,55.47,Non,Non
STD_2026_0097,IAA,P1,57.47,Non,Oui
STD_2026_0097,PIP,P1,60.55,Non,Non
STD_2026_0097,EMII,P2,56.92,Non,Non
STD_2026_0097,GCA,P2,62.72,Non,Non
STD_2026_0097,ICMP,P2,62.87,Non,Non
STD_2026_0097,ESIIA,P3,60.38,Non,Non
STD_2026_0097,IGGLIA,P3,78.66,Oui,Non
STD_2026_0097,IMTICIA,P3,86.69,Oui,Non
STD_2026_0097,ISAIA,P3,76.2,Oui,Non
STD_2026_0097,TEE,P4,79.12,Oui,Non
STD_2026_0097,TEH,P4,89.33,Oui,Non
STD_2026_0097,CAA,P5,84.74,Oui,Non
STD_2026_0097,DTJA,P5,78.84,Oui,Non
STD_2026_0097,EMP,P5,85.88,Oui,Non
STD_2026_0097,FIC,P5,89.0,Oui,Non
STD_2026_0098,AEE,P1,55.9,Non,Non
STD_2026_0098,IAA,P1,83.9,Oui,Non
STD_2026_0098,PIP,P1,62.44,Non,Oui
STD_2026_0098,EMII,P2,82.64,Oui,Non
STD_2026_0098,GCA,P2,83.82,Oui,Non
STD_2026_0098,ICMP,P2,85.52,Oui,Non
STD_2026_0098,ESIIA,P3,86.42,Oui,Non
STD_2026_0098,IGGLIA,P3,86.9,Oui,Non
STD_2026_0098,IMTICIA,P3,82.6,Oui,Non
STD_2026_0098,ISAIA,P3,59.97,Non,Non
STD_2026_0098,TEE,P4,54.99,Non,Non
STD_2026_0098,TEH,P4,53.42,Non,Non
STD_2026_0098,CAA,P5,56.12,Non,Non
STD_2026_0098,DTJA,P5,55.32,Non,Non
STD_2026_0098,EMP,P5,55.72,Non,Non
STD_2026_0098,FIC,P5,55.37,Non,Non
STD_2026_0099,AEE,P1,73.88,Sous condition,Non
STD_2026_0099,IAA,P1,48.35,Non,Non
STD_2026_0099,PIP,P1,47.23,Non,Non
STD_2026_0099,EMII,P2,52.68,Non,Oui
STD_2026_0099,GCA,P2,51.16,Non,Non
STD_2026_0099,ICMP,P2,40.5,Non,Non
STD_2026_0099,ESIIA,P3,42.85,Non,Non
STD_2026_0099,IGGLIA,P3,70.75,Sous condition,Non
STD_2026_0099,IMTICIA,P3,73.45,Sous condition,Non
STD_2026_0099,ISAIA,P3,52.45,Non,Non
STD_2026_0099,TEE,P4,77.37,Oui,Non
STD_2026_0099,TEH,P4,76.39,Oui,Non
STD_2026_0099,CAA,P5,75.17,Oui,Non
STD_2026_0099,DTJA,P5,80.5,Oui,Non
STD_2026_0099,EMP,P5,75.72,Oui,Non
STD_2026_0099,FIC,P5,51.36,Non,Non
STD_2026_0100,AEE,P1,70.57,Sous condition,Non
STD_2026_0100,IAA,P1,47.63,Non,Non
STD_2026_0100,PIP,P1,48.27,Non,Non
STD_2026_0100,EMII,P2,51.19,Non,Non
STD_2026_0100,GCA,P2,47.98,Non,Oui
STD_2026_0100,ICMP,P2,41.76,Non,Non
STD_2026_0100,ESIIA,P3,51.51,Non,Non
STD_2026_0100,IGGLIA,P3,77.89,Oui,Non
STD_2026_0100,IMTICIA,P3,74.26,Sous condition,Non
STD_2026_0100,ISAIA,P3,49.84,Non,Non
STD_2026_0100,TEE,P4,76.99,Oui,Non
STD_2026_0100,TEH,P4,82.82,Oui,Non
STD_2026_0100,CAA,P5,82.87,Oui,Non
STD_2026_0100,DTJA,P5,87.8,Oui,Non
STD_2026_0100,EMP,P5,72.28,Sous condition,Non
STD_2026_0100,FIC,P5,51.5,Non,Non
STD_2026_0101,AEE,P1,76.29,Oui,Non
STD_2026_0101,IAA,P1,44.76,Non,Non
STD_2026_0101,PIP,P1,43.47,Non,Non
STD_2026_0101,EMII,P2,45.06,Non,Non
STD_2026_0101,GCA,P2,57.56,Non,Non
STD_2026_0101,ICMP,P2,38.19,Non,Oui
STD_2026_0101,ESIIA,P3,40.4,Non,Non
STD_2026_0101,IGGLIA,P3,73.46,Sous condition,Non
STD_2026_0101,IMTICIA,P3,77.82,Oui,Non
STD_2026_0101,ISAIA,P3,53.9,Non,Non
STD_2026_0101,TEE,P4,73.77,Sous condition,Non
STD_2026_0101,TEH,P4,80.6,Oui,Non
STD_2026_0101,CAA,P5,72.8,Sous condition,Non
STD_2026_0101,DTJA,P5,84.92,Oui,Non
STD_2026_0101,EMP,P5,82.38,Oui,Non
STD_2026_0101,FIC,P5,54.77,Non,Non
STD_2026_0102,AEE,P1,53.68,Non,Non
STD_2026_0102,IAA,P1,45.05,Non,Non
STD_2026_0102,PIP,P1,48.04,Non,Non
STD_2026_0102,EMII,P2,40.7,Non,Non
STD_2026_0102,GCA,P2,42.78,Non,Non
STD_2026_0102,ICMP,P2,33.45,Non,Non
STD_2026_0102,ESIIA,P3,40.44,Non,Oui
STD_2026_0102,IGGLIA,P3,53.59,Non,Non
STD_2026_0102,IMTICIA,P3,75.39,Oui,Non
STD_2026_0102,ISAIA,P3,46.26,Non,Non
STD_2026_0102,TEE,P4,78.65,Oui,Non
STD_2026_0102,TEH,P4,78.29,Oui,Non
STD_2026_0102,CAA,P5,71.87,Sous condition,Non
STD_2026_0102,DTJA,P5,79.57,Oui,Non
STD_2026_0102,EMP,P5,49.4,Non,Non
STD_2026_0102,FIC,P5,52.67,Non,Non
STD_2026_0103,AEE,P1,86.81,Oui,Non
STD_2026_0103,IAA,P1,81.86,Oui,Non
STD_2026_0103,PIP,P1,92.45,Oui,Non
STD_2026_0103,EMII,P2,92.16,Oui,Non
STD_2026_0103,GCA,P2,84.4,Oui,Non
STD_2026_0103,ICMP,P2,87.09,Oui,Non
STD_2026_0103,ESIIA,P3,89.43,Oui,Non
STD_2026_0103,IGGLIA,P3,88.72,Oui,Oui
STD_2026_0103,IMTICIA,P3,92.94,Oui,Non
STD_2026_0103,ISAIA,P3,89.93,Oui,Non
STD_2026_0103,TEE,P4,53.15,Non,Non
STD_2026_0103,TEH,P4,62.4,Non,Non
STD_2026_0103,CAA,P5,82.97,Oui,Non
STD_2026_0103,DTJA,P5,56.64,Non,Non
STD_2026_0103,EMP,P5,84.6,Oui,Non
STD_2026_0103,FIC,P5,88.84,Oui,Non
STD_2026_0104,AEE,P1,77.61,Oui,Non
STD_2026_0104,IAA,P1,76.91,Oui,Non
STD_2026_0104,PIP,P1,77.58,Oui,Non
STD_2026_0104,EMII,P2,82.68,Oui,Non
STD_2026_0104,GCA,P2,75.41,Oui,Non
STD_2026_0104,ICMP,P2,71.75,Sous condition,Non
STD_2026_0104,ESIIA,P3,49.14,Non,Non
STD_2026_0104,IGGLIA,P3,67.17,Sous condition,Non
STD_2026_0104,IMTICIA,P3,71.31,Sous condition,Oui
STD_2026_0104,ISAIA,P3,67.78,Sous condition,Non
STD_2026_0104,TEE,P4,78.47,Oui,Non
STD_2026_0104,TEH,P4,73.11,Sous condition,Non
STD_2026_0104,CAA,P5,73.01,Sous condition,Non
STD_2026_0104,DTJA,P5,75.69,Oui,Non
STD_2026_0104,EMP,P5,72.11,Sous condition,Non
STD_2026_0104,FIC,P5,64.19,Sous condition,Non
STD_2026_0105,AEE,P1,82.74,Oui,Non
STD_2026_0105,IAA,P1,87.25,Oui,Non
STD_2026_0105,PIP,P1,81.7,Oui,Non
STD_2026_0105,EMII,P2,80.57,Oui,Non
STD_2026_0105,GCA,P2,90.77,Oui,Non
STD_2026_0105,ICMP,P2,90.66,Oui,Non
STD_2026_0105,ESIIA,P3,82.45,Oui,Non
STD_2026_0105,IGGLIA,P3,76.61,Oui,Non
STD_2026_0105,IMTICIA,P3,78.37,Oui,Non
STD_2026_0105,ISAIA,P3,83.71,Oui,Oui
STD_2026_0105,TEE,P4,76.34,Oui,Non
STD_2026_0105,TEH,P4,48.59,Non,Non
STD_2026_0105,CAA,P5,82.8,Oui,Non
STD_2026_0105,DTJA,P5,52.73,Non,Non
STD_2026_0105,EMP,P5,79.28,Oui,Non
STD_2026_0105,FIC,P5,82.72,Oui,Non
STD_2026_0106,AEE,P1,51.42,Non,Non
STD_2026_0106,IAA,P1,54.71,Non,Non
STD_2026_0106,PIP,P1,54.88,Non,Non
STD_2026_0106,EMII,P2,57.04,Non,Non
STD_2026_0106,GCA,P2,54.46,Non,Non
STD_2026_0106,ICMP,P2,49.87,Non,Non
STD_2026_0106,ESIIA,P3,54.59,Non,Non
STD_2026_0106,IGGLIA,P3,77.05,Oui,Non
STD_2026_0106,IMTICIA,P3,77.87,Oui,Non
STD_2026_0106,ISAIA,P3,81.0,Oui,Non
STD_2026_0106,TEE,P4,75.75,Oui,Oui
STD_2026_0106,TEH,P4,78.81,Oui,Non
STD_2026_0106,CAA,P5,86.23,Oui,Non
STD_2026_0106,DTJA,P5,77.58,Oui,Non
STD_2026_0106,EMP,P5,75.32,Oui,Non
STD_2026_0106,FIC,P5,80.41,Oui,Non
STD_2026_0107,AEE,P1,53.18,Non,Non
STD_2026_0107,IAA,P1,78.43,Oui,Non
STD_2026_0107,PIP,P1,50.62,Non,Non
STD_2026_0107,EMII,P2,83.26,Oui,Non
STD_2026_0107,GCA,P2,72.94,Sous condition,Non
STD_2026_0107,ICMP,P2,84.7,Oui,Non
STD_2026_0107,ESIIA,P3,82.66,Oui,Non
STD_2026_0107,IGGLIA,P3,82.32,Oui,Non
STD_2026_0107,IMTICIA,P3,82.42,Oui,Non
STD_2026_0107,ISAIA,P3,52.03,Non,Non
STD_2026_0107,TEE,P4,50.35,Non,Non
STD_2026_0107,TEH,P4,47.85,Non,Oui
STD_2026_0107,CAA,P5,58.39,Non,Non
STD_2026_0107,DTJA,P5,48.94,Non,Non
STD_2026_0107,EMP,P5,53.32,Non,Non
STD_2026_0107,FIC,P5,54.78,Non,Non
STD_2026_0108,AEE,P1,69.17,Sous condition,Non
STD_2026_0108,IAA,P1,49.76,Non,Non
STD_2026_0108,PIP,P1,48.57,Non,Non
STD_2026_0108,EMII,P2,46.06,Non,Non
STD_2026_0108,GCA,P2,51.94,Non,Non
STD_2026_0108,ICMP,P2,44.76,Non,Non
STD_2026_0108,ESIIA,P3,42.3,Non,Non
STD_2026_0108,IGGLIA,P3,72.64,Sous condition,Non
STD_2026_0108,IMTICIA,P3,75.45,Oui,Non
STD_2026_0108,ISAIA,P3,51.58,Non,Non
STD_2026_0108,TEE,P4,83.26,Oui,Non
STD_2026_0108,TEH,P4,83.77,Oui,Non
STD_2026_0108,CAA,P5,74.54,Sous condition,Oui
STD_2026_0108,DTJA,P5,76.34,Oui,Non
STD_2026_0108,EMP,P5,68.47,Sous condition,Non
STD_2026_0108,FIC,P5,45.81,Non,Non
STD_2026_0109,AEE,P1,81.0,Oui,Non
STD_2026_0109,IAA,P1,56.38,Non,Non
STD_2026_0109,PIP,P1,55.77,Non,Non
STD_2026_0109,EMII,P2,51.86,Non,Non
STD_2026_0109,GCA,P2,54.4,Non,Non
STD_2026_0109,ICMP,P2,45.3,Non,Non
STD_2026_0109,ESIIA,P3,52.28,Non,Non
STD_2026_0109,IGGLIA,P3,81.27,Oui,Non
STD_2026_0109,IMTICIA,P3,73.27,Sous condition,Non
STD_2026_0109,ISAIA,P3,49.21,Non,Non
STD_2026_0109,TEE,P4,85.92,Oui,Non
STD_2026_0109,TEH,P4,77.9,Oui,Non
STD_2026_0109,CAA,P5,72.94,Sous condition,Non
STD_2026_0109,DTJA,P5,75.84,Oui,Oui
STD_2026_0109,EMP,P5,72.14,Sous condition,Non
STD_2026_0109,FIC,P5,48.48,Non,Non
STD_2026_0110,AEE,P1,76.7,Oui,Non
STD_2026_0110,IAA,P1,50.98,Non,Non
STD_2026_0110,PIP,P1,54.72,Non,Non
STD_2026_0110,EMII,P2,51.66,Non,Non
STD_2026_0110,GCA,P2,42.23,Non,Non
STD_2026_0110,ICMP,P2,48.74,Non,Non
STD_2026_0110,ESIIA,P3,51.35,Non,Non
STD_2026_0110,IGGLIA,P3,78.97,Oui,Non
STD_2026_0110,IMTICIA,P3,75.9,Oui,Non
STD_2026_0110,ISAIA,P3,50.78,Non,Non
STD_2026_0110,TEE,P4,77.8,Oui,Non
STD_2026_0110,TEH,P4,74.58,Sous condition,Non
STD_2026_0110,CAA,P5,74.9,Sous condition,Non
STD_2026_0110,DTJA,P5,78.47,Oui,Non
STD_2026_0110,EMP,P5,73.33,Sous condition,Oui
STD_2026_0110,FIC,P5,47.67,Non,Non
STD_2026_0111,AEE,P1,57.1,Non,Non
STD_2026_0111,IAA,P1,58.74,Non,Non
STD_2026_0111,PIP,P1,55.09,Non,Non
STD_2026_0111,EMII,P2,57.54,Non,Non
STD_2026_0111,GCA,P2,44.98,Non,Non
STD_2026_0111,ICMP,P2,47.31,Non,Non
STD_2026_0111,ESIIA,P3,56.14,Non,Non
STD_2026_0111,IGGLIA,P3,55.59,Non,Non
STD_2026_0111,IMTICIA,P3,83.62,Oui,Non
STD_2026_0111,ISAIA,P3,55.18,Non,Non
STD_2026_0111,TEE,P4,88.33,Oui,Non
STD_2026_0111,TEH,P4,89.58,Oui,Non
STD_2026_0111,CAA,P5,83.03,Oui,Non
STD_2026_0111,DTJA,P5,75.68,Oui,Non
STD_2026_0111,EMP,P5,54.3,Non,Non
STD_2026_0111,FIC,P5,49.44,Non,Oui
STD_2026_0112,AEE,P1,83.48,Oui,Oui
STD_2026_0112,IAA,P1,84.09,Oui,Non
STD_2026_0112,PIP,P1,79.07,Oui,Non
STD_2026_0112,EMII,P2,80.02,Oui,Non
STD_2026_0112,GCA,P2,73.9,Sous condition,Non
STD_2026_0112,ICMP,P2,86.77,Oui,Non
STD_2026_0112,ESIIA,P3,69.96,Sous condition,Non
STD_2026_0112,IGGLIA,P3,77.03,Oui,Non
STD_2026_0112,IMTICIA,P3,80.19,Oui,Non
STD_2026_0112,ISAIA,P3,72.8,Sous condition,Non
STD_2026_0112,TEE,P4,56.2,Non,Non
STD_2026_0112,TEH,P4,51.23,Non,Non
STD_2026_0112,CAA,P5,79.21,Oui,Non
STD_2026_0112,DTJA,P5,53.35,Non,Non
STD_2026_0112,EMP,P5,79.28,Oui,Non
STD_2026_0112,FIC,P5,78.17,Oui,Non
STD_2026_0113,AEE,P1,81.97,Oui,Non
STD_2026_0113,IAA,P1,81.41,Oui,Oui
STD_2026_0113,PIP,P1,82.87,Oui,Non
STD_2026_0113,EMII,P2,83.92,Oui,Non
STD_2026_0113,GCA,P2,86.39,Oui,Non
STD_2026_0113,ICMP,P2,80.74,Oui,Non
STD_2026_0113,ESIIA,P3,58.1,Non,Non
STD_2026_0113,IGGLIA,P3,87.23,Oui,Non
STD_2026_0113,IMTICIA,P3,79.98,Oui,Non
STD_2026_0113,ISAIA,P3,80.94,Oui,Non
STD_2026_0113,TEE,P4,74.82,Sous condition,Non
STD_2026_0113,TEH,P4,78.2,Oui,Non
STD_2026_0113,CAA,P5,83.75,Oui,Non
STD_2026_0113,DTJA,P5,74.42,Sous condition,Non
STD_2026_0113,EMP,P5,82.7,Oui,Non
STD_2026_0113,FIC,P5,88.64,Oui,Non
STD_2026_0114,AEE,P1,72.39,Sous condition,Non
STD_2026_0114,IAA,P1,74.55,Sous condition,Non
STD_2026_0114,PIP,P1,74.53,Sous condition,Oui
STD_2026_0114,EMII,P2,69.96,Sous condition,Non
STD_2026_0114,GCA,P2,71.33,Sous condition,Non
STD_2026_0114,ICMP,P2,74.52,Sous condition,Non
STD_2026_0114,ESIIA,P3,75.15,Oui,Non
STD_2026_0114,IGGLIA,P3,75.25,Oui,Non
STD_2026_0114,IMTICIA,P3,76.4,Oui,Non
STD_2026_0114,ISAIA,P3,72.67,Sous condition,Non
STD_2026_0114,TEE,P4,80.82,Oui,Non
STD_2026_0114,TEH,P4,47.21,Non,Non
STD_2026_0114,CAA,P5,74.12,Sous condition,Non
STD_2026_0114,DTJA,P5,46.33,Non,Non
STD_2026_0114,EMP,P5,77.27,Oui,Non
STD_2026_0114,FIC,P5,74.75,Sous condition,Non
STD_2026_0115,AEE,P1,46.67,Non,Non
STD_2026_0115,IAA,P1,41.44,Non,Non
STD_2026_0115,PIP,P1,44.98,Non,Non
STD_2026_0115,EMII,P2,37.59,Non,Oui
STD_2026_0115,GCA,P2,40.64,Non,Non
STD_2026_0115,ICMP,P2,51.5,Non,Non
STD_2026_0115,ESIIA,P3,40.36,Non,Non
STD_2026_0115,IGGLIA,P3,64.11,Sous condition,Non
STD_2026_0115,IMTICIA,P3,65.37,Sous condition,Non
STD_2026_0115,ISAIA,P3,70.09,Sous condition,Non
STD_2026_0115,TEE,P4,68.13,Sous condition,Non
STD_2026_0115,TEH,P4,73.51,Sous condition,Non
STD_2026_0115,CAA,P5,74.68,Sous condition,Non
STD_2026_0115,DTJA,P5,69.7,Sous condition,Non
STD_2026_0115,EMP,P5,73.12,Sous condition,Non
STD_2026_0115,FIC,P5,76.99,Oui,Non
STD_2026_0116,AEE,P1,45.83,Non,Non
STD_2026_0116,IAA,P1,67.67,Sous condition,Non
STD_2026_0116,PIP,P1,52.49,Non,Non
STD_2026_0116,EMII,P2,77.45,Oui,Non
STD_2026_0116,GCA,P2,82.22,Oui,Oui
STD_2026_0116,ICMP,P2,86.71,Oui,Non
STD_2026_0116,ESIIA,P3,74.54,Sous condition,Non
STD_2026_0116,IGGLIA,P3,75.55,Oui,Non
STD_2026_0116,IMTICIA,P3,79.27,Oui,Non
STD_2026_0116,ISAIA,P3,50.88,Non,Non
STD_2026_0116,TEE,P4,48.92,Non,Non
STD_2026_0116,TEH,P4,43.77,Non,Non
STD_2026_0116,CAA,P5,49.86,Non,Non
STD_2026_0116,DTJA,P5,41.37,Non,Non
STD_2026_0116,EMP,P5,48.03,Non,Non
STD_2026_0116,FIC,P5,51.58,Non,Non
STD_2026_0117,AEE,P1,76.72,Oui,Non
STD_2026_0117,IAA,P1,48.69,Non,Non
STD_2026_0117,PIP,P1,45.63,Non,Non
STD_2026_0117,EMII,P2,48.59,Non,Non
STD_2026_0117,GCA,P2,47.26,Non,Non
STD_2026_0117,ICMP,P2,46.05,Non,Oui
STD_2026_0117,ESIIA,P3,51.49,Non,Non
STD_2026_0117,IGGLIA,P3,76.31,Oui,Non
STD_2026_0117,IMTICIA,P3,79.07,Oui,Non
STD_2026_0117,ISAIA,P3,50.4,Non,Non
STD_2026_0117,TEE,P4,77.56,Oui,Non
STD_2026_0117,TEH,P4,81.56,Oui,Non
STD_2026_0117,CAA,P5,78.04,Oui,Non
STD_2026_0117,DTJA,P5,75.08,Oui,Non
STD_2026_0117,EMP,P5,80.22,Oui,Non
STD_2026_0117,FIC,P5,51.21,Non,Non
STD_2026_0118,AEE,P1,80.52,Oui,Non
STD_2026_0118,IAA,P1,48.7,Non,Non
STD_2026_0118,PIP,P1,50.39,Non,Non
STD_2026_0118,EMII,P2,49.9,Non,Non
STD_2026_0118,GCA,P2,41.47,Non,Non
STD_2026_0118,ICMP,P2,46.09,Non,Non
STD_2026_0118,ESIIA,P3,49.17,Non,Oui
STD_2026_0118,IGGLIA,P3,75.47,Oui,Non
STD_2026_0118,IMTICIA,P3,82.34,Oui,Non
STD_2026_0118,ISAIA,P3,52.68,Non,Non
STD_2026_0118,TEE,P4,86.58,Oui,Non
STD_2026_0118,TEH,P4,79.39,Oui,Non
STD_2026_0118,CAA,P5,74.63,Sous condition,Non
STD_2026_0118,DTJA,P5,86.04,Oui,Non
STD_2026_0118,EMP,P5,81.39,Oui,Non
STD_2026_0118,FIC,P5,45.83,Non,Non
STD_2026_0119,AEE,P1,78.24,Oui,Non
STD_2026_0119,IAA,P1,53.98,Non,Non
STD_2026_0119,PIP,P1,55.37,Non,Non
STD_2026_0119,EMII,P2,57.77,Non,Non
STD_2026_0119,GCA,P2,49.66,Non,Non
STD_2026_0119,ICMP,P2,56.01,Non,Non
STD_2026_0119,ESIIA,P3,53.7,Non,Non
STD_2026_0119,IGGLIA,P3,83.99,Oui,Oui
STD_2026_0119,IMTICIA,P3,80.48,Oui,Non
STD_2026_0119,ISAIA,P3,59.59,Non,Non
STD_2026_0119,TEE,P4,77.55,Oui,Non
STD_2026_0119,TEH,P4,79.53,Oui,Non
STD_2026_0119,CAA,P5,78.15,Oui,Non
STD_2026_0119,DTJA,P5,73.59,Sous condition,Non
STD_2026_0119,EMP,P5,79.33,Oui,Non
STD_2026_0119,FIC,P5,55.45,Non,Non
STD_2026_0120,AEE,P1,48.09,Non,Non
STD_2026_0120,IAA,P1,53.32,Non,Non
STD_2026_0120,PIP,P1,50.29,Non,Non
STD_2026_0120,EMII,P2,44.31,Non,Non
STD_2026_0120,GCA,P2,35.27,Non,Non
STD_2026_0120,ICMP,P2,30.31,Non,Non
STD_2026_0120,ESIIA,P3,50.64,Non,Non
STD_2026_0120,IGGLIA,P3,57.87,Non,Non
STD_2026_0120,IMTICIA,P3,81.24,Oui,Oui
STD_2026_0120,ISAIA,P3,48.58,Non,Non
STD_2026_0120,TEE,P4,80.07,Oui,Non
STD_2026_0120,TEH,P4,76.88,Oui,Non
STD_2026_0120,CAA,P5,77.6,Oui,Non
STD_2026_0120,DTJA,P5,75.06,Oui,Non
STD_2026_0120,EMP,P5,55.71,Non,Non
STD_2026_0120,FIC,P5,50.34,Non,Non
STD_2026_0121,AEE,P1,88.63,Oui,Non
STD_2026_0121,IAA,P1,81.44,Oui,Non
STD_2026_0121,PIP,P1,87.03,Oui,Non
STD_2026_0121,EMII,P2,77.78,Oui,Non
STD_2026_0121,GCA,P2,85.31,Oui,Non
STD_2026_0121,ICMP,P2,92.75,Oui,Non
STD_2026_0121,ESIIA,P3,84.49,Oui,Non
STD_2026_0121,IGGLIA,P3,77.81,Oui,Non
STD_2026_0121,IMTICIA,P3,83.53,Oui,Non
STD_2026_0121,ISAIA,P3,78.5,Oui,Oui
STD_2026_0121,TEE,P4,49.6,Non,Non
STD_2026_0121,TEH,P4,44.13,Non,Non
STD_2026_0121,CAA,P5,83.34,Oui,Non
STD_2026_0121,DTJA,P5,52.04,Non,Non
STD_2026_0121,EMP,P5,72.55,Sous condition,Non
STD_2026_0121,FIC,P5,84.46,Oui,Non
STD_2026_0122,AEE,P1,83.69,Oui,Non
STD_2026_0122,IAA,P1,81.95,Oui,Non
STD_2026_0122,PIP,P1,82.03,Oui,Non
STD_2026_0122,EMII,P2,89.41,Oui,Non
STD_2026_0122,GCA,P2,89.59,Oui,Non
STD_2026_0122,ICMP,P2,87.8,Oui,Non
STD_2026_0122,ESIIA,P3,67.57,Non,Non
STD_2026_0122,IGGLIA,P3,80.59,Oui,Non
STD_2026_0122,IMTICIA,P3,82.6,Oui,Non
STD_2026_0122,ISAIA,P3,80.24,Oui,Non
STD_2026_0122,TEE,P4,78.61,Oui,Oui
STD_2026_0122,TEH,P4,82.67,Oui,Non
STD_2026_0122,CAA,P5,82.67,Oui,Non
STD_2026_0122,DTJA,P5,84.7,Oui,Non
STD_2026_0122,EMP,P5,79.01,Oui,Non
STD_2026_0122,FIC,P5,79.88,Oui,Non
STD_2026_0123,AEE,P1,83.23,Oui,Non
STD_2026_0123,IAA,P1,86.07,Oui,Non
STD_2026_0123,PIP,P1,86.12,Oui,Non
STD_2026_0123,EMII,P2,91.31,Oui,Non
STD_2026_0123,GCA,P2,82.84,Oui,Non
STD_2026_0123,ICMP,P2,93.25,Oui,Non
STD_2026_0123,ESIIA,P3,91.79,Oui,Non
STD_2026_0123,IGGLIA,P3,84.99,Oui,Non
STD_2026_0123,IMTICIA,P3,78.57,Oui,Non
STD_2026_0123,ISAIA,P3,81.45,Oui,Non
STD_2026_0123,TEE,P4,79.28,Oui,Non
STD_2026_0123,TEH,P4,53.48,Non,Oui
STD_2026_0123,CAA,P5,78.4,Oui,Non
STD_2026_0123,DTJA,P5,49.16,Non,Non
STD_2026_0123,EMP,P5,80.32,Oui,Non
STD_2026_0123,FIC,P5,80.1,Oui,Non
STD_2026_0124,AEE,P1,52.28,Non,Non
STD_2026_0124,IAA,P1,57.47,Non,Non
STD_2026_0124,PIP,P1,51.56,Non,Non
STD_2026_0124,EMII,P2,51.75,Non,Non
STD_2026_0124,GCA,P2,50.16,Non,Non
STD_2026_0124,ICMP,P2,55.48,Non,Non
STD_2026_0124,ESIIA,P3,54.32,Non,Non
STD_2026_0124,IGGLIA,P3,77.45,Oui,Non
STD_2026_0124,IMTICIA,P3,75.45,Oui,Non
STD_2026_0124,ISAIA,P3,76.91,Oui,Non
STD_2026_0124,TEE,P4,75.71,Oui,Non
STD_2026_0124,TEH,P4,77.52,Oui,Non
STD_2026_0124,CAA,P5,77.75,Oui,Oui
STD_2026_0124,DTJA,P5,70.28,Sous condition,Non
STD_2026_0124,EMP,P5,77.95,Oui,Non
STD_2026_0124,FIC,P5,81.73,Oui,Non
STD_2026_0125,AEE,P1,42.94,Non,Non
STD_2026_0125,IAA,P1,59.49,Sous condition,Non
STD_2026_0125,PIP,P1,44.33,Non,Non
STD_2026_0125,EMII,P2,81.88,Oui,Non
STD_2026_0125,GCA,P2,82.8,Oui,Non
STD_2026_0125,ICMP,P2,88.11,Oui,Non
STD_2026_0125,ESIIA,P3,73.72,Sous condition,Non
STD_2026_0125,IGGLIA,P3,66.35,Sous condition,Non
STD_2026_0125,IMTICIA,P3,74.34,Sous condition,Non
STD_2026_0125,ISAIA,P3,41.33,Non,Non
STD_2026_0125,TEE,P4,31.94,Non,Non
STD_2026_0125,TEH,P4,27.86,Non,Non
STD_2026_0125,CAA,P5,44.0,Non,Non
STD_2026_0125,DTJA,P5,38.43,Non,Oui
STD_2026_0125,EMP,P5,39.55,Non,Non
STD_2026_0125,FIC,P5,39.8,Non,Non
STD_2026_0126,AEE,P1,76.11,Oui,Non
STD_2026_0126,IAA,P1,55.25,Non,Non
STD_2026_0126,PIP,P1,57.76,Non,Non
STD_2026_0126,EMII,P2,48.35,Non,Non
STD_2026_0126,GCA,P2,45.82,Non,Non
STD_2026_0126,ICMP,P2,49.4,Non,Non
STD_2026_0126,ESIIA,P3,52.01,Non,Non
STD_2026_0126,IGGLIA,P3,80.31,Oui,Non
STD_2026_0126,IMTICIA,P3,76.08,Oui,Non
STD_2026_0126,ISAIA,P3,55.58,Non,Non
STD_2026_0126,TEE,P4,79.89,Oui,Non
STD_2026_0126,TEH,P4,77.85,Oui,Non
STD_2026_0126,CAA,P5,81.02,Oui,Non
STD_2026_0126,DTJA,P5,76.34,Oui,Non
STD_2026_0126,EMP,P5,78.66,Oui,Oui
STD_2026_0126,FIC,P5,53.97,Non,Non
STD_2026_0127,AEE,P1,70.37,Sous condition,Non
STD_2026_0127,IAA,P1,48.27,Non,Non
STD_2026_0127,PIP,P1,48.3,Non,Non
STD_2026_0127,EMII,P2,47.77,Non,Non
STD_2026_0127,GCA,P2,46.44,Non,Non
STD_2026_0127,ICMP,P2,39.39,Non,Non
STD_2026_0127,ESIIA,P3,45.89,Non,Non
STD_2026_0127,IGGLIA,P3,73.6,Sous condition,Non
STD_2026_0127,IMTICIA,P3,71.75,Sous condition,Non
STD_2026_0127,ISAIA,P3,50.32,Non,Non
STD_2026_0127,TEE,P4,76.72,Oui,Non
STD_2026_0127,TEH,P4,72.94,Sous condition,Non
STD_2026_0127,CAA,P5,69.99,Sous condition,Non
STD_2026_0127,DTJA,P5,82.16,Oui,Non
STD_2026_0127,EMP,P5,70.08,Sous condition,Non
STD_2026_0127,FIC,P5,50.72,Non,Oui
STD_2026_0128,AEE,P1,68.03,Sous condition,Oui
STD_2026_0128,IAA,P1,44.39,Non,Non
STD_2026_0128,PIP,P1,45.24,Non,Non
STD_2026_0128,EMII,P2,40.02,Non,Non
STD_2026_0128,GCA,P2,41.21,Non,Non
STD_2026_0128,ICMP,P2,39.59,Non,Non
STD_2026_0128,ESIIA,P3,36.14,Non,Non
STD_2026_0128,IGGLIA,P3,70.12,Sous condition,Non
STD_2026_0128,IMTICIA,P3,65.03,Sous condition,Non
STD_2026_0128,ISAIA,P3,41.06,Non,Non
STD_2026_0128,TEE,P4,73.6,Sous condition,Non
STD_2026_0128,TEH,P4,73.33,Sous condition,Non
STD_2026_0128,CAA,P5,67.78,Sous condition,Non
STD_2026_0128,DTJA,P5,72.88,Sous condition,Non
STD_2026_0128,EMP,P5,71.73,Sous condition,Non
STD_2026_0128,FIC,P5,42.08,Non,Non
STD_2026_0129,AEE,P1,41.24,Non,Non
STD_2026_0129,IAA,P1,38.0,Non,Oui
STD_2026_0129,PIP,P1,36.9,Non,Non
STD_2026_0129,EMII,P2,35.36,Non,Non
STD_2026_0129,GCA,P2,40.57,Non,Non
STD_2026_0129,ICMP,P2,24.86,Non,Non
STD_2026_0129,ESIIA,P3,29.96,Non,Non
STD_2026_0129,IGGLIA,P3,40.55,Non,Non
STD_2026_0129,IMTICIA,P3,65.02,Sous condition,Non
STD_2026_0129,ISAIA,P3,38.02,Non,Non
STD_2026_0129,TEE,P4,69.41,Sous condition,Non
STD_2026_0129,TEH,P4,72.31,Sous condition,Non
STD_2026_0129,CAA,P5,64.77,Sous condition,Non
STD_2026_0129,DTJA,P5,75.46,Oui,Non
STD_2026_0129,EMP,P5,36.49,Non,Non
STD_2026_0129,FIC,P5,38.85,Non,Non
STD_2026_0130,AEE,P1,81.52,Oui,Non
STD_2026_0130,IAA,P1,78.25,Oui,Non
STD_2026_0130,PIP,P1,71.06,Sous condition,Oui
STD_2026_0130,EMII,P2,81.7,Oui,Non
STD_2026_0130,GCA,P2,86.22,Oui,Non
STD_2026_0130,ICMP,P2,89.73,Oui,Non
STD_2026_0130,ESIIA,P3,84.58,Oui,Non
STD_2026_0130,IGGLIA,P3,73.41,Sous condition,Non
STD_2026_0130,IMTICIA,P3,76.09,Oui,Non
STD_2026_0130,ISAIA,P3,74.46,Sous condition,Non
STD_2026_0130,TEE,P4,48.13,Non,Non
STD_2026_0130,TEH,P4,49.63,Non,Non
STD_2026_0130,CAA,P5,69.94,Sous condition,Non
STD_2026_0130,DTJA,P5,41.68,Non,Non
STD_2026_0130,EMP,P5,77.83,Oui,Non
STD_2026_0130,FIC,P5,70.63,Sous condition,Non
STD_2026_0131,AEE,P1,85.53,Oui,Non
STD_2026_0131,IAA,P1,81.06,Oui,Non
STD_2026_0131,PIP,P1,80.93,Oui,Non
STD_2026_0131,EMII,P2,84.29,Oui,Oui
STD_2026_0131,GCA,P2,79.18,Oui,Non
STD_2026_0131,ICMP,P2,85.62,Oui,Non
STD_2026_0131,ESIIA,P3,52.59,Non,Non
STD_2026_0131,IGGLIA,P3,75.88,Oui,Non
STD_2026_0131,IMTICIA,P3,84.33,Oui,Non
STD_2026_0131,ISAIA,P3,72.66,Sous condition,Non
STD_2026_0131,TEE,P4,79.2,Oui,Non
STD_2026_0131,TEH,P4,79.29,Oui,Non
STD_2026_0131,CAA,P5,82.54,Oui,Non
STD_2026_0131,DTJA,P5,76.57,Oui,Non
STD_2026_0131,EMP,P5,73.16,Sous condition,Non
STD_2026_0131,FIC,P5,84.47,Oui,Non
STD_2026_0132,AEE,P1,82.85,Oui,Non
STD_2026_0132,IAA,P1,81.22,Oui,Non
STD_2026_0132,PIP,P1,85.9,Oui,Non
STD_2026_0132,EMII,P2,85.36,Oui,Non
STD_2026_0132,GCA,P2,82.98,Oui,Oui
STD_2026_0132,ICMP,P2,87.61,Oui,Non
STD_2026_0132,ESIIA,P3,88.49,Oui,Non
STD_2026_0132,IGGLIA,P3,73.49,Sous condition,Non
STD_2026_0132,IMTICIA,P3,79.6,Oui,Non
STD_2026_0132,ISAIA,P3,78.0,Oui,Non
STD_2026_0132,TEE,P4,77.62,Oui,Non
STD_2026_0132,TEH,P4,55.67,Non,Non
STD_2026_0132,CAA,P5,80.59,Oui,Non
STD_2026_0132,DTJA,P5,52.38,Non,Non
STD_2026_0132,EMP,P5,76.07,Oui,Non
STD_2026_0132,FIC,P5,79.81,Oui,Non
STD_2026_0133,AEE,P1,47.43,Non,Non
STD_2026_0133,IAA,P1,56.26,Non,Non
STD_2026_0133,PIP,P1,54.24,Non,Non
STD_2026_0133,EMII,P2,55.98,Non,Non
STD_2026_0133,GCA,P2,59.05,Non,Non
STD_2026_0133,ICMP,P2,60.34,Non,Oui
STD_2026_0133,ESIIA,P3,55.67,Non,Non
STD_2026_0133,IGGLIA,P3,80.3,Oui,Non
STD_2026_0133,IMTICIA,P3,77.95,Oui,Non
STD_2026_0133,ISAIA,P3,81.95,Oui,Non
STD_2026_0133,TEE,P4,81.19,Oui,Non
STD_2026_0133,TEH,P4,84.3,Oui,Non
STD_2026_0133,CAA,P5,78.65,Oui,Non
STD_2026_0133,DTJA,P5,80.9,Oui,Non
STD_2026_0133,EMP,P5,78.56,Oui,Non
STD_2026_0133,FIC,P5,79.07,Oui,Non
STD_2026_0134,AEE,P1,59.67,Non,Non
STD_2026_0134,IAA,P1,80.97,Oui,Non
STD_2026_0134,PIP,P1,58.51,Non,Non
STD_2026_0134,EMII,P2,83.72,Oui,Non
STD_2026_0134,GCA,P2,77.81,Oui,Non
STD_2026_0134,ICMP,P2,86.25,Oui,Non
STD_2026_0134,ESIIA,P3,80.35,Oui,Oui
STD_2026_0134,IGGLIA,P3,74.48,Sous condition,Non
STD_2026_0134,IMTICIA,P3,89.57,Oui,Non
STD_2026_0134,ISAIA,P3,56.26,Non,Non
STD_2026_0134,TEE,P4,53.8,Non,Non
STD_2026_0134,TEH,P4,53.33,Non,Non
STD_2026_0134,CAA,P5,49.52,Non,Non
STD_2026_0134,DTJA,P5,56.01,Non,Non
STD_2026_0134,EMP,P5,57.66,Non,Non
STD_2026_0134,FIC,P5,59.57,Non,Non
STD_2026_0135,AEE,P1,79.41,Oui,Non
STD_2026_0135,IAA,P1,46.49,Non,Non
STD_2026_0135,PIP,P1,51.14,Non,Non
STD_2026_0135,EMII,P2,45.57,Non,Non
STD_2026_0135,GCA,P2,43.38,Non,Non
STD_2026_0135,ICMP,P2,39.0,Non,Non
STD_2026_0135,ESIIA,P3,49.95,Non,Non
STD_2026_0135,IGGLIA,P3,82.59,Oui,Oui
STD_2026_0135,IMTICIA,P3,76.66,Oui,Non
STD_2026_0135,ISAIA,P3,52.3,Non,Non
STD_2026_0135,TEE,P4,74.81,Sous condition,Non
STD_2026_0135,TEH,P4,88.89,Oui,Non
STD_2026_0135,CAA,P5,74.17,Sous condition,Non
STD_2026_0135,DTJA,P5,81.69,Oui,Non
STD_2026_0135,EMP,P5,77.68,Oui,Non
STD_2026_0135,FIC,P5,54.2,Non,Non
STD_2026_0136,AEE,P1,71.09,Sous condition,Non
STD_2026_0136,IAA,P1,50.03,Non,Non
STD_2026_0136,PIP,P1,45.23,Non,Non
STD_2026_0136,EMII,P2,41.38,Non,Non
STD_2026_0136,GCA,P2,40.99,Non,Non
STD_2026_0136,ICMP,P2,42.83,Non,Non
STD_2026_0136,ESIIA,P3,43.27,Non,Non
STD_2026_0136,IGGLIA,P3,69.4,Sous condition,Non
STD_2026_0136,IMTICIA,P3,69.87,Sous condition,Oui
STD_2026_0136,ISAIA,P3,40.45,Non,Non
STD_2026_0136,TEE,P4,75.06,Oui,Non
STD_2026_0136,TEH,P4,77.85,Oui,Non
STD_2026_0136,CAA,P5,71.14,Sous condition,Non
STD_2026_0136,DTJA,P5,86.2,Oui,Non
STD_2026_0136,EMP,P5,70.49,Sous condition,Non
STD_2026_0136,FIC,P5,43.73,Non,Non
STD_2026_0137,AEE,P1,65.1,Sous condition,Non
STD_2026_0137,IAA,P1,52.02,Non,Non
STD_2026_0137,PIP,P1,54.29,Non,Non
STD_2026_0137,EMII,P2,45.31,Non,Non
STD_2026_0137,GCA,P2,46.35,Non,Non
STD_2026_0137,ICMP,P2,46.55,Non,Non
STD_2026_0137,ESIIA,P3,49.22,Non,Non
STD_2026_0137,IGGLIA,P3,76.07,Oui,Non
STD_2026_0137,IMTICIA,P3,77.43,Oui,Non
STD_2026_0137,ISAIA,P3,56.82,Non,Oui
STD_2026_0137,TEE,P4,71.06,Sous condition,Non
STD_2026_0137,TEH,P4,79.06,Oui,Non
STD_2026_0137,CAA,P5,71.84,Sous condition,Non
STD_2026_0137,DTJA,P5,69.78,Sous condition,Non
STD_2026_0137,EMP,P5,76.54,Oui,Non
STD_2026_0137,FIC,P5,46.39,Non,Non
STD_2026_0138,AEE,P1,46.62,Non,Non
STD_2026_0138,IAA,P1,50.12,Non,Non
STD_2026_0138,PIP,P1,53.81,Non,Non
STD_2026_0138,EMII,P2,48.38,Non,Non
STD_2026_0138,GCA,P2,49.83,Non,Non
STD_2026_0138,ICMP,P2,37.94,Non,Non
STD_2026_0138,ESIIA,P3,51.03,Non,Non
STD_2026_0138,IGGLIA,P3,50.13,Non,Non
STD_2026_0138,IMTICIA,P3,77.99,Oui,Non
STD_2026_0138,ISAIA,P3,49.24,Non,Non
STD_2026_0138,TEE,P4,77.72,Oui,Oui
STD_2026_0138,TEH,P4,79.48,Oui,Non
STD_2026_0138,CAA,P5,72.01,Sous condition,Non
STD_2026_0138,DTJA,P5,77.3,Oui,Non
STD_2026_0138,EMP,P5,49.44,Non,Non
STD_2026_0138,FIC,P5,47.82,Non,Non
STD_2026_0139,AEE,P1,79.84,Oui,Non
STD_2026_0139,IAA,P1,74.78,Sous condition,Non
STD_2026_0139,PIP,P1,67.89,Sous condition,Non
STD_2026_0139,EMII,P2,69.9,Sous condition,Non
STD_2026_0139,GCA,P2,77.55,Oui,Non
STD_2026_0139,ICMP,P2,77.92,Oui,Non
STD_2026_0139,ESIIA,P3,70.97,Sous condition,Non
STD_2026_0139,IGGLIA,P3,72.15,Sous condition,Non
STD_2026_0139,IMTICIA,P3,73.24,Sous condition,Non
STD_2026_0139,ISAIA,P3,74.99,Sous condition,Non
STD_2026_0139,TEE,P4,51.19,Non,Non
STD_2026_0139,TEH,P4,53.77,Non,Oui
STD_2026_0139,CAA,P5,72.29,Sous condition,Non
STD_2026_0139,DTJA,P5,54.45,Non,Non
STD_2026_0139,EMP,P5,69.89,Sous condition,Non
STD_2026_0139,FIC,P5,72.14,Sous condition,Non
STD_2026_0140,AEE,P1,78.85,Oui,Non
STD_2026_0140,IAA,P1,77.12,Oui,Non
STD_2026_0140,PIP,P1,77.62,Oui,Non
STD_2026_0140,EMII,P2,69.49,Sous condition,Non
STD_2026_0140,GCA,P2,75.68,Oui,Non
STD_2026_0140,ICMP,P2,80.27,Oui,Non
STD_2026_0140,ESIIA,P3,47.5,Non,Non
STD_2026_0140,IGGLIA,P3,73.62,Sous condition,Non
STD_2026_0140,IMTICIA,P3,72.51,Sous condition,Non
STD_2026_0140,ISAIA,P3,71.53,Sous condition,Non
STD_2026_0140,TEE,P4,75.58,Oui,Non
STD_2026_0140,TEH,P4,72.26,Sous condition,Non
STD_2026_0140,CAA,P5,68.46,Sous condition,Oui
STD_2026_0140,DTJA,P5,73.05,Sous condition,Non
STD_2026_0140,EMP,P5,69.85,Sous condition,Non
STD_2026_0140,FIC,P5,78.71,Oui,Non
STD_2026_0141,AEE,P1,84.39,Oui,Non
STD_2026_0141,IAA,P1,82.27,Oui,Non
STD_2026_0141,PIP,P1,84.05,Oui,Non
STD_2026_0141,EMII,P2,88.47,Oui,Non
STD_2026_0141,GCA,P2,79.22,Oui,Non
STD_2026_0141,ICMP,P2,86.18,Oui,Non
STD_2026_0141,ESIIA,P3,87.83,Oui,Non
STD_2026_0141,IGGLIA,P3,80.39,Oui,Non
STD_2026_0141,IMTICIA,P3,81.13,Oui,Non
STD_2026_0141,ISAIA,P3,72.6,Sous condition,Non
STD_2026_0141,TEE,P4,75.26,Oui,Non
STD_2026_0141,TEH,P4,49.84,Non,Non
STD_2026_0141,CAA,P5,79.9,Oui,Non
STD_2026_0141,DTJA,P5,47.82,Non,Oui
STD_2026_0141,EMP,P5,76.1,Oui,Non
STD_2026_0141,FIC,P5,77.96,Oui,Non
STD_2026_0142,AEE,P1,51.29,Non,Non
STD_2026_0142,IAA,P1,37.28,Non,Non
STD_2026_0142,PIP,P1,45.56,Non,Non
STD_2026_0142,EMII,P2,43.06,Non,Non
STD_2026_0142,GCA,P2,40.52,Non,Non
STD_2026_0142,ICMP,P2,43.52,Non,Non
STD_2026_0142,ESIIA,P3,43.67,Non,Non
STD_2026_0142,IGGLIA,P3,72.02,Sous condition,Non
STD_2026_0142,IMTICIA,P3,70.83,Sous condition,Non
STD_2026_0142,ISAIA,P3,77.08,Oui,Non
STD_2026_0142,TEE,P4,70.2,Sous condition,Non
STD_2026_0142,TEH,P4,78.41,Oui,Non
STD_2026_0142,CAA,P5,75.06,Oui,Non
STD_2026_0142,DTJA,P5,71.08,Sous condition,Non
STD_2026_0142,EMP,P5,71.46,Sous condition,Oui
STD_2026_0142,FIC,P5,75.93,Oui,Non
STD_2026_0143,AEE,P1,43.46,Non,Non
STD_2026_0143,IAA,P1,69.82,Sous condition,Non
STD_2026_0143,PIP,P1,47.06,Non,Non
STD_2026_0143,EMII,P2,78.37,Oui,Non
STD_2026_0143,GCA,P2,83.59,Oui,Non
STD_2026_0143,ICMP,P2,87.67,Oui,Non
STD_2026_0143,ESIIA,P3,83.19,Oui,Non
STD_2026_0143,IGGLIA,P3,68.92,Sous condition,Non
STD_2026_0143,IMTICIA,P3,75.45,Oui,Non
STD_2026_0143,ISAIA,P3,48.3,Non,Non
STD_2026_0143,TEE,P4,40.42,Non,Non
STD_2026_0143,TEH,P4,36.65,Non,Non
STD_2026_0143,CAA,P5,44.98,Non,Non
STD_2026_0143,DTJA,P5,45.79,Non,Non
STD_2026_0143,EMP,P5,49.67,Non,Non
STD_2026_0143,FIC,P5,53.92,Non,Oui
STD_2026_0144,AEE,P1,70.93,Sous condition,Oui
STD_2026_0144,IAA,P1,47.79,Non,Non
STD_2026_0144,PIP,P1,44.05,Non,Non
STD_2026_0144,EMII,P2,48.17,Non,Non
STD_2026_0144,GCA,P2,43.35,Non,Non
STD_2026_0144,ICMP,P2,47.36,Non,Non
STD_2026_0144,ESIIA,P3,47.38,Non,Non
STD_2026_0144,IGGLIA,P3,68.92,Sous condition,Non
STD_2026_0144,IMTICIA,P3,72.82,Sous condition,Non
STD_2026_0144,ISAIA,P3,46.9,Non,Non
STD_2026_0144,TEE,P4,79.47,Oui,Non
STD_2026_0144,TEH,P4,73.34,Sous condition,Non
STD_2026_0144,CAA,P5,76.72,Oui,Non
STD_2026_0144,DTJA,P5,77.33,Oui,Non
STD_2026_0144,EMP,P5,75.79,Oui,Non
STD_2026_0144,FIC,P5,47.35,Non,Non
STD_2026_0145,AEE,P1,68.02,Sous condition,Non
STD_2026_0145,IAA,P1,48.03,Non,Oui
STD_2026_0145,PIP,P1,47.94,Non,Non
STD_2026_0145,EMII,P2,46.29,Non,Non
STD_2026_0145,GCA,P2,51.37,Non,Non
STD_2026_0145,ICMP,P2,50.76,Non,Non
STD_2026_0145,ESIIA,P3,52.11,Non,Non
STD_2026_0145,IGGLIA,P3,72.14,Sous condition,Non
STD_2026_0145,IMTICIA,P3,76.14,Oui,Non
STD_2026_0145,ISAIA,P3,51.39,Non,Non
STD_2026_0145,TEE,P4,71.18,Sous condition,Non
STD_2026_0145,TEH,P4,72.87,Sous condition,Non
STD_2026_0145,CAA,P5,78.22,Oui,Non
STD_2026_0145,DTJA,P5,73.52,Sous condition,Non
STD_2026_0145,EMP,P5,71.5,Sous condition,Non
STD_2026_0145,FIC,P5,49.57,Non,Non
STD_2026_0146,AEE,P1,76.34,Oui,Non
STD_2026_0146,IAA,P1,53.0,Non,Non
STD_2026_0146,PIP,P1,55.05,Non,Oui
STD_2026_0146,EMII,P2,49.07,Non,Non
STD_2026_0146,GCA,P2,53.55,Non,Non
STD_2026_0146,ICMP,P2,50.36,Non,Non
STD_2026_0146,ESIIA,P3,50.32,Non,Non
STD_2026_0146,IGGLIA,P3,75.25,Oui,Non
STD_2026_0146,IMTICIA,P3,72.12,Sous condition,Non
STD_2026_0146,ISAIA,P3,56.62,Non,Non
STD_2026_0146,TEE,P4,83.95,Oui,Non
STD_2026_0146,TEH,P4,86.93,Oui,Non
STD_2026_0146,CAA,P5,79.14,Oui,Non
STD_2026_0146,DTJA,P5,83.6,Oui,Non
STD_2026_0146,EMP,P5,82.0,Oui,Non
STD_2026_0146,FIC,P5,60.28,Non,Non
STD_2026_0147,AEE,P1,40.62,Non,Non
STD_2026_0147,IAA,P1,45.57,Non,Non
STD_2026_0147,PIP,P1,47.26,Non,Non
STD_2026_0147,EMII,P2,37.13,Non,Oui
STD_2026_0147,GCA,P2,42.36,Non,Non
STD_2026_0147,ICMP,P2,34.06,Non,Non
STD_2026_0147,ESIIA,P3,42.69,Non,Non
STD_2026_0147,IGGLIA,P3,37.87,Non,Non
STD_2026_0147,IMTICIA,P3,77.13,Oui,Non
STD_2026_0147,ISAIA,P3,43.0,Non,Non
STD_2026_0147,TEE,P4,76.83,Oui,Non
STD_2026_0147,TEH,P4,77.32,Oui,Non
STD_2026_0147,CAA,P5,67.76,Sous condition,Non
STD_2026_0147,DTJA,P5,74.54,Sous condition,Non
STD_2026_0147,EMP,P5,41.19,Non,Non
STD_2026_0147,FIC,P5,45.1,Non,Non
STD_2026_0148,AEE,P1,76.53,Oui,Non
STD_2026_0148,IAA,P1,77.88,Oui,Non
STD_2026_0148,PIP,P1,82.96,Oui,Non
STD_2026_0148,EMII,P2,76.82,Oui,Non
STD_2026_0148,GCA,P2,74.72,Sous condition,Oui
STD_2026_0148,ICMP,P2,80.85,Oui,Non
STD_2026_0148,ESIIA,P3,76.98,Oui,Non
STD_2026_0148,IGGLIA,P3,78.01,Oui,Non
STD_2026_0148,IMTICIA,P3,72.42,Sous condition,Non
STD_2026_0148,ISAIA,P3,82.91,Oui,Non
STD_2026_0148,TEE,P4,48.74,Non,Non
STD_2026_0148,TEH,P4,49.25,Non,Non
STD_2026_0148,CAA,P5,70.24,Sous condition,Non
STD_2026_0148,DTJA,P5,53.01,Non,Non
STD_2026_0148,EMP,P5,76.53,Oui,Non
STD_2026_0148,FIC,P5,72.34,Sous condition,Non
STD_2026_0149,AEE,P1,84.58,Oui,Non
STD_2026_0149,IAA,P1,82.18,Oui,Non
STD_2026_0149,PIP,P1,81.06,Oui,Non
STD_2026_0149,EMII,P2,89.72,Oui,Non
STD_2026_0149,GCA,P2,87.22,Oui,Non
STD_2026_0149,ICMP,P2,93.71,Oui,Oui
STD_2026_0149,ESIIA,P3,61.98,Non,Non
STD_2026_0149,IGGLIA,P3,86.1,Oui,Non
STD_2026_0149,IMTICIA,P3,88.78,Oui,Non
STD_2026_0149,ISAIA,P3,79.45,Oui,Non
STD_2026_0149,TEE,P4,73.61,Sous condition,Non
STD_2026_0149,TEH,P4,74.1,Sous condition,Non
STD_2026_0149,CAA,P5,80.46,Oui,Non
STD_2026_0149,DTJA,P5,73.2,Sous condition,Non
STD_2026_0149,EMP,P5,76.82,Oui,Non
STD_2026_0149,FIC,P5,72.33,Sous condition,Non
STD_2026_0150,AEE,P1,77.84,Oui,Non
STD_2026_0150,IAA,P1,75.7,Oui,Non
STD_2026_0150,PIP,P1,80.9,Oui,Non
STD_2026_0150,EMII,P2,79.02,Oui,Non
STD_2026_0150,GCA,P2,87.87,Oui,Non
STD_2026_0150,ICMP,P2,80.54,Oui,Non
STD_2026_0150,ESIIA,P3,82.64,Oui,Oui
STD_2026_0150,IGGLIA,P3,81.08,Oui,Non
STD_2026_0150,IMTICIA,P3,80.71,Oui,Non
STD_2026_0150,ISAIA,P3,77.86,Oui,Non
STD_2026_0150,TEE,P4,70.63,Sous condition,Non
STD_2026_0150,TEH,P4,44.91,Non,Non
STD_2026_0150,CAA,P5,69.93,Sous condition,Non
STD_2026_0150,DTJA,P5,53.15,Non,Non
STD_2026_0150,EMP,P5,77.94,Oui,Non
STD_2026_0150,FIC,P5,77.37,Oui,Non
STD_2026_0151,AEE,P1,49.34,Non,Non
STD_2026_0151,IAA,P1,60.94,Non,Non
STD_2026_0151,PIP,P1,53.83,Non,Non
STD_2026_0151,EMII,P2,52.7,Non,Non
STD_2026_0151,GCA,P2,50.58,Non,Non
STD_2026_0151,ICMP,P2,53.35,Non,Non
STD_2026_0151,ESIIA,P3,49.2,Non,Non
STD_2026_0151,IGGLIA,P3,83.29,Oui,Oui
STD_2026_0151,IMTICIA,P3,78.05,Oui,Non
STD_2026_0151,ISAIA,P3,82.55,Oui,Non
STD_2026_0151,TEE,P4,71.41,Sous condition,Non
STD_2026_0151,TEH,P4,76.01,Oui,Non
STD_2026_0151,CAA,P5,78.37,Oui,Non
STD_2026_0151,DTJA,P5,70.56,Sous condition,Non
STD_2026_0151,EMP,P5,77.93,Oui,Non
STD_2026_0151,FIC,P5,81.81,Oui,Non
STD_2026_0152,AEE,P1,46.49,Non,Non
STD_2026_0152,IAA,P1,76.35,Oui,Non
STD_2026_0152,PIP,P1,53.62,Non,Non
STD_2026_0152,EMII,P2,79.82,Oui,Non
STD_2026_0152,GCA,P2,83.6,Oui,Non
STD_2026_0152,ICMP,P2,89.45,Oui,Non
STD_2026_0152,ESIIA,P3,83.51,Oui,Non
STD_2026_0152,IGGLIA,P3,75.14,Oui,Non
STD_2026_0152,IMTICIA,P3,69.14,Sous condition,Oui
STD_2026_0152,ISAIA,P3,52.08,Non,Non
STD_2026_0152,TEE,P4,45.74,Non,Non
STD_2026_0152,TEH,P4,43.27,Non,Non
STD_2026_0152,CAA,P5,47.86,Non,Non
STD_2026_0152,DTJA,P5,47.38,Non,Non
STD_2026_0152,EMP,P5,53.03,Non,Non
STD_2026_0152,FIC,P5,59.5,Non,Non
STD_2026_0153,AEE,P1,70.85,Sous condition,Non
STD_2026_0153,IAA,P1,41.36,Non,Non
STD_2026_0153,PIP,P1,48.92,Non,Non
STD_2026_0153,EMII,P2,45.76,Non,Non
STD_2026_0153,GCA,P2,43.24,Non,Non
STD_2026_0153,ICMP,P2,31.63,Non,Non
STD_2026_0153,ESIIA,P3,37.95,Non,Non
STD_2026_0153,IGGLIA,P3,72.72,Sous condition,Non
STD_2026_0153,IMTICIA,P3,71.64,Sous condition,Non
STD_2026_0153,ISAIA,P3,43.82,Non,Oui
STD_2026_0153,TEE,P4,72.63,Sous condition,Non
STD_2026_0153,TEH,P4,78.33,Oui,Non
STD_2026_0153,CAA,P5,68.24,Sous condition,Non
STD_2026_0153,DTJA,P5,71.59,Sous condition,Non
STD_2026_0153,EMP,P5,70.65,Sous condition,Non
STD_2026_0153,FIC,P5,41.26,Non,Non
STD_2026_0154,AEE,P1,79.89,Oui,Non
STD_2026_0154,IAA,P1,50.17,Non,Non
STD_2026_0154,PIP,P1,55.59,Non,Non
STD_2026_0154,EMII,P2,44.43,Non,Non
STD_2026_0154,GCA,P2,47.08,Non,Non
STD_2026_0154,ICMP,P2,45.27,Non,Non
STD_2026_0154,ESIIA,P3,55.06,Non,Non
STD_2026_0154,IGGLIA,P3,81.25,Oui,Non
STD_2026_0154,IMTICIA,P3,80.2,Oui,Non
STD_2026_0154,ISAIA,P3,56.39,Non,Non
STD_2026_0154,TEE,P4,80.55,Oui,Oui
STD_2026_0154,TEH,P4,76.56,Oui,Non
STD_2026_0154,CAA,P5,83.45,Oui,Non
STD_2026_0154,DTJA,P5,74.72,Sous condition,Non
STD_2026_0154,EMP,P5,76.43,Oui,Non
STD_2026_0154,FIC,P5,51.89,Non,Non
STD_2026_0155,AEE,P1,66.39,Sous condition,Non
STD_2026_0155,IAA,P1,49.63,Non,Non
STD_2026_0155,PIP,P1,47.82,Non,Non
STD_2026_0155,EMII,P2,49.84,Non,Non
STD_2026_0155,GCA,P2,47.99,Non,Non
STD_2026_0155,ICMP,P2,44.84,Non,Non
STD_2026_0155,ESIIA,P3,51.29,Non,Non
STD_2026_0155,IGGLIA,P3,71.44,Sous condition,Non
STD_2026_0155,IMTICIA,P3,69.42,Sous condition,Non
STD_2026_0155,ISAIA,P3,44.34,Non,Non
STD_2026_0155,TEE,P4,77.01,Oui,Non
STD_2026_0155,TEH,P4,77.14,Oui,Oui
STD_2026_0155,CAA,P5,77.03,Oui,Non
STD_2026_0155,DTJA,P5,79.34,Oui,Non
STD_2026_0155,EMP,P5,73.52,Sous condition,Non
STD_2026_0155,FIC,P5,47.02,Non,Non
STD_2026_0156,AEE,P1,53.89,Non,Non
STD_2026_0156,IAA,P1,44.42,Non,Non
STD_2026_0156,PIP,P1,51.43,Non,Non
STD_2026_0156,EMII,P2,49.31,Non,Non
STD_2026_0156,GCA,P2,51.9,Non,Non
STD_2026_0156,ICMP,P2,53.04,Non,Non
STD_2026_0156,ESIIA,P3,54.07,Non,Non
STD_2026_0156,IGGLIA,P3,51.75,Non,Non
STD_2026_0156,IMTICIA,P3,75.85,Oui,Non
STD_2026_0156,ISAIA,P3,55.12,Non,Non
STD_2026_0156,TEE,P4,80.38,Oui,Non
STD_2026_0156,TEH,P4,85.3,Oui,Non
STD_2026_0156,CAA,P5,73.21,Sous condition,Oui
STD_2026_0156,DTJA,P5,79.95,Oui,Non
STD_2026_0156,EMP,P5,55.43,Non,Non
STD_2026_0156,FIC,P5,43.93,Non,Non
STD_2026_0157,AEE,P1,80.27,Oui,Non
STD_2026_0157,IAA,P1,85.47,Oui,Non
STD_2026_0157,PIP,P1,78.92,Oui,Non
STD_2026_0157,EMII,P2,80.02,Oui,Non
STD_2026_0157,GCA,P2,73.76,Sous condition,Non
STD_2026_0157,ICMP,P2,79.6,Oui,Non
STD_2026_0157,ESIIA,P3,81.8,Oui,Non
STD_2026_0157,IGGLIA,P3,78.56,Oui,Non
STD_2026_0157,IMTICIA,P3,76.1,Oui,Non
STD_2026_0157,ISAIA,P3,80.15,Oui,Non
STD_2026_0157,TEE,P4,54.47,Non,Non
STD_2026_0157,TEH,P4,41.09,Non,Non
STD_2026_0157,CAA,P5,78.08,Oui,Non
STD_2026_0157,DTJA,P5,53.52,Non,Oui
STD_2026_0157,EMP,P5,76.4,Oui,Non
STD_2026_0157,FIC,P5,80.63,Oui,Non
STD_2026_0158,AEE,P1,75.2,Oui,Non
STD_2026_0158,IAA,P1,76.59,Oui,Non
STD_2026_0158,PIP,P1,77.69,Oui,Non
STD_2026_0158,EMII,P2,78.47,Oui,Non
STD_2026_0158,GCA,P2,76.38,Oui,Non
STD_2026_0158,ICMP,P2,75.56,Oui,Non
STD_2026_0158,ESIIA,P3,57.48,Non,Non
STD_2026_0158,IGGLIA,P3,78.55,Oui,Non
STD_2026_0158,IMTICIA,P3,75.75,Oui,Non
STD_2026_0158,ISAIA,P3,82.08,Oui,Non
STD_2026_0158,TEE,P4,81.82,Oui,Non
STD_2026_0158,TEH,P4,75.87,Oui,Non
STD_2026_0158,CAA,P5,78.03,Oui,Non
STD_2026_0158,DTJA,P5,79.94,Oui,Non
STD_2026_0158,EMP,P5,78.32,Oui,Oui
STD_2026_0158,FIC,P5,83.07,Oui,Non
STD_2026_0159,AEE,P1,79.39,Oui,Non
STD_2026_0159,IAA,P1,85.85,Oui,Non
STD_2026_0159,PIP,P1,81.46,Oui,Non
STD_2026_0159,EMII,P2,82.47,Oui,Non
STD_2026_0159,GCA,P2,78.59,Oui,Non
STD_2026_0159,ICMP,P2,88.75,Oui,Non
STD_2026_0159,ESIIA,P3,78.74,Oui,Non
STD_2026_0159,IGGLIA,P3,76.63,Oui,Non
STD_2026_0159,IMTICIA,P3,76.15,Oui,Non
STD_2026_0159,ISAIA,P3,72.94,Sous condition,Non
STD_2026_0159,TEE,P4,85.18,Oui,Non
STD_2026_0159,TEH,P4,51.49,Non,Non
STD_2026_0159,CAA,P5,78.43,Oui,Non
STD_2026_0159,DTJA,P5,54.79,Non,Non
STD_2026_0159,EMP,P5,82.16,Oui,Non
STD_2026_0159,FIC,P5,86.94,Oui,Oui
STD_2026_0160,AEE,P1,52.48,Non,Oui
STD_2026_0160,IAA,P1,48.35,Non,Non
STD_2026_0160,PIP,P1,53.76,Non,Non
STD_2026_0160,EMII,P2,56.11,Non,Non
STD_2026_0160,GCA,P2,56.61,Non,Non
STD_2026_0160,ICMP,P2,52.48,Non,Non
STD_2026_0160,ESIIA,P3,54.3,Non,Non
STD_2026_0160,IGGLIA,P3,77.66,Oui,Non
STD_2026_0160,IMTICIA,P3,77.12,Oui,Non
STD_2026_0160,ISAIA,P3,80.68,Oui,Non
STD_2026_0160,TEE,P4,83.84,Oui,Non
STD_2026_0160,TEH,P4,76.37,Oui,Non
STD_2026_0160,CAA,P5,88.13,Oui,Non
STD_2026_0160,DTJA,P5,81.16,Oui,Non
STD_2026_0160,EMP,P5,86.36,Oui,Non
STD_2026_0160,FIC,P5,82.79,Oui,Non
STD_2026_0161,AEE,P1,54.87,Non,Non
STD_2026_0161,IAA,P1,77.22,Oui,Oui
STD_2026_0161,PIP,P1,53.1,Non,Non
STD_2026_0161,EMII,P2,78.16,Oui,Non
STD_2026_0161,GCA,P2,77.52,Oui,Non
STD_2026_0161,ICMP,P2,84.47,Oui,Non
STD_2026_0161,ESIIA,P3,77.22,Oui,Non
STD_2026_0161,IGGLIA,P3,76.77,Oui,Non
STD_2026_0161,IMTICIA,P3,77.33,Oui,Non
STD_2026_0161,ISAIA,P3,56.33,Non,Non
STD_2026_0161,TEE,P4,52.09,Non,Non
STD_2026_0161,TEH,P4,53.77,Non,Non
STD_2026_0161,CAA,P5,53.62,Non,Non
STD_2026_0161,DTJA,P5,52.35,Non,Non
STD_2026_0161,EMP,P5,57.77,Non,Non
STD_2026_0161,FIC,P5,59.9,Non,Non
STD_2026_0162,AEE,P1,76.35,Oui,Non
STD_2026_0162,IAA,P1,56.2,Non,Non
STD_2026_0162,PIP,P1,58.8,Non,Oui
STD_2026_0162,EMII,P2,51.31,Non,Non
STD_2026_0162,GCA,P2,55.14,Non,Non
STD_2026_0162,ICMP,P2,51.38,Non,Non
STD_2026_0162,ESIIA,P3,49.08,Non,Non
STD_2026_0162,IGGLIA,P3,80.5,Oui,Non
STD_2026_0162,IMTICIA,P3,86.16,Oui,Non
STD_2026_0162,ISAIA,P3,52.46,Non,Non
STD_2026_0162,TEE,P4,88.41,Oui,Non
STD_2026_0162,TEH,P4,80.43,Oui,Non
STD_2026_0162,CAA,P5,78.87,Oui,Non
STD_2026_0162,DTJA,P5,84.25,Oui,Non
STD_2026_0162,EMP,P5,84.52,Oui,Non
STD_2026_0162,FIC,P5,57.37,Non,Non
STD_2026_0163,AEE,P1,82.05,Oui,Non
STD_2026_0163,IAA,P1,59.13,Non,Non
STD_2026_0163,PIP,P1,52.71,Non,Non
STD_2026_0163,EMII,P2,54.07,Non,Oui
STD_2026_0163,GCA,P2,50.11,Non,Non
STD_2026_0163,ICMP,P2,51.82,Non,Non
STD_2026_0163,ESIIA,P3,58.78,Non,Non
STD_2026_0163,IGGLIA,P3,85.72,Oui,Non
STD_2026_0163,IMTICIA,P3,84.56,Oui,Non
STD_2026_0163,ISAIA,P3,63.72,Non,Non
STD_2026_0163,TEE,P4,75.85,Oui,Non
STD_2026_0163,TEH,P4,76.87,Oui,Non
STD_2026_0163,CAA,P5,86.35,Oui,Non
STD_2026_0163,DTJA,P5,77.3,Oui,Non
STD_2026_0163,EMP,P5,78.69,Oui,Non
STD_2026_0163,FIC,P5,61.42,Non,Non
STD_2026_0164,AEE,P1,68.9,Sous condition,Non
STD_2026_0164,IAA,P1,51.03,Non,Non
STD_2026_0164,PIP,P1,46.72,Non,Non
STD_2026_0164,EMII,P2,38.69,Non,Non
STD_2026_0164,GCA,P2,40.02,Non,Oui
STD_2026_0164,ICMP,P2,35.26,Non,Non
STD_2026_0164,ESIIA,P3,40.48,Non,Non
STD_2026_0164,IGGLIA,P3,79.31,Oui,Non
STD_2026_0164,IMTICIA,P3,73.18,Sous condition,Non
STD_2026_0164,ISAIA,P3,48.14,Non,Non
STD_2026_0164,TEE,P4,74.14,Sous condition,Non
STD_2026_0164,TEH,P4,71.76,Sous condition,Non
STD_2026_0164,CAA,P5,74.62,Sous condition,Non
STD_2026_0164,DTJA,P5,72.71,Sous condition,Non
STD_2026_0164,EMP,P5,76.27,Oui,Non
STD_2026_0164,FIC,P5,52.53,Non,Non
STD_2026_0165,AEE,P1,42.9,Non,Non
STD_2026_0165,IAA,P1,47.36,Non,Non
STD_2026_0165,PIP,P1,47.87,Non,Non
STD_2026_0165,EMII,P2,39.85,Non,Non
STD_2026_0165,GCA,P2,42.33,Non,Non
STD_2026_0165,ICMP,P2,34.15,Non,Oui
STD_2026_0165,ESIIA,P3,45.92,Non,Non
STD_2026_0165,IGGLIA,P3,49.69,Non,Non
STD_2026_0165,IMTICIA,P3,72.75,Sous condition,Non
STD_2026_0165,ISAIA,P3,43.75,Non,Non
STD_2026_0165,TEE,P4,73.74,Sous condition,Non
STD_2026_0165,TEH,P4,76.98,Oui,Non
STD_2026_0165,CAA,P5,71.12,Sous condition,Non
STD_2026_0165,DTJA,P5,76.83,Oui,Non
STD_2026_0165,EMP,P5,45.99,Non,Non
STD_2026_0165,FIC,P5,47.35,Non,Non
STD_2026_0166,AEE,P1,82.06,Oui,Non
STD_2026_0166,IAA,P1,78.95,Oui,Non
STD_2026_0166,PIP,P1,87.88,Oui,Non
STD_2026_0166,EMII,P2,77.09,Oui,Non
STD_2026_0166,GCA,P2,76.12,Oui,Non
STD_2026_0166,ICMP,P2,83.66,Oui,Non
STD_2026_0166,ESIIA,P3,77.98,Oui,Oui
STD_2026_0166,IGGLIA,P3,80.19,Oui,Non
STD_2026_0166,IMTICIA,P3,82.26,Oui,Non
STD_2026_0166,ISAIA,P3,82.47,Oui,Non
STD_2026_0166,TEE,P4,48.11,Non,Non
STD_2026_0166,TEH,P4,47.14,Non,Non
STD_2026_0166,CAA,P5,79.33,Oui,Non
STD_2026_0166,DTJA,P5,50.29,Non,Non
STD_2026_0166,EMP,P5,77.91,Oui,Non
STD_2026_0166,FIC,P5,80.36,Oui,Non
STD_2026_0167,AEE,P1,73.82,Sous condition,Non
STD_2026_0167,IAA,P1,80.9,Oui,Non
STD_2026_0167,PIP,P1,75.02,Oui,Non
STD_2026_0167,EMII,P2,75.4,Oui,Non
STD_2026_0167,GCA,P2,69.9,Sous condition,Non
STD_2026_0167,ICMP,P2,76.39,Oui,Non
STD_2026_0167,ESIIA,P3,42.34,Non,Non
STD_2026_0167,IGGLIA,P3,74.99,Sous condition,Oui
STD_2026_0167,IMTICIA,P3,71.3,Sous condition,Non
STD_2026_0167,ISAIA,P3,75.19,Oui,Non
STD_2026_0167,TEE,P4,81.18,Oui,Non
STD_2026_0167,TEH,P4,80.44,Oui,Non
STD_2026_0167,CAA,P5,73.71,Sous condition,Non
STD_2026_0167,DTJA,P5,77.82,Oui,Non
STD_2026_0167,EMP,P5,73.03,Sous condition,Non
STD_2026_0167,FIC,P5,69.44,Sous condition,Non
STD_2026_0168,AEE,P1,78.43,Oui,Non
STD_2026_0168,IAA,P1,84.47,Oui,Non
STD_2026_0168,PIP,P1,80.55,Oui,Non
STD_2026_0168,EMII,P2,83.1,Oui,Non
STD_2026_0168,GCA,P2,79.75,Oui,Non
STD_2026_0168,ICMP,P2,83.79,Oui,Non
STD_2026_0168,ESIIA,P3,81.7,Oui,Non
STD_2026_0168,IGGLIA,P3,78.09,Oui,Non
STD_2026_0168,IMTICIA,P3,81.42,Oui,Oui
STD_2026_0168,ISAIA,P3,84.74,Oui,Non
STD_2026_0168,TEE,P4,76.44,Oui,Non
STD_2026_0168,TEH,P4,51.82,Non,Non
STD_2026_0168,CAA,P5,81.22,Oui,Non
STD_2026_0168,DTJA,P5,41.73,Non,Non
STD_2026_0168,EMP,P5,81.92,Oui,Non
STD_2026_0168,FIC,P5,81.08,Oui,Non
STD_2026_0169,AEE,P1,45.29,Non,Non
STD_2026_0169,IAA,P1,48.1,Non,Non
STD_2026_0169,PIP,P1,49.77,Non,Non
STD_2026_0169,EMII,P2,51.54,Non,Non
STD_2026_0169,GCA,P2,53.71,Non,Non
STD_2026_0169,ICMP,P2,53.36,Non,Non
STD_2026_0169,ESIIA,P3,52.34,Non,Non
STD_2026_0169,IGGLIA,P3,73.43,Sous condition,Non
STD_2026_0169,IMTICIA,P3,76.34,Oui,Non
STD_2026_0169,ISAIA,P3,68.67,Sous condition,Oui
STD_2026_0169,TEE,P4,73.71,Sous condition,Non
STD_2026_0169,TEH,P4,81.23,Oui,Non
STD_2026_0169,CAA,P5,76.2,Oui,Non
STD_2026_0169,DTJA,P5,76.28,Oui,Non
STD_2026_0169,EMP,P5,77.08,Oui,Non
STD_2026_0169,FIC,P5,76.22,Oui,Non
STD_2026_0170,AEE,P1,58.25,Non,Non
STD_2026_0170,IAA,P1,89.15,Oui,Non
STD_2026_0170,PIP,P1,63.97,Non,Non
STD_2026_0170,EMII,P2,90.49,Oui,Non
STD_2026_0170,GCA,P2,82.42,Oui,Non
STD_2026_0170,ICMP,P2,93.56,Oui,Non
STD_2026_0170,ESIIA,P3,85.76,Oui,Non
STD_2026_0170,IGGLIA,P3,86.78,Oui,Non
STD_2026_0170,IMTICIA,P3,86.83,Oui,Non
STD_2026_0170,ISAIA,P3,62.43,Non,Non
STD_2026_0170,TEE,P4,54.55,Non,Oui
STD_2026_0170,TEH,P4,60.56,Non,Non
STD_2026_0170,CAA,P5,62.57,Non,Non
STD_2026_0170,DTJA,P5,52.78,Non,Non
STD_2026_0170,EMP,P5,60.55,Non,Non
STD_2026_0170,FIC,P5,66.88,Non,Non
STD_2026_0171,AEE,P1,61.57,Sous condition,Non
STD_2026_0171,IAA,P1,46.87,Non,Non
STD_2026_0171,PIP,P1,44.42,Non,Non
STD_2026_0171,EMII,P2,43.87,Non,Non
STD_2026_0171,GCA,P2,47.24,Non,Non
STD_2026_0171,ICMP,P2,41.21,Non,Non
STD_2026_0171,ESIIA,P3,43.14,Non,Non
STD_2026_0171,IGGLIA,P3,66.62,Sous condition,Non
STD_2026_0171,IMTICIA,P3,67.56,Sous condition,Non
STD_2026_0171,ISAIA,P3,39.42,Non,Non
STD_2026_0171,TEE,P4,74.27,Sous condition,Non
STD_2026_0171,TEH,P4,70.97,Sous condition,Oui
STD_2026_0171,CAA,P5,68.7,Sous condition,Non
STD_2026_0171,DTJA,P5,70.87,Sous condition,Non
STD_2026_0171,EMP,P5,64.5,Sous condition,Non
STD_2026_0171,FIC,P5,54.83,Non,Non
STD_2026_0172,AEE,P1,70.39,Sous condition,Non
STD_2026_0172,IAA,P1,46.45,Non,Non
STD_2026_0172,PIP,P1,43.66,Non,Non
STD_2026_0172,EMII,P2,39.88,Non,Non
STD_2026_0172,GCA,P2,49.42,Non,Non
STD_2026_0172,ICMP,P2,37.32,Non,Non
STD_2026_0172,ESIIA,P3,44.81,Non,Non
STD_2026_0172,IGGLIA,P3,71.48,Sous condition,Non
STD_2026_0172,IMTICIA,P3,76.51,Oui,Non
STD_2026_0172,ISAIA,P3,51.7,Non,Non
STD_2026_0172,TEE,P4,73.34,Sous condition,Non
STD_2026_0172,TEH,P4,77.59,Oui,Non
STD_2026_0172,CAA,P5,74.04,Sous condition,Oui
STD_2026_0172,DTJA,P5,84.73,Oui,Non
STD_2026_0172,EMP,P5,76.43,Oui,Non
STD_2026_0172,FIC,P5,45.87,Non,Non
STD_2026_0173,AEE,P1,71.53,Sous condition,Non
STD_2026_0173,IAA,P1,49.04,Non,Non
STD_2026_0173,PIP,P1,45.84,Non,Non
STD_2026_0173,EMII,P2,57.18,Non,Non
STD_2026_0173,GCA,P2,42.56,Non,Non
STD_2026_0173,ICMP,P2,39.59,Non,Non
STD_2026_0173,ESIIA,P3,52.54,Non,Non
STD_2026_0173,IGGLIA,P3,78.12,Oui,Non
STD_2026_0173,IMTICIA,P3,72.21,Sous condition,Non
STD_2026_0173,ISAIA,P3,52.79,Non,Non
STD_2026_0173,TEE,P4,70.37,Sous condition,Non
STD_2026_0173,TEH,P4,80.84,Oui,Non
STD_2026_0173,CAA,P5,69.9,Sous condition,Non
STD_2026_0173,DTJA,P5,81.11,Oui,Oui
STD_2026_0173,EMP,P5,78.09,Oui,Non
STD_2026_0173,FIC,P5,57.64,Non,Non
STD_2026_0174,AEE,P1,62.1,Non,Non
STD_2026_0174,IAA,P1,54.16,Non,Non
STD_2026_0174,PIP,P1,66.2,Non,Non
STD_2026_0174,EMII,P2,54.44,Non,Non
STD_2026_0174,GCA,P2,55.4,Non,Non
STD_2026_0174,ICMP,P2,56.83,Non,Non
STD_2026_0174,ESIIA,P3,56.44,Non,Non
STD_2026_0174,IGGLIA,P3,64.08,Non,Non
STD_2026_0174,IMTICIA,P3,83.19,Oui,Non
STD_2026_0174,ISAIA,P3,65.9,Non,Non
STD_2026_0174,TEE,P4,88.95,Oui,Non
STD_2026_0174,TEH,P4,87.17,Oui,Non
STD_2026_0174,CAA,P5,82.76,Oui,Non
STD_2026_0174,DTJA,P5,80.39,Oui,Non
STD_2026_0174,EMP,P5,60.78,Non,Oui
STD_2026_0174,FIC,P5,60.86,Non,Non
STD_2026_0175,AEE,P1,83.74,Oui,Non
STD_2026_0175,IAA,P1,78.91,Oui,Non
STD_2026_0175,PIP,P1,80.48,Oui,Non
STD_2026_0175,EMII,P2,83.55,Oui,Non
STD_2026_0175,GCA,P2,84.39,Oui,Non
STD_2026_0175,ICMP,P2,86.18,Oui,Non
STD_2026_0175,ESIIA,P3,85.17,Oui,Non
STD_2026_0175,IGGLIA,P3,77.22,Oui,Non
STD_2026_0175,IMTICIA,P3,76.27,Oui,Non
STD_2026_0175,ISAIA,P3,76.1,Oui,Non
STD_2026_0175,TEE,P4,46.19,Non,Non
STD_2026_0175,TEH,P4,46.65,Non,Non
STD_2026_0175,CAA,P5,76.54,Oui,Non
STD_2026_0175,DTJA,P5,50.77,Non,Non
STD_2026_0175,EMP,P5,80.22,Oui,Non
STD_2026_0175,FIC,P5,73.98,Sous condition,Oui
STD_2026_0176,AEE,P1,74.01,Sous condition,Oui
STD_2026_0176,IAA,P1,77.41,Oui,Non
STD_2026_0176,PIP,P1,72.86,Sous condition,Non
STD_2026_0176,EMII,P2,75.42,Oui,Non
STD_2026_0176,GCA,P2,77.42,Oui,Non
STD_2026_0176,ICMP,P2,79.13,Oui,Non
STD_2026_0176,ESIIA,P3,45.21,Non,Non
STD_2026_0176,IGGLIA,P3,68.33,Sous condition,Non
STD_2026_0176,IMTICIA,P3,65.79,Sous condition,Non
STD_2026_0176,ISAIA,P3,64.63,Sous condition,Non
STD_2026_0176,TEE,P4,75.57,Oui,Non
STD_2026_0176,TEH,P4,65.18,Sous condition,Non
STD_2026_0176,CAA,P5,70.25,Sous condition,Non
STD_2026_0176,DTJA,P5,67.01,Sous condition,Non
STD_2026_0176,EMP,P5,65.52,Sous condition,Non
STD_2026_0176,FIC,P5,64.14,Sous condition,Non
STD_2026_0177,AEE,P1,80.34,Oui,Non
STD_2026_0177,IAA,P1,76.98,Oui,Oui
STD_2026_0177,PIP,P1,81.46,Oui,Non
STD_2026_0177,EMII,P2,80.81,Oui,Non
STD_2026_0177,GCA,P2,78.14,Oui,Non
STD_2026_0177,ICMP,P2,84.67,Oui,Non
STD_2026_0177,ESIIA,P3,78.5,Oui,Non
STD_2026_0177,IGGLIA,P3,77.66,Oui,Non
STD_2026_0177,IMTICIA,P3,79.99,Oui,Non
STD_2026_0177,ISAIA,P3,81.35,Oui,Non
STD_2026_0177,TEE,P4,78.0,Oui,Non
STD_2026_0177,TEH,P4,50.13,Non,Non
STD_2026_0177,CAA,P5,76.32,Oui,Non
STD_2026_0177,DTJA,P5,51.77,Non,Non
STD_2026_0177,EMP,P5,80.68,Oui,Non
STD_2026_0177,FIC,P5,85.99,Oui,Non
STD_2026_0178,AEE,P1,52.26,Non,Non
STD_2026_0178,IAA,P1,55.06,Non,Non
STD_2026_0178,PIP,P1,52.16,Non,Oui
STD_2026_0178,EMII,P2,45.28,Non,Non
STD_2026_0178,GCA,P2,53.32,Non,Non
STD_2026_0178,ICMP,P2,57.37,Non,Non
STD_2026_0178,ESIIA,P3,45.24,Non,Non
STD_2026_0178,IGGLIA,P3,77.5,Oui,Non
STD_2026_0178,IMTICIA,P3,70.14,Sous condition,Non
STD_2026_0178,ISAIA,P3,72.57,Sous condition,Non
STD_2026_0178,TEE,P4,65.0,Sous condition,Non
STD_2026_0178,TEH,P4,68.76,Sous condition,Non
STD_2026_0178,CAA,P5,76.26,Oui,Non
STD_2026_0178,DTJA,P5,68.82,Sous condition,Non
STD_2026_0178,EMP,P5,72.99,Sous condition,Non
STD_2026_0178,FIC,P5,81.04,Oui,Non
STD_2026_0179,AEE,P1,49.97,Non,Non
STD_2026_0179,IAA,P1,73.88,Sous condition,Non
STD_2026_0179,PIP,P1,53.85,Non,Non
STD_2026_0179,EMII,P2,82.09,Oui,Oui
STD_2026_0179,GCA,P2,80.62,Oui,Non
STD_2026_0179,ICMP,P2,75.55,Oui,Non
STD_2026_0179,ESIIA,P3,81.03,Oui,Non
STD_2026_0179,IGGLIA,P3,75.58,Oui,Non
STD_2026_0179,IMTICIA,P3,75.84,Oui,Non
STD_2026_0179,ISAIA,P3,48.32,Non,Non
STD_2026_0179,TEE,P4,54.51,Non,Non
STD_2026_0179,TEH,P4,45.35,Non,Non
STD_2026_0179,CAA,P5,56.91,Non,Non
STD_2026_0179,DTJA,P5,48.56,Non,Non
STD_2026_0179,EMP,P5,54.35,Non,Non
STD_2026_0179,FIC,P5,57.37,Non,Non
STD_2026_0180,AEE,P1,79.45,Oui,Non
STD_2026_0180,IAA,P1,51.11,Non,Non
STD_2026_0180,PIP,P1,48.89,Non,Non
STD_2026_0180,EMII,P2,48.19,Non,Non
STD_2026_0180,GCA,P2,47.2,Non,Oui
STD_2026_0180,ICMP,P2,45.27,Non,Non
STD_2026_0180,ESIIA,P3,46.65,Non,Non
STD_2026_0180,IGGLIA,P3,76.82,Oui,Non
STD_2026_0180,IMTICIA,P3,77.85,Oui,Non
STD_2026_0180,ISAIA,P3,54.67,Non,Non
STD_2026_0180,TEE,P4,75.04,Oui,Non
STD_2026_0180,TEH,P4,75.0,Oui,Non
STD_2026_0180,CAA,P5,73.85,Sous condition,Non
STD_2026_0180,DTJA,P5,74.19,Sous condition,Non
STD_2026_0180,EMP,P5,82.59,Oui,Non
STD_2026_0180,FIC,P5,63.22,Non,Non
STD_2026_0181,AEE,P1,73.3,Sous condition,Non
STD_2026_0181,IAA,P1,50.63,Non,Non
STD_2026_0181,PIP,P1,46.42,Non,Non
STD_2026_0181,EMII,P2,43.24,Non,Non
STD_2026_0181,GCA,P2,36.48,Non,Non
STD_2026_0181,ICMP,P2,49.55,Non,Oui
STD_2026_0181,ESIIA,P3,45.83,Non,Non
STD_2026_0181,IGGLIA,P3,68.46,Sous condition,Non
STD_2026_0181,IMTICIA,P3,73.6,Sous condition,Non
STD_2026_0181,ISAIA,P3,42.85,Non,Non
STD_2026_0181,TEE,P4,76.91,Oui,Non
STD_2026_0181,TEH,P4,77.98,Oui,Non
STD_2026_0181,CAA,P5,74.41,Sous condition,Non
STD_2026_0181,DTJA,P5,80.55,Oui,Non
STD_2026_0181,EMP,P5,68.85,Sous condition,Non
STD_2026_0181,FIC,P5,49.71,Non,Non
STD_2026_0182,AEE,P1,71.59,Sous condition,Non
STD_2026_0182,IAA,P1,49.2,Non,Non
STD_2026_0182,PIP,P1,52.79,Non,Non
STD_2026_0182,EMII,P2,42.09,Non,Non
STD_2026_0182,GCA,P2,49.27,Non,Non
STD_2026_0182,ICMP,P2,47.66,Non,Non
STD_2026_0182,ESIIA,P3,46.79,Non,Oui
STD_2026_0182,IGGLIA,P3,67.17,Sous condition,Non
STD_2026_0182,IMTICIA,P3,66.54,Sous condition,Non
STD_2026_0182,ISAIA,P3,51.81,Non,Non
STD_2026_0182,TEE,P4,72.81,Sous condition,Non
STD_2026_0182,TEH,P4,83.92,Oui,Non
STD_2026_0182,CAA,P5,71.52,Sous condition,Non
STD_2026_0182,DTJA,P5,77.0,Oui,Non
STD_2026_0182,EMP,P5,72.54,Sous condition,Non
STD_2026_0182,FIC,P5,46.92,Non,Non
STD_2026_0183,AEE,P1,51.85,Non,Non
STD_2026_0183,IAA,P1,48.37,Non,Non
STD_2026_0183,PIP,P1,45.11,Non,Non
STD_2026_0183,EMII,P2,44.06,Non,Non
STD_2026_0183,GCA,P2,46.2,Non,Non
STD_2026_0183,ICMP,P2,32.94,Non,Non
STD_2026_0183,ESIIA,P3,41.93,Non,Non
STD_2026_0183,IGGLIA,P3,50.17,Non,Oui
STD_2026_0183,IMTICIA,P3,80.46,Oui,Non
STD_2026_0183,ISAIA,P3,48.71,Non,Non
STD_2026_0183,TEE,P4,77.88,Oui,Non
STD_2026_0183,TEH,P4,78.85,Oui,Non
STD_2026_0183,CAA,P5,75.3,Oui,Non
STD_2026_0183,DTJA,P5,81.51,Oui,Non
STD_2026_0183,EMP,P5,48.19,Non,Non
STD_2026_0183,FIC,P5,43.4,Non,Non
STD_2026_0184,AEE,P1,78.32,Oui,Non
STD_2026_0184,IAA,P1,89.52,Oui,Non
STD_2026_0184,PIP,P1,80.9,Oui,Non
STD_2026_0184,EMII,P2,86.14,Oui,Non
STD_2026_0184,GCA,P2,80.73,Oui,Non
STD_2026_0184,ICMP,P2,98.13,Oui,Non
STD_2026_0184,ESIIA,P3,84.2,Oui,Non
STD_2026_0184,IGGLIA,P3,81.37,Oui,Non
STD_2026_0184,IMTICIA,P3,84.3,Oui,Oui
STD_2026_0184,ISAIA,P3,81.36,Oui,Non
STD_2026_0184,TEE,P4,50.62,Non,Non
STD_2026_0184,TEH,P4,41.79,Non,Non
STD_2026_0184,CAA,P5,80.89,Oui,Non
STD_2026_0184,DTJA,P5,48.41,Non,Non
STD_2026_0184,EMP,P5,81.41,Oui,Non
STD_2026_0184,FIC,P5,83.16,Oui,Non
STD_2026_0185,AEE,P1,85.1,Oui,Non
STD_2026_0185,IAA,P1,78.74,Oui,Non
STD_2026_0185,PIP,P1,81.07,Oui,Non
STD_2026_0185,EMII,P2,78.9,Oui,Non
STD_2026_0185,GCA,P2,79.08,Oui,Non
STD_2026_0185,ICMP,P2,73.42,Sous condition,Non
STD_2026_0185,ESIIA,P3,51.07,Non,Non
STD_2026_0185,IGGLIA,P3,73.39,Sous condition,Non
STD_2026_0185,IMTICIA,P3,79.83,Oui,Non
STD_2026_0185,ISAIA,P3,76.08,Oui,Oui
STD_2026_0185,TEE,P4,82.43,Oui,Non
STD_2026_0185,TEH,P4,83.62,Oui,Non
STD_2026_0185,CAA,P5,78.47,Oui,Non
STD_2026_0185,DTJA,P5,76.47,Oui,Non
STD_2026_0185,EMP,P5,72.22,Sous condition,Non
STD_2026_0185,FIC,P5,69.94,Sous condition,Non
STD_2026_0186,AEE,P1,78.43,Oui,Non
STD_2026_0186,IAA,P1,84.72,Oui,Non
STD_2026_0186,PIP,P1,83.38,Oui,Non
STD_2026_0186,EMII,P2,79.81,Oui,Non
STD_2026_0186,GCA,P2,84.52,Oui,Non
STD_2026_0186,ICMP,P2,84.16,Oui,Non
STD_2026_0186,ESIIA,P3,80.98,Oui,Non
STD_2026_0186,IGGLIA,P3,81.22,Oui,Non
STD_2026_0186,IMTICIA,P3,79.75,Oui,Non
STD_2026_0186,ISAIA,P3,75.1,Oui,Non
STD_2026_0186,TEE,P4,81.36,Oui,Oui
STD_2026_0186,TEH,P4,50.25,Non,Non
STD_2026_0186,CAA,P5,84.9,Oui,Non
STD_2026_0186,DTJA,P5,46.04,Non,Non
STD_2026_0186,EMP,P5,77.27,Oui,Non
STD_2026_0186,FIC,P5,82.43,Oui,Non
STD_2026_0187,AEE,P1,54.68,Non,Non
STD_2026_0187,IAA,P1,56.77,Non,Non
STD_2026_0187,PIP,P1,54.98,Non,Non
STD_2026_0187,EMII,P2,61.4,Non,Non
STD_2026_0187,GCA,P2,55.76,Non,Non
STD_2026_0187,ICMP,P2,61.31,Non,Non
STD_2026_0187,ESIIA,P3,52.7,Non,Non
STD_2026_0187,IGGLIA,P3,83.67,Oui,Non
STD_2026_0187,IMTICIA,P3,77.36,Oui,Non
STD_2026_0187,ISAIA,P3,79.2,Oui,Non
STD_2026_0187,TEE,P4,77.1,Oui,Non
STD_2026_0187,TEH,P4,81.03,Oui,Oui
STD_2026_0187,CAA,P5,82.48,Oui,Non
STD_2026_0187,DTJA,P5,75.74,Oui,Non
STD_2026_0187,EMP,P5,78.89,Oui,Non
STD_2026_0187,FIC,P5,82.68,Oui,Non
STD_2026_0188,AEE,P1,57.64,Non,Non
STD_2026_0188,IAA,P1,83.9,Oui,Non
STD_2026_0188,PIP,P1,64.76,Non,Non
STD_2026_0188,EMII,P2,79.95,Oui,Non
STD_2026_0188,GCA,P2,83.43,Oui,Non
STD_2026_0188,ICMP,P2,79.06,Oui,Non
STD_2026_0188,ESIIA,P3,79.65,Oui,Non
STD_2026_0188,IGGLIA,P3,85.08,Oui,Non
STD_2026_0188,IMTICIA,P3,89.94,Oui,Non
STD_2026_0188,ISAIA,P3,62.74,Non,Non
STD_2026_0188,TEE,P4,77.57,Non,Non
STD_2026_0188,TEH,P4,69.93,Non,Non
STD_2026_0188,CAA,P5,59.77,Non,Oui
STD_2026_0188,DTJA,P5,57.25,Non,Non
STD_2026_0188,EMP,P5,61.65,Non,Non
STD_2026_0188,FIC,P5,68.49,Non,Non
STD_2026_0189,AEE,P1,78.37,Oui,Non
STD_2026_0189,IAA,P1,54.23,Non,Non
STD_2026_0189,PIP,P1,46.88,Non,Non
STD_2026_0189,EMII,P2,53.85,Non,Non
STD_2026_0189,GCA,P2,45.98,Non,Non
STD_2026_0189,ICMP,P2,50.4,Non,Non
STD_2026_0189,ESIIA,P3,54.62,Non,Non
STD_2026_0189,IGGLIA,P3,82.27,Oui,Non
STD_2026_0189,IMTICIA,P3,80.78,Oui,Non
STD_2026_0189,ISAIA,P3,51.88,Non,Non
STD_2026_0189,TEE,P4,70.39,Sous condition,Non
STD_2026_0189,TEH,P4,79.61,Oui,Non
STD_2026_0189,CAA,P5,75.19,Oui,Non
STD_2026_0189,DTJA,P5,79.67,Oui,Oui
STD_2026_0189,EMP,P5,74.55,Sous condition,Non
STD_2026_0189,FIC,P5,58.26,Non,Non
STD_2026_0190,AEE,P1,75.97,Oui,Non
STD_2026_0190,IAA,P1,46.99,Non,Non
STD_2026_0190,PIP,P1,46.73,Non,Non
STD_2026_0190,EMII,P2,45.46,Non,Non
STD_2026_0190,GCA,P2,43.25,Non,Non
STD_2026_0190,ICMP,P2,42.59,Non,Non
STD_2026_0190,ESIIA,P3,36.94,Non,Non
STD_2026_0190,IGGLIA,P3,71.65,Sous condition,Non
STD_2026_0190,IMTICIA,P3,70.19,Sous condition,Non
STD_2026_0190,ISAIA,P3,49.46,Non,Non
STD_2026_0190,TEE,P4,73.41,Sous condition,Non
STD_2026_0190,TEH,P4,80.97,Oui,Non
STD_2026_0190,CAA,P5,72.74,Sous condition,Non
STD_2026_0190,DTJA,P5,71.72,Sous condition,Non
STD_2026_0190,EMP,P5,71.31,Sous condition,Oui
STD_2026_0190,FIC,P5,55.12,Non,Non
STD_2026_0191,AEE,P1,74.08,Sous condition,Non
STD_2026_0191,IAA,P1,50.83,Non,Non
STD_2026_0191,PIP,P1,50.21,Non,Non
STD_2026_0191,EMII,P2,48.07,Non,Non
STD_2026_0191,GCA,P2,49.29,Non,Non
STD_2026_0191,ICMP,P2,41.03,Non,Non
STD_2026_0191,ESIIA,P3,44.14,Non,Non
STD_2026_0191,IGGLIA,P3,80.57,Oui,Non
STD_2026_0191,IMTICIA,P3,77.93,Oui,Non
STD_2026_0191,ISAIA,P3,49.28,Non,Non
STD_2026_0191,TEE,P4,76.44,Oui,Non
STD_2026_0191,TEH,P4,86.96,Oui,Non
STD_2026_0191,CAA,P5,74.69,Sous condition,Non
STD_2026_0191,DTJA,P5,80.28,Oui,Non
STD_2026_0191,EMP,P5,82.48,Oui,Non
STD_2026_0191,FIC,P5,56.1,Non,Oui
STD_2026_0192,AEE,P1,51.37,Non,Oui
STD_2026_0192,IAA,P1,59.16,Non,Non
STD_2026_0192,PIP,P1,52.31,Non,Non
STD_2026_0192,EMII,P2,49.26,Non,Non
STD_2026_0192,GCA,P2,51.8,Non,Non
STD_2026_0192,ICMP,P2,56.75,Non,Non
STD_2026_0192,ESIIA,P3,52.91,Non,Non
STD_2026_0192,IGGLIA,P3,55.26,Non,Non
STD_2026_0192,IMTICIA,P3,81.55,Oui,Non
STD_2026_0192,ISAIA,P3,56.57,Non,Non
STD_2026_0192,TEE,P4,76.39,Oui,Non
STD_2026_0192,TEH,P4,78.31,Oui,Non
STD_2026_0192,CAA,P5,80.35,Oui,Non
STD_2026_0192,DTJA,P5,80.51,Oui,Non
STD_2026_0192,EMP,P5,52.53,Non,Non
STD_2026_0192,FIC,P5,53.92,Non,Non
STD_2026_0193,AEE,P1,83.47,Oui,Non
STD_2026_0193,IAA,P1,85.82,Oui,Oui
STD_2026_0193,PIP,P1,82.22,Oui,Non
STD_2026_0193,EMII,P2,83.59,Oui,Non
STD_2026_0193,GCA,P2,90.34,Oui,Non
STD_2026_0193,ICMP,P2,90.2,Oui,Non
STD_2026_0193,ESIIA,P3,85.69,Oui,Non
STD_2026_0193,IGGLIA,P3,77.2,Oui,Non
STD_2026_0193,IMTICIA,P3,80.22,Oui,Non
STD_2026_0193,ISAIA,P3,79.65,Oui,Non
STD_2026_0193,TEE,P4,63.05,Non,Non
STD_2026_0193,TEH,P4,51.75,Non,Non
STD_2026_0193,CAA,P5,81.86,Oui,Non
STD_2026_0193,DTJA,P5,52.47,Non,Non
STD_2026_0193,EMP,P5,74.74,Sous condition,Non
STD_2026_0193,FIC,P5,85.29,Oui,Non
STD_2026_0194,AEE,P1,87.78,Oui,Non
STD_2026_0194,IAA,P1,82.21,Oui,Non
STD_2026_0194,PIP,P1,84.83,Oui,Oui
STD_2026_0194,EMII,P2,85.9,Oui,Non
STD_2026_0194,GCA,P2,79.27,Oui,Non
STD_2026_0194,ICMP,P2,90.5,Oui,Non
STD_2026_0194,ESIIA,P3,59.43,Non,Non
STD_2026_0194,IGGLIA,P3,78.44,Oui,Non
STD_2026_0194,IMTICIA,P3,80.11,Oui,Non
STD_2026_0194,ISAIA,P3,75.98,Oui,Non
STD_2026_0194,TEE,P4,74.62,Sous condition,Non
STD_2026_0194,TEH,P4,73.19,Sous condition,Non
STD_2026_0194,CAA,P5,76.62,Oui,Non
STD_2026_0194,DTJA,P5,67.49,Sous condition,Non
STD_2026_0194,EMP,P5,74.36,Sous condition,Non
STD_2026_0194,FIC,P5,73.27,Sous condition,Non
STD_2026_0195,AEE,P1,78.72,Oui,Non
STD_2026_0195,IAA,P1,77.2,Oui,Non
STD_2026_0195,PIP,P1,77.76,Oui,Non
STD_2026_0195,EMII,P2,84.29,Oui,Oui
STD_2026_0195,GCA,P2,83.11,Oui,Non
STD_2026_0195,ICMP,P2,83.03,Oui,Non
STD_2026_0195,ESIIA,P3,78.84,Oui,Non
STD_2026_0195,IGGLIA,P3,74.76,Sous condition,Non
STD_2026_0195,IMTICIA,P3,70.99,Sous condition,Non
STD_2026_0195,ISAIA,P3,75.69,Oui,Non
STD_2026_0195,TEE,P4,65.2,Sous condition,Non
STD_2026_0195,TEH,P4,36.9,Non,Non
STD_2026_0195,CAA,P5,78.69,Oui,Non
STD_2026_0195,DTJA,P5,43.07,Non,Non
STD_2026_0195,EMP,P5,75.91,Oui,Non
STD_2026_0195,FIC,P5,80.94,Oui,Non
STD_2026_0196,AEE,P1,52.35,Non,Non
STD_2026_0196,IAA,P1,47.82,Non,Non
STD_2026_0196,PIP,P1,45.93,Non,Non
STD_2026_0196,EMII,P2,45.21,Non,Non
STD_2026_0196,GCA,P2,46.87,Non,Oui
STD_2026_0196,ICMP,P2,55.89,Non,Non
STD_2026_0196,ESIIA,P3,51.03,Non,Non
STD_2026_0196,IGGLIA,P3,69.35,Sous condition,Non
STD_2026_0196,IMTICIA,P3,75.37,Oui,Non
STD_2026_0196,ISAIA,P3,74.05,Sous condition,Non
STD_2026_0196,TEE,P4,67.1,Sous condition,Non
STD_2026_0196,TEH,P4,79.18,Oui,Non
STD_2026_0196,CAA,P5,77.35,Oui,Non
STD_2026_0196,DTJA,P5,76.27,Oui,Non
STD_2026_0196,EMP,P5,84.02,Oui,Non
STD_2026_0196,FIC,P5,83.33,Oui,Non
STD_2026_0197,AEE,P1,54.78,Non,Non
STD_2026_0197,IAA,P1,81.37,Oui,Non
STD_2026_0197,PIP,P1,51.62,Non,Non
STD_2026_0197,EMII,P2,86.63,Oui,Non
STD_2026_0197,GCA,P2,86.9,Oui,Non
STD_2026_0197,ICMP,P2,96.21,Oui,Oui
STD_2026_0197,ESIIA,P3,92.07,Oui,Non
STD_2026_0197,IGGLIA,P3,77.31,Oui,Non
STD_2026_0197,IMTICIA,P3,79.4,Oui,Non
STD_2026_0197,ISAIA,P3,57.82,Non,Non
STD_2026_0197,TEE,P4,46.79,Non,Non
STD_2026_0197,TEH,P4,47.83,Non,Non
STD_2026_0197,CAA,P5,54.26,Non,Non
STD_2026_0197,DTJA,P5,51.91,Non,Non
STD_2026_0197,EMP,P5,56.6,Non,Non
STD_2026_0197,FIC,P5,54.39,Non,Non
STD_2026_0198,AEE,P1,79.2,Oui,Non
STD_2026_0198,IAA,P1,55.15,Non,Non
STD_2026_0198,PIP,P1,54.66,Non,Non
STD_2026_0198,EMII,P2,48.63,Non,Non
STD_2026_0198,GCA,P2,53.24,Non,Non
STD_2026_0198,ICMP,P2,44.25,Non,Non
STD_2026_0198,ESIIA,P3,48.64,Non,Oui
STD_2026_0198,IGGLIA,P3,81.83,Oui,Non
STD_2026_0198,IMTICIA,P3,79.85,Oui,Non
STD_2026_0198,ISAIA,P3,52.0,Non,Non
STD_2026_0198,TEE,P4,76.71,Oui,Non
STD_2026_0198,TEH,P4,75.3,Oui,Non
STD_2026_0198,CAA,P5,77.03,Oui,Non
STD_2026_0198,DTJA,P5,78.02,Oui,Non
STD_2026_0198,EMP,P5,80.22,Oui,Non
STD_2026_0198,FIC,P5,61.75,Non,Non
STD_2026_0199,AEE,P1,66.89,Sous condition,Non
STD_2026_0199,IAA,P1,41.51,Non,Non
STD_2026_0199,PIP,P1,39.38,Non,Non
STD_2026_0199,EMII,P2,37.71,Non,Non
STD_2026_0199,GCA,P2,51.76,Non,Non
STD_2026_0199,ICMP,P2,41.1,Non,Non
STD_2026_0199,ESIIA,P3,32.99,Non,Non
STD_2026_0199,IGGLIA,P3,59.65,Sous condition,Oui
STD_2026_0199,IMTICIA,P3,64.55,Sous condition,Non
STD_2026_0199,ISAIA,P3,36.52,Non,Non
STD_2026_0199,TEE,P4,72.83,Sous condition,Non
STD_2026_0199,TEH,P4,70.61,Sous condition,Non
STD_2026_0199,CAA,P5,69.13,Sous condition,Non
STD_2026_0199,DTJA,P5,77.97,Oui,Non
STD_2026_0199,EMP,P5,63.98,Sous condition,Non
STD_2026_0199,FIC,P5,46.05,Non,Non
STD_2026_0200,AEE,P1,74.31,Sous condition,Non
STD_2026_0200,IAA,P1,48.96,Non,Non
STD_2026_0200,PIP,P1,49.33,Non,Non
STD_2026_0200,EMII,P2,41.18,Non,Non
STD_2026_0200,GCA,P2,54.95,Non,Non
STD_2026_0200,ICMP,P2,53.13,Non,Non
STD_2026_0200,ESIIA,P3,43.85,Non,Non
STD_2026_0200,IGGLIA,P3,72.61,Sous condition,Non
STD_2026_0200,IMTICIA,P3,70.73,Sous condition,Oui
STD_2026_0200,ISAIA,P3,46.55,Non,Non
STD_2026_0200,TEE,P4,72.06,Sous condition,Non
STD_2026_0200,TEH,P4,71.47,Sous condition,Non
STD_2026_0200,CAA,P5,74.04,Sous condition,Non
STD_2026_0200,DTJA,P5,73.58,Sous condition,Non
STD_2026_0200,EMP,P5,69.53,Sous condition,Non
STD_2026_0200,FIC,P5,55.81,Non,Non
STD_2026_0201,AEE,P1,44.9,Non,Non
STD_2026_0201,IAA,P1,52.25,Non,Non
STD_2026_0201,PIP,P1,45.61,Non,Non
STD_2026_0201,EMII,P2,38.19,Non,Non
STD_2026_0201,GCA,P2,45.55,Non,Non
STD_2026_0201,ICMP,P2,44.5,Non,Non
STD_2026_0201,ESIIA,P3,39.29,Non,Non
STD_2026_0201,IGGLIA,P3,51.86,Non,Non
STD_2026_0201,IMTICIA,P3,79.52,Oui,Non
STD_2026_0201,ISAIA,P3,50.59,Non,Oui
STD_2026_0201,TEE,P4,78.84,Oui,Non
STD_2026_0201,TEH,P4,74.07,Sous condition,Non
STD_2026_0201,CAA,P5,72.66,Sous condition,Non
STD_2026_0201,DTJA,P5,70.74,Sous condition,Non
STD_2026_0201,EMP,P5,48.29,Non,Non
STD_2026_0201,FIC,P5,47.12,Non,Non
STD_2026_0202,AEE,P1,86.01,Oui,Non
STD_2026_0202,IAA,P1,82.33,Oui,Non
STD_2026_0202,PIP,P1,83.87,Oui,Non
STD_2026_0202,EMII,P2,83.45,Oui,Non
STD_2026_0202,GCA,P2,87.56,Oui,Non
STD_2026_0202,ICMP,P2,92.34,Oui,Non
STD_2026_0202,ESIIA,P3,83.78,Oui,Non
STD_2026_0202,IGGLIA,P3,78.22,Oui,Non
STD_2026_0202,IMTICIA,P3,77.42,Oui,Non
STD_2026_0202,ISAIA,P3,74.52,Sous condition,Non
STD_2026_0202,TEE,P4,54.98,Non,Oui
STD_2026_0202,TEH,P4,46.98,Non,Non
STD_2026_0202,CAA,P5,74.3,Sous condition,Non
STD_2026_0202,DTJA,P5,51.35,Non,Non
STD_2026_0202,EMP,P5,76.23,Oui,Non
STD_2026_0202,FIC,P5,78.98,Oui,Non
STD_2026_0203,AEE,P1,84.47,Oui,Non
STD_2026_0203,IAA,P1,85.17,Oui,Non
STD_2026_0203,PIP,P1,84.38,Oui,Non
STD_2026_0203,EMII,P2,82.14,Oui,Non
STD_2026_0203,GCA,P2,87.68,Oui,Non
STD_2026_0203,ICMP,P2,94.64,Oui,Non
STD_2026_0203,ESIIA,P3,64.93,Non,Non
STD_2026_0203,IGGLIA,P3,82.46,Oui,Non
STD_2026_0203,IMTICIA,P3,82.09,Oui,Non
STD_2026_0203,ISAIA,P3,80.39,Oui,Non
STD_2026_0203,TEE,P4,80.02,Oui,Non
STD_2026_0203,TEH,P4,80.78,Oui,Oui
STD_2026_0203,CAA,P5,80.45,Oui,Non
STD_2026_0203,DTJA,P5,77.68,Oui,Non
STD_2026_0203,EMP,P5,81.73,Oui,Non
STD_2026_0203,FIC,P5,85.65,Oui,Non
STD_2026_0204,AEE,P1,86.89,Oui,Non
STD_2026_0204,IAA,P1,86.35,Oui,Non
STD_2026_0204,PIP,P1,87.54,Oui,Non
STD_2026_0204,EMII,P2,85.02,Oui,Non
STD_2026_0204,GCA,P2,84.42,Oui,Non
STD_2026_0204,ICMP,P2,85.64,Oui,Non
STD_2026_0204,ESIIA,P3,78.48,Oui,Non
STD_2026_0204,IGGLIA,P3,79.95,Oui,Non
STD_2026_0204,IMTICIA,P3,70.79,Sous condition,Non
STD_2026_0204,ISAIA,P3,83.16,Oui,Non
STD_2026_0204,TEE,P4,77.15,Oui,Non
STD_2026_0204,TEH,P4,47.81,Non,Non
STD_2026_0204,CAA,P5,81.51,Oui,Oui
STD_2026_0204,DTJA,P5,58.82,Non,Non
STD_2026_0204,EMP,P5,76.85,Oui,Non
STD_2026_0204,FIC,P5,81.03,Oui,Non
STD_2026_0205,AEE,P1,55.52,Non,Non
STD_2026_0205,IAA,P1,53.16,Non,Non
STD_2026_0205,PIP,P1,47.99,Non,Non
STD_2026_0205,EMII,P2,41.48,Non,Non
STD_2026_0205,GCA,P2,53.19,Non,Non
STD_2026_0205,ICMP,P2,37.33,Non,Non
STD_2026_0205,ESIIA,P3,43.07,Non,Non
STD_2026_0205,IGGLIA,P3,74.68,Sous condition,Non
STD_2026_0205,IMTICIA,P3,77.03,Oui,Non
STD_2026_0205,ISAIA,P3,73.65,Sous condition,Non
STD_2026_0205,TEE,P4,77.17,Oui,Non
STD_2026_0205,TEH,P4,79.13,Oui,Non
STD_2026_0205,CAA,P5,82.62,Oui,Non
STD_2026_0205,DTJA,P5,73.22,Sous condition,Oui
STD_2026_0205,EMP,P5,79.95,Oui,Non
STD_2026_0205,FIC,P5,81.42,Oui,Non
STD_2026_0206,AEE,P1,63.8,Non,Non
STD_2026_0206,IAA,P1,79.55,Oui,Non
STD_2026_0206,PIP,P1,54.22,Non,Non
STD_2026_0206,EMII,P2,81.9,Oui,Non
STD_2026_0206,GCA,P2,80.44,Oui,Non
STD_2026_0206,ICMP,P2,85.0,Oui,Non
STD_2026_0206,ESIIA,P3,83.95,Oui,Non
STD_2026_0206,IGGLIA,P3,80.89,Oui,Non
STD_2026_0206,IMTICIA,P3,80.76,Oui,Non
STD_2026_0206,ISAIA,P3,50.69,Non,Non
STD_2026_0206,TEE,P4,52.49,Non,Non
STD_2026_0206,TEH,P4,52.86,Non,Non
STD_2026_0206,CAA,P5,50.94,Non,Non
STD_2026_0206,DTJA,P5,49.09,Non,Non
STD_2026_0206,EMP,P5,60.02,Non,Oui
STD_2026_0206,FIC,P5,59.4,Non,Non
STD_2026_0207,AEE,P1,68.67,Sous condition,Non
STD_2026_0207,IAA,P1,51.8,Non,Non
STD_2026_0207,PIP,P1,49.53,Non,Non
STD_2026_0207,EMII,P2,38.68,Non,Non
STD_2026_0207,GCA,P2,42.08,Non,Non
STD_2026_0207,ICMP,P2,41.48,Non,Non
STD_2026_0207,ESIIA,P3,39.82,Non,Non
STD_2026_0207,IGGLIA,P3,74.19,Sous condition,Non
STD_2026_0207,IMTICIA,P3,74.51,Sous condition,Non
STD_2026_0207,ISAIA,P3,51.26,Non,Non
STD_2026_0207,TEE,P4,76.32,Oui,Non
STD_2026_0207,TEH,P4,79.51,Oui,Non
STD_2026_0207,CAA,P5,73.44,Sous condition,Non
STD_2026_0207,DTJA,P5,72.83,Sous condition,Non
STD_2026_0207,EMP,P5,73.04,Sous condition,Non
STD_2026_0207,FIC,P5,53.23,Non,Oui
STD_2026_0208,AEE,P1,68.41,Sous condition,Oui
STD_2026_0208,IAA,P1,39.62,Non,Non
STD_2026_0208,PIP,P1,44.11,Non,Non
STD_2026_0208,EMII,P2,31.4,Non,Non
STD_2026_0208,GCA,P2,40.04,Non,Non
STD_2026_0208,ICMP,P2,35.86,Non,Non
STD_2026_0208,ESIIA,P3,36.32,Non,Non
STD_2026_0208,IGGLIA,P3,69.7,Sous condition,Non
STD_2026_0208,IMTICIA,P3,67.16,Sous condition,Non
STD_2026_0208,ISAIA,P3,50.78,Non,Non
STD_2026_0208,TEE,P4,75.45,Oui,Non
STD_2026_0208,TEH,P4,77.46,Oui,Non
STD_2026_0208,CAA,P5,72.24,Sous condition,Non
STD_2026_0208,DTJA,P5,75.65,Oui,Non
STD_2026_0208,EMP,P5,68.07,Sous condition,Non
STD_2026_0208,FIC,P5,53.62,Non,Non
STD_2026_0209,AEE,P1,75.67,Oui,Non
STD_2026_0209,IAA,P1,54.32,Non,Oui
STD_2026_0209,PIP,P1,55.82,Non,Non
STD_2026_0209,EMII,P2,54.88,Non,Non
STD_2026_0209,GCA,P2,55.64,Non,Non
STD_2026_0209,ICMP,P2,51.51,Non,Non
STD_2026_0209,ESIIA,P3,53.81,Non,Non
STD_2026_0209,IGGLIA,P3,79.6,Oui,Non
STD_2026_0209,IMTICIA,P3,74.43,Sous condition,Non
STD_2026_0209,ISAIA,P3,50.18,Non,Non
STD_2026_0209,TEE,P4,77.85,Oui,Non
STD_2026_0209,TEH,P4,85.25,Oui,Non
STD_2026_0209,CAA,P5,73.82,Sous condition,Non
STD_2026_0209,DTJA,P5,80.9,Oui,Non
STD_2026_0209,EMP,P5,76.24,Oui,Non
STD_2026_0209,FIC,P5,46.47,Non,Non
STD_2026_0210,AEE,P1,48.79,Non,Non
STD_2026_0210,IAA,P1,49.88,Non,Non
STD_2026_0210,PIP,P1,46.6,Non,Oui
STD_2026_0210,EMII,P2,42.34,Non,Non
STD_2026_0210,GCA,P2,43.17,Non,Non
STD_2026_0210,ICMP,P2,48.98,Non,Non
STD_2026_0210,ESIIA,P3,44.16,Non,Non
STD_2026_0210,IGGLIA,P3,47.36,Non,Non
STD_2026_0210,IMTICIA,P3,78.01,Oui,Non
STD_2026_0210,ISAIA,P3,53.32,Non,Non
STD_2026_0210,TEE,P4,77.93,Oui,Non
STD_2026_0210,TEH,P4,77.33,Oui,Non
STD_2026_0210,CAA,P5,74.15,Sous condition,Non
STD_2026_0210,DTJA,P5,67.21,Sous condition,Non
STD_2026_0210,EMP,P5,50.78,Non,Non
STD_2026_0210,FIC,P5,53.81,Non,Non
STD_2026_0211,AEE,P1,80.27,Oui,Non
STD_2026_0211,IAA,P1,73.04,Sous condition,Non
STD_2026_0211,PIP,P1,78.53,Oui,Non
STD_2026_0211,EMII,P2,79.34,Oui,Oui
STD_2026_0211,GCA,P2,80.53,Oui,Non
STD_2026_0211,ICMP,P2,87.81,Oui,Non
STD_2026_0211,ESIIA,P3,76.61,Oui,Non
STD_2026_0211,IGGLIA,P3,71.32,Sous condition,Non
STD_2026_0211,IMTICIA,P3,73.83,Sous condition,Non
STD_2026_0211,ISAIA,P3,71.63,Sous condition,Non
STD_2026_0211,TEE,P4,50.62,Non,Non
STD_2026_0211,TEH,P4,45.14,Non,Non
STD_2026_0211,CAA,P5,69.93,Sous condition,Non
STD_2026_0211,DTJA,P5,46.62,Non,Non
STD_2026_0211,EMP,P5,73.53,Sous condition,Non
STD_2026_0211,FIC,P5,77.14,Oui,Non
STD_2026_0212,AEE,P1,81.02,Oui,Non
STD_2026_0212,IAA,P1,81.9,Oui,Non
STD_2026_0212,PIP,P1,86.01,Oui,Non
STD_2026_0212,EMII,P2,74.5,Sous condition,Non
STD_2026_0212,GCA,P2,76.76,Oui,Oui
STD_2026_0212,ICMP,P2,84.52,Oui,Non
STD_2026_0212,ESIIA,P3,58.1,Non,Non
STD_2026_0212,IGGLIA,P3,83.92,Oui,Non
STD_2026_0212,IMTICIA,P3,84.08,Oui,Non
STD_2026_0212,ISAIA,P3,80.2,Oui,Non
STD_2026_0212,TEE,P4,82.5,Oui,Non
STD_2026_0212,TEH,P4,81.61,Oui,Non
STD_2026_0212,CAA,P5,86.25,Oui,Non
STD_2026_0212,DTJA,P5,84.73,Oui,Non
STD_2026_0212,EMP,P5,79.53,Oui,Non
STD_2026_0212,FIC,P5,93.49,Oui,Non
STD_2026_0213,AEE,P1,79.91,Oui,Non
STD_2026_0213,IAA,P1,71.84,Sous condition,Non
STD_2026_0213,PIP,P1,81.27,Oui,Non
STD_2026_0213,EMII,P2,78.47,Oui,Non
STD_2026_0213,GCA,P2,77.84,Oui,Non
STD_2026_0213,ICMP,P2,75.64,Oui,Oui
STD_2026_0213,ESIIA,P3,81.16,Oui,Non
STD_2026_0213,IGGLIA,P3,79.15,Oui,Non
STD_2026_0213,IMTICIA,P3,74.9,Sous condition,Non
STD_2026_0213,ISAIA,P3,75.01,Oui,Non
STD_2026_0213,TEE,P4,84.35,Oui,Non
STD_2026_0213,TEH,P4,50.28,Non,Non
STD_2026_0213,CAA,P5,74.13,Sous condition,Non
STD_2026_0213,DTJA,P5,49.91,Non,Non
STD_2026_0213,EMP,P5,79.88,Oui,Non
STD_2026_0213,FIC,P5,74.74,Sous condition,Non
STD_2026_0214,AEE,P1,50.76,Non,Non
STD_2026_0214,IAA,P1,55.14,Non,Non
STD_2026_0214,PIP,P1,50.58,Non,Non
STD_2026_0214,EMII,P2,50.93,Non,Non
STD_2026_0214,GCA,P2,50.5,Non,Non
STD_2026_0214,ICMP,P2,60.97,Non,Non
STD_2026_0214,ESIIA,P3,53.36,Non,Oui
STD_2026_0214,IGGLIA,P3,77.66,Oui,Non
STD_2026_0214,IMTICIA,P3,73.15,Sous condition,Non
STD_2026_0214,ISAIA,P3,74.97,Sous condition,Non
STD_2026_0214,TEE,P4,69.39,Sous condition,Non
STD_2026_0214,TEH,P4,72.48,Sous condition,Non
STD_2026_0214,CAA,P5,79.84,Oui,Non
STD_2026_0214,DTJA,P5,66.91,Sous condition,Non
STD_2026_0214,EMP,P5,79.4,Oui,Non
STD_2026_0214,FIC,P5,81.45,Oui,Non
STD_2026_0215,AEE,P1,51.71,Non,Non
STD_2026_0215,IAA,P1,79.86,Oui,Non
STD_2026_0215,PIP,P1,56.41,Non,Non
STD_2026_0215,EMII,P2,83.33,Oui,Non
STD_2026_0215,GCA,P2,85.67,Oui,Non
STD_2026_0215,ICMP,P2,95.75,Oui,Non
STD_2026_0215,ESIIA,P3,88.93,Oui,Non
STD_2026_0215,IGGLIA,P3,76.77,Oui,Oui
STD_2026_0215,IMTICIA,P3,82.64,Oui,Non
STD_2026_0215,ISAIA,P3,60.04,Non,Non
STD_2026_0215,TEE,P4,44.74,Non,Non
STD_2026_0215,TEH,P4,43.45,Non,Non
STD_2026_0215,CAA,P5,51.63,Non,Non
STD_2026_0215,DTJA,P5,48.4,Non,Non
STD_2026_0215,EMP,P5,52.5,Non,Non
STD_2026_0215,FIC,P5,57.29,Non,Non
STD_2026_0216,AEE,P1,75.37,Oui,Non
STD_2026_0216,IAA,P1,39.5,Non,Non
STD_2026_0216,PIP,P1,46.58,Non,Non
STD_2026_0216,EMII,P2,46.03,Non,Non
STD_2026_0216,GCA,P2,36.76,Non,Non
STD_2026_0216,ICMP,P2,38.32,Non,Non
STD_2026_0216,ESIIA,P3,46.19,Non,Non
STD_2026_0216,IGGLIA,P3,74.95,Sous condition,Non
STD_2026_0216,IMTICIA,P3,66.42,Sous condition,Oui
STD_2026_0216,ISAIA,P3,50.4,Non,Non
STD_2026_0216,TEE,P4,74.44,Sous condition,Non
STD_2026_0216,TEH,P4,77.0,Oui,Non
STD_2026_0216,CAA,P5,71.77,Sous condition,Non
STD_2026_0216,DTJA,P5,74.57,Sous condition,Non
STD_2026_0216,EMP,P5,71.19,Sous condition,Non
STD_2026_0216,FIC,P5,46.35,Non,Non
STD_2026_0217,AEE,P1,83.72,Oui,Non
STD_2026_0217,IAA,P1,52.28,Non,Non
STD_2026_0217,PIP,P1,55.34,Non,Non
STD_2026_0217,EMII,P2,51.71,Non,Non
STD_2026_0217,GCA,P2,49.37,Non,Non
STD_2026_0217,ICMP,P2,51.55,Non,Non
STD_2026_0217,ESIIA,P3,46.2,Non,Non
STD_2026_0217,IGGLIA,P3,80.67,Oui,Non
STD_2026_0217,IMTICIA,P3,83.73,Oui,Non
STD_2026_0217,ISAIA,P3,54.54,Non,Oui
STD_2026_0217,TEE,P4,74.89,Sous condition,Non
STD_2026_0217,TEH,P4,81.31,Oui,Non
STD_2026_0217,CAA,P5,79.97,Oui,Non
STD_2026_0217,DTJA,P5,86.47,Oui,Non
STD_2026_0217,EMP,P5,80.71,Oui,Non
STD_2026_0217,FIC,P5,60.41,Non,Non
STD_2026_0218,AEE,P1,74.45,Sous condition,Non
STD_2026_0218,IAA,P1,47.81,Non,Non
STD_2026_0218,PIP,P1,46.1,Non,Non
STD_2026_0218,EMII,P2,38.22,Non,Non
STD_2026_0218,GCA,P2,44.15,Non,Non
STD_2026_0218,ICMP,P2,48.69,Non,Non
STD_2026_0218,ESIIA,P3,41.12,Non,Non
STD_2026_0218,IGGLIA,P3,67.52,Sous condition,Non
STD_2026_0218,IMTICIA,P3,67.53,Sous condition,Non
STD_2026_0218,ISAIA,P3,43.46,Non,Non
STD_2026_0218,TEE,P4,78.94,Oui,Oui
STD_2026_0218,TEH,P4,70.44,Sous condition,Non
STD_2026_0218,CAA,P5,68.9,Sous condition,Non
STD_2026_0218,DTJA,P5,68.04,Sous condition,Non
STD_2026_0218,EMP,P5,59.9,Sous condition,Non
STD_2026_0218,FIC,P5,48.47,Non,Non
STD_2026_0219,AEE,P1,52.62,Non,Non
STD_2026_0219,IAA,P1,54.99,Non,Non
STD_2026_0219,PIP,P1,61.72,Non,Non
STD_2026_0219,EMII,P2,55.14,Non,Non
STD_2026_0219,GCA,P2,54.96,Non,Non
STD_2026_0219,ICMP,P2,49.78,Non,Non
STD_2026_0219,ESIIA,P3,55.59,Non,Non
STD_2026_0219,IGGLIA,P3,58.88,Non,Non
STD_2026_0219,IMTICIA,P3,80.64,Oui,Non
STD_2026_0219,ISAIA,P3,59.78,Non,Non
STD_2026_0219,TEE,P4,80.09,Oui,Non
STD_2026_0219,TEH,P4,85.57,Oui,Oui
STD_2026_0219,CAA,P5,81.81,Oui,Non
STD_2026_0219,DTJA,P5,84.15,Oui,Non
STD_2026_0219,EMP,P5,58.79,Non,Non
STD_2026_0219,FIC,P5,52.74,Non,Non
STD_2026_0220,AEE,P1,75.89,Oui,Non
STD_2026_0220,IAA,P1,83.2,Oui,Non
STD_2026_0220,PIP,P1,79.32,Oui,Non
STD_2026_0220,EMII,P2,81.71,Oui,Non
STD_2026_0220,GCA,P2,85.79,Oui,Non
STD_2026_0220,ICMP,P2,77.17,Oui,Non
STD_2026_0220,ESIIA,P3,85.89,Oui,Non
STD_2026_0220,IGGLIA,P3,76.44,Oui,Non
STD_2026_0220,IMTICIA,P3,79.13,Oui,Non
STD_2026_0220,ISAIA,P3,76.43,Oui,Non
STD_2026_0220,TEE,P4,54.25,Non,Non
STD_2026_0220,TEH,P4,57.62,Non,Non
STD_2026_0220,CAA,P5,73.85,Sous condition,Oui
STD_2026_0220,DTJA,P5,52.93,Non,Non
STD_2026_0220,EMP,P5,75.87,Oui,Non
STD_2026_0220,FIC,P5,79.29,Oui,Non
STD_2026_0221,AEE,P1,80.28,Oui,Non
STD_2026_0221,IAA,P1,85.82,Oui,Non
STD_2026_0221,PIP,P1,81.51,Oui,Non
STD_2026_0221,EMII,P2,77.38,Oui,Non
STD_2026_0221,GCA,P2,85.94,Oui,Non
STD_2026_0221,ICMP,P2,78.2,Oui,Non
STD_2026_0221,ESIIA,P3,57.75,Non,Non
STD_2026_0221,IGGLIA,P3,74.41,Sous condition,Non
STD_2026_0221,IMTICIA,P3,70.49,Sous condition,Non
STD_2026_0221,ISAIA,P3,79.09,Oui,Non
STD_2026_0221,TEE,P4,75.2,Oui,Non
STD_2026_0221,TEH,P4,72.1,Sous condition,Non
STD_2026_0221,CAA,P5,76.99,Oui,Non
STD_2026_0221,DTJA,P5,67.72,Sous condition,Oui
STD_2026_0221,EMP,P5,79.43,Oui,Non
STD_2026_0221,FIC,P5,70.81,Sous condition,Non
STD_2026_0222,AEE,P1,82.53,Oui,Non
STD_2026_0222,IAA,P1,83.65,Oui,Non
STD_2026_0222,PIP,P1,79.0,Oui,Non
STD_2026_0222,EMII,P2,81.4,Oui,Non
STD_2026_0222,GCA,P2,80.89,Oui,Non
STD_2026_0222,ICMP,P2,88.73,Oui,Non
STD_2026_0222,ESIIA,P3,83.95,Oui,Non
STD_2026_0222,IGGLIA,P3,83.23,Oui,Non
STD_2026_0222,IMTICIA,P3,83.7,Oui,Non
STD_2026_0222,ISAIA,P3,88.66,Oui,Non
STD_2026_0222,TEE,P4,79.24,Oui,Non
STD_2026_0222,TEH,P4,42.18,Non,Non
STD_2026_0222,CAA,P5,77.86,Oui,Non
STD_2026_0222,DTJA,P5,47.42,Non,Non
STD_2026_0222,EMP,P5,79.38,Oui,Oui
STD_2026_0222,FIC,P5,87.68,Oui,Non
STD_2026_0223,AEE,P1,60.95,Non,Non
STD_2026_0223,IAA,P1,60.02,Non,Non
STD_2026_0223,PIP,P1,58.08,Non,Non
STD_2026_0223,EMII,P2,64.76,Non,Non
STD_2026_0223,GCA,P2,57.82,Non,Non
STD_2026_0223,ICMP,P2,68.38,Non,Non
STD_2026_0223,ESIIA,P3,61.27,Non,Non
STD_2026_0223,IGGLIA,P3,80.07,Oui,Non
STD_2026_0223,IMTICIA,P3,85.18,Oui,Non
STD_2026_0223,ISAIA,P3,82.26,Oui,Non
STD_2026_0223,TEE,P4,80.98,Oui,Non
STD_2026_0223,TEH,P4,80.52,Oui,Non
STD_2026_0223,CAA,P5,82.39,Oui,Non
STD_2026_0223,DTJA,P5,81.83,Oui,Non
STD_2026_0223,EMP,P5,84.61,Oui,Non
STD_2026_0223,FIC,P5,84.9,Oui,Oui
STD_2026_0224,AEE,P1,51.48,Non,Oui
STD_2026_0224,IAA,P1,77.15,Oui,Non
STD_2026_0224,PIP,P1,54.71,Non,Non
STD_2026_0224,EMII,P2,82.85,Oui,Non
STD_2026_0224,GCA,P2,73.93,Sous condition,Non
STD_2026_0224,ICMP,P2,83.82,Oui,Non
STD_2026_0224,ESIIA,P3,85.58,Oui,Non
STD_2026_0224,IGGLIA,P3,79.22,Oui,Non
STD_2026_0224,IMTICIA,P3,79.85,Oui,Non
STD_2026_0224,ISAIA,P3,54.9,Non,Non
STD_2026_0224,TEE,P4,45.37,Non,Non
STD_2026_0224,TEH,P4,47.24,Non,Non
STD_2026_0224,CAA,P5,50.23,Non,Non
STD_2026_0224,DTJA,P5,52.32,Non,Non
STD_2026_0224,EMP,P5,54.83,Non,Non
STD_2026_0224,FIC,P5,59.64,Non,Non
STD_2026_0225,AEE,P1,72.47,Sous condition,Non
STD_2026_0225,IAA,P1,42.13,Non,Oui
STD_2026_0225,PIP,P1,43.53,Non,Non
STD_2026_0225,EMII,P2,40.55,Non,Non
STD_2026_0225,GCA,P2,48.2,Non,Non
STD_2026_0225,ICMP,P2,35.76,Non,Non
STD_2026_0225,ESIIA,P3,42.63,Non,Non
STD_2026_0225,IGGLIA,P3,70.39,Sous condition,Non
STD_2026_0225,IMTICIA,P3,67.26,Sous condition,Non
STD_2026_0225,ISAIA,P3,47.71,Non,Non
STD_2026_0225,TEE,P4,74.18,Sous condition,Non
STD_2026_0225,TEH,P4,80.78,Oui,Non
STD_2026_0225,CAA,P5,72.13,Sous condition,Non
STD_2026_0225,DTJA,P5,77.03,Oui,Non
STD_2026_0225,EMP,P5,69.44,Sous condition,Non
STD_2026_0225,FIC,P5,45.74,Non,Non
STD_2026_0226,AEE,P1,70.39,Sous condition,Non
STD_2026_0226,IAA,P1,44.35,Non,Non
STD_2026_0226,PIP,P1,41.53,Non,Oui
STD_2026_0226,EMII,P2,38.37,Non,Non
STD_2026_0226,GCA,P2,40.27,Non,Non
STD_2026_0226,ICMP,P2,41.06,Non,Non
STD_2026_0226,ESIIA,P3,39.78,Non,Non
STD_2026_0226,IGGLIA,P3,66.21,Sous condition,Non
STD_2026_0226,IMTICIA,P3,74.01,Sous condition,Non
STD_2026_0226,ISAIA,P3,47.97,Non,Non
STD_2026_0226,TEE,P4,67.32,Sous condition,Non
STD_2026_0226,TEH,P4,70.93,Sous condition,Non
STD_2026_0226,CAA,P5,73.96,Sous condition,Non
STD_2026_0226,DTJA,P5,73.73,Sous condition,Non
STD_2026_0226,EMP,P5,74.28,Sous condition,Non
STD_2026_0226,FIC,P5,60.51,Non,Non
STD_2026_0227,AEE,P1,73.55,Sous condition,Non
STD_2026_0227,IAA,P1,50.1,Non,Non
STD_2026_0227,PIP,P1,51.22,Non,Non
STD_2026_0227,EMII,P2,49.27,Non,Oui
STD_2026_0227,GCA,P2,43.78,Non,Non
STD_2026_0227,ICMP,P2,49.07,Non,Non
STD_2026_0227,ESIIA,P3,41.11,Non,Non
STD_2026_0227,IGGLIA,P3,75.94,Oui,Non
STD_2026_0227,IMTICIA,P3,69.37,Sous condition,Non
STD_2026_0227,ISAIA,P3,45.4,Non,Non
STD_2026_0227,TEE,P4,77.54,Oui,Non
STD_2026_0227,TEH,P4,79.61,Oui,Non
STD_2026_0227,CAA,P5,71.92,Sous condition,Non
STD_2026_0227,DTJA,P5,82.2,Oui,Non
STD_2026_0227,EMP,P5,71.48,Sous condition,Non
STD_2026_0227,FIC,P5,51.99,Non,Non
STD_2026_0228,AEE,P1,48.43,Non,Non
STD_2026_0228,IAA,P1,57.9,Non,Non
STD_2026_0228,PIP,P1,52.15,Non,Non
STD_2026_0228,EMII,P2,51.68,Non,Non
STD_2026_0228,GCA,P2,47.55,Non,Oui
STD_2026_0228,ICMP,P2,41.07,Non,Non
STD_2026_0228,ESIIA,P3,54.53,Non,Non
STD_2026_0228,IGGLIA,P3,56.44,Non,Non
STD_2026_0228,IMTICIA,P3,80.92,Oui,Non
STD_2026_0228,ISAIA,P3,52.22,Non,Non
STD_2026_0228,TEE,P4,77.85,Oui,Non
STD_2026_0228,TEH,P4,83.67,Oui,Non
STD_2026_0228,CAA,P5,76.7,Oui,Non
STD_2026_0228,DTJA,P5,75.4,Oui,Non
STD_2026_0228,EMP,P5,50.15,Non,Non
STD_2026_0228,FIC,P5,48.73,Non,Non
STD_2026_0229,AEE,P1,83.29,Oui,Non
STD_2026_0229,IAA,P1,73.22,Sous condition,Non
STD_2026_0229,PIP,P1,82.51,Oui,Non
STD_2026_0229,EMII,P2,90.02,Oui,Non
STD_2026_0229,GCA,P2,78.35,Oui,Non
STD_2026_0229,ICMP,P2,85.88,Oui,Oui
STD_2026_0229,ESIIA,P3,76.92,Oui,Non
STD_2026_0229,IGGLIA,P3,83.02,Oui,Non
STD_2026_0229,IMTICIA,P3,80.78,Oui,Non
STD_2026_0229,ISAIA,P3,83.83,Oui,Non
STD_2026_0229,TEE,P4,52.44,Non,Non
STD_2026_0229,TEH,P4,47.47,Non,Non
STD_2026_0229,CAA,P5,82.78,Oui,Non
STD_2026_0229,DTJA,P5,54.89,Non,Non
STD_2026_0229,EMP,P5,80.49,Oui,Non
STD_2026_0229,FIC,P5,91.63,Oui,Non
STD_2026_0230,AEE,P1,87.46,Oui,Non
STD_2026_0230,IAA,P1,82.31,Oui,Non
STD_2026_0230,PIP,P1,79.9,Oui,Non
STD_2026_0230,EMII,P2,81.46,Oui,Non
STD_2026_0230,GCA,P2,82.83,Oui,Non
STD_2026_0230,ICMP,P2,91.18,Oui,Non
STD_2026_0230,ESIIA,P3,57.2,Non,Oui
STD_2026_0230,IGGLIA,P3,82.34,Oui,Non
STD_2026_0230,IMTICIA,P3,85.58,Oui,Non
STD_2026_0230,ISAIA,P3,82.67,Oui,Non
STD_2026_0230,TEE,P4,82.44,Oui,Non
STD_2026_0230,TEH,P4,75.41,Oui,Non
STD_2026_0230,CAA,P5,87.19,Oui,Non
STD_2026_0230,DTJA,P5,79.54,Oui,Non
STD_2026_0230,EMP,P5,76.88,Oui,Non
STD_2026_0230,FIC,P5,82.19,Oui,Non
STD_2026_0231,AEE,P1,84.66,Oui,Non
STD_2026_0231,IAA,P1,82.38,Oui,Non
STD_2026_0231,PIP,P1,73.64,Sous condition,Non
STD_2026_0231,EMII,P2,81.67,Oui,Non
STD_2026_0231,GCA,P2,75.89,Oui,Non
STD_2026_0231,ICMP,P2,82.12,Oui,Non
STD_2026_0231,ESIIA,P3,77.79,Oui,Non
STD_2026_0231,IGGLIA,P3,81.63,Oui,Oui
STD_2026_0231,IMTICIA,P3,76.11,Oui,Non
STD_2026_0231,ISAIA,P3,73.55,Sous condition,Non
STD_2026_0231,TEE,P4,79.35,Oui,Non
STD_2026_0231,TEH,P4,44.9,Non,Non
STD_2026_0231,CAA,P5,77.79,Oui,Non
STD_2026_0231,DTJA,P5,46.46,Non,Non
STD_2026_0231,EMP,P5,74.24,Sous condition,Non
STD_2026_0231,FIC,P5,75.43,Oui,Non
STD_2026_0232,AEE,P1,61.18,Non,Non
STD_2026_0232,IAA,P1,54.17,Non,Non
STD_2026_0232,PIP,P1,59.59,Non,Non
STD_2026_0232,EMII,P2,57.71,Non,Non
STD_2026_0232,GCA,P2,63.77,Non,Non
STD_2026_0232,ICMP,P2,73.9,Non,Non
STD_2026_0232,ESIIA,P3,63.0,Non,Non
STD_2026_0232,IGGLIA,P3,79.66,Oui,Non
STD_2026_0232,IMTICIA,P3,83.55,Oui,Oui
STD_2026_0232,ISAIA,P3,80.98,Oui,Non
STD_2026_0232,TEE,P4,75.44,Oui,Non
STD_2026_0232,TEH,P4,80.73,Oui,Non
STD_2026_0232,CAA,P5,80.12,Oui,Non
STD_2026_0232,DTJA,P5,79.83,Oui,Non
STD_2026_0232,EMP,P5,86.35,Oui,Non
STD_2026_0232,FIC,P5,84.84,Oui,Non
STD_2026_0233,AEE,P1,57.47,Non,Non
STD_2026_0233,IAA,P1,85.36,Oui,Non
STD_2026_0233,PIP,P1,57.57,Non,Non
STD_2026_0233,EMII,P2,83.44,Oui,Non
STD_2026_0233,GCA,P2,77.96,Oui,Non
STD_2026_0233,ICMP,P2,88.15,Oui,Non
STD_2026_0233,ESIIA,P3,83.56,Oui,Non
STD_2026_0233,IGGLIA,P3,83.26,Oui,Non
STD_2026_0233,IMTICIA,P3,80.92,Oui,Non
STD_2026_0233,ISAIA,P3,53.84,Non,Oui
STD_2026_0233,TEE,P4,58.84,Non,Non
STD_2026_0233,TEH,P4,53.85,Non,Non
STD_2026_0233,CAA,P5,56.61,Non,Non
STD_2026_0233,DTJA,P5,49.11,Non,Non
STD_2026_0233,EMP,P5,54.02,Non,Non
STD_2026_0233,FIC,P5,59.66,Non,Non
STD_2026_0234,AEE,P1,74.26,Sous condition,Non
STD_2026_0234,IAA,P1,50.21,Non,Non
STD_2026_0234,PIP,P1,44.9,Non,Non
STD_2026_0234,EMII,P2,47.1,Non,Non
STD_2026_0234,GCA,P2,43.33,Non,Non
STD_2026_0234,ICMP,P2,47.01,Non,Non
STD_2026_0234,ESIIA,P3,43.29,Non,Non
STD_2026_0234,IGGLIA,P3,72.85,Sous condition,Non
STD_2026_0234,IMTICIA,P3,73.84,Sous condition,Non
STD_2026_0234,ISAIA,P3,55.49,Non,Non
STD_2026_0234,TEE,P4,73.03,Sous condition,Oui
STD_2026_0234,TEH,P4,71.39,Sous condition,Non
STD_2026_0234,CAA,P5,70.29,Sous condition,Non
STD_2026_0234,DTJA,P5,77.71,Oui,Non
STD_2026_0234,EMP,P5,71.01,Sous condition,Non
STD_2026_0234,FIC,P5,54.87,Non,Non
STD_2026_0235,AEE,P1,67.06,Sous condition,Non
STD_2026_0235,IAA,P1,46.31,Non,Non
STD_2026_0235,PIP,P1,49.26,Non,Non
STD_2026_0235,EMII,P2,43.77,Non,Non
STD_2026_0235,GCA,P2,40.57,Non,Non
STD_2026_0235,ICMP,P2,39.49,Non,Non
STD_2026_0235,ESIIA,P3,37.26,Non,Non
STD_2026_0235,IGGLIA,P3,72.17,Sous condition,Non
STD_2026_0235,IMTICIA,P3,82.6,Oui,Non
STD_2026_0235,ISAIA,P3,52.24,Non,Non
STD_2026_0235,TEE,P4,73.61,Sous condition,Non
STD_2026_0235,TEH,P4,79.14,Oui,Oui
STD_2026_0235,CAA,P5,71.39,Sous condition,Non
STD_2026_0235,DTJA,P5,82.51,Oui,Non
STD_2026_0235,EMP,P5,74.45,Sous condition,Non
STD_2026_0235,FIC,P5,50.07,Non,Non
STD_2026_0236,AEE,P1,68.35,Sous condition,Non
STD_2026_0236,IAA,P1,45.73,Non,Non
STD_2026_0236,PIP,P1,47.13,Non,Non
STD_2026_0236,EMII,P2,34.03,Non,Non
STD_2026_0236,GCA,P2,38.14,Non,Non
STD_2026_0236,ICMP,P2,36.66,Non,Non
STD_2026_0236,ESIIA,P3,39.57,Non,Non
STD_2026_0236,IGGLIA,P3,71.1,Sous condition,Non
STD_2026_0236,IMTICIA,P3,69.03,Sous condition,Non
STD_2026_0236,ISAIA,P3,45.06,Non,Non
STD_2026_0236,TEE,P4,71.15,Sous condition,Non
STD_2026_0236,TEH,P4,77.01,Oui,Non
STD_2026_0236,CAA,P5,72.37,Sous condition,Oui
STD_2026_0236,DTJA,P5,73.66,Sous condition,Non
STD_2026_0236,EMP,P5,71.87,Sous condition,Non
STD_2026_0236,FIC,P5,49.35,Non,Non
STD_2026_0237,AEE,P1,53.37,Non,Non
STD_2026_0237,IAA,P1,51.29,Non,Non
STD_2026_0237,PIP,P1,49.72,Non,Non
STD_2026_0237,EMII,P2,48.74,Non,Non
STD_2026_0237,GCA,P2,49.52,Non,Non
STD_2026_0237,ICMP,P2,55.27,Non,Non
STD_2026_0237,ESIIA,P3,46.55,Non,Non
STD_2026_0237,IGGLIA,P3,55.78,Non,Non
STD_2026_0237,IMTICIA,P3,83.64,Oui,Non
STD_2026_0237,ISAIA,P3,52.33,Non,Non
STD_2026_0237,TEE,P4,72.25,Sous condition,Non
STD_2026_0237,TEH,P4,73.02,Sous condition,Non
STD_2026_0237,CAA,P5,76.26,Oui,Non
STD_2026_0237,DTJA,P5,79.44,Oui,Oui
STD_2026_0237,EMP,P5,50.97,Non,Non
STD_2026_0237,FIC,P5,57.5,Non,Non
STD_2026_0238,AEE,P1,84.35,Oui,Non
STD_2026_0238,IAA,P1,88.67,Oui,Non
STD_2026_0238,PIP,P1,89.28,Oui,Non
STD_2026_0238,EMII,P2,86.45,Oui,Non
STD_2026_0238,GCA,P2,92.58,Oui,Non
STD_2026_0238,ICMP,P2,89.79,Oui,Non
STD_2026_0238,ESIIA,P3,84.97,Oui,Non
STD_2026_0238,IGGLIA,P3,83.86,Oui,Non
STD_2026_0238,IMTICIA,P3,78.63,Oui,Non
STD_2026_0238,ISAIA,P3,80.19,Oui,Non
STD_2026_0238,TEE,P4,58.04,Non,Non
STD_2026_0238,TEH,P4,50.19,Non,Non
STD_2026_0238,CAA,P5,84.13,Oui,Non
STD_2026_0238,DTJA,P5,48.43,Non,Non
STD_2026_0238,EMP,P5,83.56,Oui,Oui
STD_2026_0238,FIC,P5,89.15,Oui,Non
STD_2026_0239,AEE,P1,84.11,Oui,Non
STD_2026_0239,IAA,P1,86.2,Oui,Non
STD_2026_0239,PIP,P1,84.05,Oui,Non
STD_2026_0239,EMII,P2,81.95,Oui,Non
STD_2026_0239,GCA,P2,84.02,Oui,Non
STD_2026_0239,ICMP,P2,83.93,Oui,Non
STD_2026_0239,ESIIA,P3,59.2,Non,Non
STD_2026_0239,IGGLIA,P3,87.47,Oui,Non
STD_2026_0239,IMTICIA,P3,87.46,Oui,Non
STD_2026_0239,ISAIA,P3,89.19,Oui,Non
STD_2026_0239,TEE,P4,86.95,Oui,Non
STD_2026_0239,TEH,P4,84.62,Oui,Non
STD_2026_0239,CAA,P5,87.25,Oui,Non
STD_2026_0239,DTJA,P5,76.41,Oui,Non
STD_2026_0239,EMP,P5,86.52,Oui,Non
STD_2026_0239,FIC,P5,92.5,Oui,Oui
STD_2026_0240,AEE,P1,76.07,Oui,Oui
STD_2026_0240,IAA,P1,75.85,Oui,Non
STD_2026_0240,PIP,P1,80.05,Oui,Non
STD_2026_0240,EMII,P2,81.06,Oui,Non
STD_2026_0240,GCA,P2,76.76,Oui,Non
STD_2026_0240,ICMP,P2,74.24,Sous condition,Non
STD_2026_0240,ESIIA,P3,78.88,Oui,Non
STD_2026_0240,IGGLIA,P3,86.38,Oui,Non
STD_2026_0240,IMTICIA,P3,77.06,Oui,Non
STD_2026_0240,ISAIA,P3,83.76,Oui,Non
STD_2026_0240,TEE,P4,74.41,Sous condition,Non
STD_2026_0240,TEH,P4,57.65,Non,Non
STD_2026_0240,CAA,P5,75.91,Oui,Non
STD_2026_0240,DTJA,P5,52.83,Non,Non
STD_2026_0240,EMP,P5,76.63,Oui,Non
STD_2026_0240,FIC,P5,77.07,Oui,Non
STD_2026_0241,AEE,P1,51.84,Non,Non
STD_2026_0241,IAA,P1,54.37,Non,Oui
STD_2026_0241,PIP,P1,50.42,Non,Non
STD_2026_0241,EMII,P2,53.15,Non,Non
STD_2026_0241,GCA,P2,55.51,Non,Non
STD_2026_0241,ICMP,P2,61.79,Non,Non
STD_2026_0241,ESIIA,P3,52.63,Non,Non
STD_2026_0241,IGGLIA,P3,77.42,Oui,Non
STD_2026_0241,IMTICIA,P3,76.34,Oui,Non
STD_2026_0241,ISAIA,P3,73.88,Sous condition,Non
STD_2026_0241,TEE,P4,71.08,Sous condition,Non
STD_2026_0241,TEH,P4,78.66,Oui,Non
STD_2026_0241,CAA,P5,77.72,Oui,Non
STD_2026_0241,DTJA,P5,78.22,Oui,Non
STD_2026_0241,EMP,P5,81.22,Oui,Non
STD_2026_0241,FIC,P5,86.93,Oui,Non
STD_2026_0242,AEE,P1,56.41,Non,Non
STD_2026_0242,IAA,P1,80.84,Oui,Non
STD_2026_0242,PIP,P1,51.7,Non,Oui
STD_2026_0242,EMII,P2,80.69,Oui,Non
STD_2026_0242,GCA,P2,77.15,Oui,Non
STD_2026_0242,ICMP,P2,77.16,Oui,Non
STD_2026_0242,ESIIA,P3,81.8,Oui,Non
STD_2026_0242,IGGLIA,P3,74.39,Sous condition,Non
STD_2026_0242,IMTICIA,P3,81.15,Oui,Non
STD_2026_0242,ISAIA,P3,48.5,Non,Non
STD_2026_0242,TEE,P4,50.25,Non,Non
STD_2026_0242,TEH,P4,50.34,Non,Non
STD_2026_0242,CAA,P5,48.87,Non,Non
STD_2026_0242,DTJA,P5,53.55,Non,Non
STD_2026_0242,EMP,P5,54.05,Non,Non
STD_2026_0242,FIC,P5,51.91,Non,Non
STD_2026_0243,AEE,P1,68.93,Sous condition,Non
STD_2026_0243,IAA,P1,47.16,Non,Non
STD_2026_0243,PIP,P1,45.56,Non,Non
STD_2026_0243,EMII,P2,44.71,Non,Oui
STD_2026_0243,GCA,P2,48.44,Non,Non
STD_2026_0243,ICMP,P2,44.02,Non,Non
STD_2026_0243,ESIIA,P3,41.59,Non,Non
STD_2026_0243,IGGLIA,P3,74.25,Sous condition,Non
STD_2026_0243,IMTICIA,P3,69.16,Sous condition,Non
STD_2026_0243,ISAIA,P3,39.76,Non,Non
STD_2026_0243,TEE,P4,77.98,Oui,Non
STD_2026_0243,TEH,P4,84.48,Oui,Non
STD_2026_0243,CAA,P5,74.68,Sous condition,Non
STD_2026_0243,DTJA,P5,79.5,Oui,Non
STD_2026_0243,EMP,P5,73.12,Sous condition,Non
STD_2026_0243,FIC,P5,47.33,Non,Non
STD_2026_0244,AEE,P1,70.49,Sous condition,Non
STD_2026_0244,IAA,P1,46.37,Non,Non
STD_2026_0244,PIP,P1,40.43,Non,Non
STD_2026_0244,EMII,P2,43.12,Non,Non
STD_2026_0244,GCA,P2,50.54,Non,Oui
STD_2026_0244,ICMP,P2,43.49,Non,Non
STD_2026_0244,ESIIA,P3,41.67,Non,Non
STD_2026_0244,IGGLIA,P3,76.46,Oui,Non
STD_2026_0244,IMTICIA,P3,69.63,Sous condition,Non
STD_2026_0244,ISAIA,P3,47.95,Non,Non
STD_2026_0244,TEE,P4,76.99,Oui,Non
STD_2026_0244,TEH,P4,80.35,Oui,Non
STD_2026_0244,CAA,P5,67.79,Sous condition,Non
STD_2026_0244,DTJA,P5,88.91,Oui,Non
STD_2026_0244,EMP,P5,75.84,Oui,Non
STD_2026_0244,FIC,P5,51.02,Non,Non
STD_2026_0245,AEE,P1,79.5,Oui,Non
STD_2026_0245,IAA,P1,48.22,Non,Non
STD_2026_0245,PIP,P1,44.69,Non,Non
STD_2026_0245,EMII,P2,50.07,Non,Non
STD_2026_0245,GCA,P2,49.89,Non,Non
STD_2026_0245,ICMP,P2,49.5,Non,Oui
STD_2026_0245,ESIIA,P3,42.49,Non,Non
STD_2026_0245,IGGLIA,P3,76.73,Oui,Non
STD_2026_0245,IMTICIA,P3,72.72,Sous condition,Non
STD_2026_0245,ISAIA,P3,49.33,Non,Non
STD_2026_0245,TEE,P4,67.24,Sous condition,Non
STD_2026_0245,TEH,P4,67.85,Sous condition,Non
STD_2026_0245,CAA,P5,73.98,Sous condition,Non
STD_2026_0245,DTJA,P5,71.78,Sous condition,Non
STD_2026_0245,EMP,P5,68.47,Sous condition,Non
STD_2026_0245,FIC,P5,49.02,Non,Non
STD_2026_0246,AEE,P1,45.91,Non,Non
STD_2026_0246,IAA,P1,45.52,Non,Non
STD_2026_0246,PIP,P1,42.0,Non,Non
STD_2026_0246,EMII,P2,39.85,Non,Non
STD_2026_0246,GCA,P2,44.16,Non,Non
STD_2026_0246,ICMP,P2,36.22,Non,Non
STD_2026_0246,ESIIA,P3,43.69,Non,Oui
STD_2026_0246,IGGLIA,P3,42.9,Non,Non
STD_2026_0246,IMTICIA,P3,76.37,Oui,Non
STD_2026_0246,ISAIA,P3,46.27,Non,Non
STD_2026_0246,TEE,P4,71.07,Sous condition,Non
STD_2026_0246,TEH,P4,76.02,Oui,Non
STD_2026_0246,CAA,P5,72.53,Sous condition,Non
STD_2026_0246,DTJA,P5,83.09,Oui,Non
STD_2026_0246,EMP,P5,46.68,Non,Non
STD_2026_0246,FIC,P5,45.85,Non,Non
STD_2026_0247,AEE,P1,75.48,Oui,Non
STD_2026_0247,IAA,P1,80.87,Oui,Non
STD_2026_0247,PIP,P1,80.05,Oui,Non
STD_2026_0247,EMII,P2,74.86,Sous condition,Non
STD_2026_0247,GCA,P2,87.64,Oui,Non
STD_2026_0247,ICMP,P2,86.08,Oui,Non
STD_2026_0247,ESIIA,P3,74.98,Sous condition,Non
STD_2026_0247,IGGLIA,P3,68.59,Sous condition,Oui
STD_2026_0247,IMTICIA,P3,72.1,Sous condition,Non
STD_2026_0247,ISAIA,P3,74.28,Sous condition,Non
STD_2026_0247,TEE,P4,55.63,Non,Non
STD_2026_0247,TEH,P4,46.1,Non,Non
STD_2026_0247,CAA,P5,71.17,Sous condition,Non
STD_2026_0247,DTJA,P5,52.43,Non,Non
STD_2026_0247,EMP,P5,72.1,Sous condition,Non
STD_2026_0247,FIC,P5,76.63,Oui,Non
STD_2026_0248,AEE,P1,79.95,Oui,Non
STD_2026_0248,IAA,P1,76.29,Oui,Non
STD_2026_0248,PIP,P1,81.64,Oui,Non
STD_2026_0248,EMII,P2,72.29,Sous condition,Non
STD_2026_0248,GCA,P2,81.81,Oui,Non
STD_2026_0248,ICMP,P2,91.02,Oui,Non
STD_2026_0248,ESIIA,P3,56.03,Non,Non
STD_2026_0248,IGGLIA,P3,73.86,Sous condition,Non
STD_2026_0248,IMTICIA,P3,72.59,Sous condition,Oui
STD_2026_0248,ISAIA,P3,71.41,Sous condition,Non
STD_2026_0248,TEE,P4,77.64,Oui,Non
STD_2026_0248,TEH,P4,75.53,Oui,Non
STD_2026_0248,CAA,P5,72.97,Sous condition,Non
STD_2026_0248,DTJA,P5,73.6,Sous condition,Non
STD_2026_0248,EMP,P5,71.85,Sous condition,Non
STD_2026_0248,FIC,P5,77.84,Oui,Non
STD_2026_0249,AEE,P1,74.65,Sous condition,Non
STD_2026_0249,IAA,P1,84.98,Oui,Non
STD_2026_0249,PIP,P1,84.89,Oui,Non
STD_2026_0249,EMII,P2,83.32,Oui,Non
STD_2026_0249,GCA,P2,77.2,Oui,Non
STD_2026_0249,ICMP,P2,77.61,Oui,Non
STD_2026_0249,ESIIA,P3,80.9,Oui,Non
STD_2026_0249,IGGLIA,P3,82.69,Oui,Non
STD_2026_0249,IMTICIA,P3,83.68,Oui,Non
STD_2026_0249,ISAIA,P3,81.66,Oui,Oui
STD_2026_0249,TEE,P4,75.51,Oui,Non
STD_2026_0249,TEH,P4,50.67,Non,Non
STD_2026_0249,CAA,P5,82.03,Oui,Non
STD_2026_0249,DTJA,P5,47.32,Non,Non
STD_2026_0249,EMP,P5,84.62,Oui,Non
STD_2026_0249,FIC,P5,74.11,Sous condition,Non
STD_2026_0250,AEE,P1,64.62,Non,Non
STD_2026_0250,IAA,P1,65.61,Non,Non
STD_2026_0250,PIP,P1,60.25,Non,Non
STD_2026_0250,EMII,P2,71.42,Non,Non
STD_2026_0250,GCA,P2,54.61,Non,Non
STD_2026_0250,ICMP,P2,67.97,Non,Non
STD_2026_0250,ESIIA,P3,69.99,Non,Non
STD_2026_0250,IGGLIA,P3,83.79,Oui,Non
STD_2026_0250,IMTICIA,P3,91.0,Oui,Non
STD_2026_0250,ISAIA,P3,83.77,Oui,Non
STD_2026_0250,TEE,P4,78.12,Oui,Oui
STD_2026_0250,TEH,P4,79.71,Oui,Non
STD_2026_0250,CAA,P5,95.77,Oui,Non
STD_2026_0250,DTJA,P5,79.55,Oui,Non
STD_2026_0250,EMP,P5,91.54,Oui,Non
STD_2026_0250,FIC,P5,92.13,Oui,Non
STD_2026_0251,AEE,P1,50.54,Non,Non
STD_2026_0251,IAA,P1,72.71,Sous condition,Non
STD_2026_0251,PIP,P1,52.35,Non,Non
STD_2026_0251,EMII,P2,81.84,Oui,Non
STD_2026_0251,GCA,P2,78.22,Oui,Non
STD_2026_0251,ICMP,P2,73.09,Sous condition,Non
STD_2026_0251,ESIIA,P3,84.52,Oui,Non
STD_2026_0251,IGGLIA,P3,78.74,Oui,Non
STD_2026_0251,IMTICIA,P3,76.16,Oui,Non
STD_2026_0251,ISAIA,P3,51.69,Non,Non
STD_2026_0251,TEE,P4,45.36,Non,Non
STD_2026_0251,TEH,P4,49.69,Non,Oui
STD_2026_0251,CAA,P5,48.66,Non,Non
STD_2026_0251,DTJA,P5,54.68,Non,Non
STD_2026_0251,EMP,P5,48.15,Non,Non
STD_2026_0251,FIC,P5,49.55,Non,Non
STD_2026_0252,AEE,P1,80.84,Oui,Non
STD_2026_0252,IAA,P1,56.52,Non,Non
STD_2026_0252,PIP,P1,56.44,Non,Non
STD_2026_0252,EMII,P2,63.48,Non,Non
STD_2026_0252,GCA,P2,54.06,Non,Non
STD_2026_0252,ICMP,P2,46.7,Non,Non
STD_2026_0252,ESIIA,P3,61.0,Non,Non
STD_2026_0252,IGGLIA,P3,82.33,Oui,Non
STD_2026_0252,IMTICIA,P3,78.88,Oui,Non
STD_2026_0252,ISAIA,P3,56.18,Non,Non
STD_2026_0252,TEE,P4,75.7,Oui,Non
STD_2026_0252,TEH,P4,79.45,Oui,Non
STD_2026_0252,CAA,P5,82.86,Oui,Oui
STD_2026_0252,DTJA,P5,81.1,Oui,Non
STD_2026_0252,EMP,P5,81.87,Oui,Non
STD_2026_0252,FIC,P5,57.25,Non,Non
STD_2026_0253,AEE,P1,76.59,Oui,Non
STD_2026_0253,IAA,P1,47.32,Non,Non
STD_2026_0253,PIP,P1,44.32,Non,Non
STD_2026_0253,EMII,P2,44.52,Non,Non
STD_2026_0253,GCA,P2,44.28,Non,Non
STD_2026_0253,ICMP,P2,37.17,Non,Non
STD_2026_0253,ESIIA,P3,53.16,Non,Non
STD_2026_0253,IGGLIA,P3,72.69,Sous condition,Non
STD_2026_0253,IMTICIA,P3,73.61,Sous condition,Non
STD_2026_0253,ISAIA,P3,47.36,Non,Non
STD_2026_0253,TEE,P4,80.56,Oui,Non
STD_2026_0253,TEH,P4,86.73,Oui,Non
STD_2026_0253,CAA,P5,66.2,Sous condition,Non
STD_2026_0253,DTJA,P5,79.76,Oui,Oui
STD_2026_0253,EMP,P5,75.87,Oui,Non
STD_2026_0253,FIC,P5,47.83,Non,Non
STD_2026_0254,AEE,P1,71.77,Sous condition,Non
STD_2026_0254,IAA,P1,55.12,Non,Non
STD_2026_0254,PIP,P1,50.02,Non,Non
STD_2026_0254,EMII,P2,49.24,Non,Non
STD_2026_0254,GCA,P2,39.51,Non,Non
STD_2026_0254,ICMP,P2,42.43,Non,Non
STD_2026_0254,ESIIA,P3,47.44,Non,Non
STD_2026_0254,IGGLIA,P3,77.38,Oui,Non
STD_2026_0254,IMTICIA,P3,78.58,Oui,Non
STD_2026_0254,ISAIA,P3,51.91,Non,Non
STD_2026_0254,TEE,P4,77.43,Oui,Non
STD_2026_0254,TEH,P4,83.35,Oui,Non
STD_2026_0254,CAA,P5,77.03,Oui,Non
STD_2026_0254,DTJA,P5,81.15,Oui,Non
STD_2026_0254,EMP,P5,76.13,Oui,Oui
STD_2026_0254,FIC,P5,50.02,Non,Non
STD_2026_0255,AEE,P1,52.07,Non,Non
STD_2026_0255,IAA,P1,49.36,Non,Non
STD_2026_0255,PIP,P1,48.19,Non,Non
STD_2026_0255,EMII,P2,45.36,Non,Non
STD_2026_0255,GCA,P2,41.14,Non,Non
STD_2026_0255,ICMP,P2,46.7,Non,Non
STD_2026_0255,ESIIA,P3,44.95,Non,Non
STD_2026_0255,IGGLIA,P3,50.88,Non,Non
STD_2026_0255,IMTICIA,P3,73.48,Sous condition,Non
STD_2026_0255,ISAIA,P3,49.77,Non,Non
STD_2026_0255,TEE,P4,81.18,Oui,Non
STD_2026_0255,TEH,P4,79.77,Oui,Non
STD_2026_0255,CAA,P5,76.5,Oui,Non
STD_2026_0255,DTJA,P5,75.87,Oui,Non
STD_2026_0255,EMP,P5,48.65,Non,Non
STD_2026_0255,FIC,P5,55.85,Non,Oui
STD_2026_0256,AEE,P1,90.03,Oui,Oui
STD_2026_0256,IAA,P1,72.26,Sous condition,Non
STD_2026_0256,PIP,P1,77.51,Oui,Non
STD_2026_0256,EMII,P2,80.57,Oui,Non
STD_2026_0256,GCA,P2,79.98,Oui,Non
STD_2026_0256,ICMP,P2,85.36,Oui,Non
STD_2026_0256,ESIIA,P3,81.77,Oui,Non
STD_2026_0256,IGGLIA,P3,80.13,Oui,Non
STD_2026_0256,IMTICIA,P3,77.78,Oui,Non
STD_2026_0256,ISAIA,P3,77.96,Oui,Non
STD_2026_0256,TEE,P4,55.89,Non,Non
STD_2026_0256,TEH,P4,52.93,Non,Non
STD_2026_0256,CAA,P5,79.5,Oui,Non
STD_2026_0256,DTJA,P5,50.77,Non,Non
STD_2026_0256,EMP,P5,76.2,Oui,Non
STD_2026_0256,FIC,P5,78.62,Oui,Non
STD_2026_0257,AEE,P1,79.84,Oui,Non
STD_2026_0257,IAA,P1,79.56,Oui,Oui
STD_2026_0257,PIP,P1,78.39,Oui,Non
STD_2026_0257,EMII,P2,80.95,Oui,Non
STD_2026_0257,GCA,P2,80.54,Oui,Non
STD_2026_0257,ICMP,P2,84.75,Oui,Non
STD_2026_0257,ESIIA,P3,55.13,Non,Non
STD_2026_0257,IGGLIA,P3,71.21,Sous condition,Non
STD_2026_0257,IMTICIA,P3,70.7,Sous condition,Non
STD_2026_0257,ISAIA,P3,63.59,Sous condition,Non
STD_2026_0257,TEE,P4,72.88,Sous condition,Non
STD_2026_0257,TEH,P4,72.9,Sous condition,Non
STD_2026_0257,CAA,P5,74.93,Sous condition,Non
STD_2026_0257,DTJA,P5,71.31,Sous condition,Non
STD_2026_0257,EMP,P5,66.48,Sous condition,Non
STD_2026_0257,FIC,P5,66.61,Sous condition,Non
STD_2026_0258,AEE,P1,87.05,Oui,Non
STD_2026_0258,IAA,P1,86.8,Oui,Non
STD_2026_0258,PIP,P1,87.81,Oui,Oui
STD_2026_0258,EMII,P2,82.69,Oui,Non
STD_2026_0258,GCA,P2,82.69,Oui,Non
STD_2026_0258,ICMP,P2,94.29,Oui,Non
STD_2026_0258,ESIIA,P3,83.95,Oui,Non
STD_2026_0258,IGGLIA,P3,79.9,Oui,Non
STD_2026_0258,IMTICIA,P3,84.42,Oui,Non
STD_2026_0258,ISAIA,P3,88.67,Oui,Non
STD_2026_0258,TEE,P4,82.35,Oui,Non
STD_2026_0258,TEH,P4,57.06,Non,Non
STD_2026_0258,CAA,P5,81.65,Oui,Non
STD_2026_0258,DTJA,P5,49.53,Non,Non
STD_2026_0258,EMP,P5,87.21,Oui,Non
STD_2026_0258,FIC,P5,89.76,Oui,Non
STD_2026_0259,AEE,P1,58.18,Non,Non
STD_2026_0259,IAA,P1,57.2,Non,Non
STD_2026_0259,PIP,P1,57.93,Non,Non
STD_2026_0259,EMII,P2,54.72,Non,Oui
STD_2026_0259,GCA,P2,51.75,Non,Non
STD_2026_0259,ICMP,P2,55.12,Non,Non
STD_2026_0259,ESIIA,P3,62.6,Non,Non
STD_2026_0259,IGGLIA,P3,83.18,Oui,Non
STD_2026_0259,IMTICIA,P3,81.86,Oui,Non
STD_2026_0259,ISAIA,P3,82.16,Oui,Non
STD_2026_0259,TEE,P4,77.39,Oui,Non
STD_2026_0259,TEH,P4,76.71,Oui,Non
STD_2026_0259,CAA,P5,78.35,Oui,Non
STD_2026_0259,DTJA,P5,84.8,Oui,Non
STD_2026_0259,EMP,P5,86.69,Oui,Non
STD_2026_0259,FIC,P5,80.79,Oui,Non
STD_2026_0260,AEE,P1,55.96,Non,Non
STD_2026_0260,IAA,P1,78.08,Oui,Non
STD_2026_0260,PIP,P1,54.3,Non,Non
STD_2026_0260,EMII,P2,80.28,Oui,Non
STD_2026_0260,GCA,P2,89.6,Oui,Oui
STD_2026_0260,ICMP,P2,98.76,Oui,Non
STD_2026_0260,ESIIA,P3,85.66,Oui,Non
STD_2026_0260,IGGLIA,P3,81.9,Oui,Non
STD_2026_0260,IMTICIA,P3,78.41,Oui,Non
STD_2026_0260,ISAIA,P3,49.25,Non,Non
STD_2026_0260,TEE,P4,44.06,Non,Non
STD_2026_0260,TEH,P4,48.09,Non,Non
STD_2026_0260,CAA,P5,55.19,Non,Non
STD_2026_0260,DTJA,P5,53.99,Non,Non
STD_2026_0260,EMP,P5,56.66,Non,Non
STD_2026_0260,FIC,P5,60.06,Non,Non
STD_2026_0261,AEE,P1,82.91,Oui,Non
STD_2026_0261,IAA,P1,50.4,Non,Non
STD_2026_0261,PIP,P1,53.92,Non,Non
STD_2026_0261,EMII,P2,54.57,Non,Non
STD_2026_0261,GCA,P2,47.67,Non,Non
STD_2026_0261,ICMP,P2,44.5,Non,Oui
STD_2026_0261,ESIIA,P3,60.74,Non,Non
STD_2026_0261,IGGLIA,P3,81.63,Oui,Non
STD_2026_0261,IMTICIA,P3,84.88,Oui,Non
STD_2026_0261,ISAIA,P3,59.94,Non,Non
STD_2026_0261,TEE,P4,73.92,Sous condition,Non
STD_2026_0261,TEH,P4,76.91,Oui,Non
STD_2026_0261,CAA,P5,78.54,Oui,Non
STD_2026_0261,DTJA,P5,75.69,Oui,Non
STD_2026_0261,EMP,P5,82.44,Oui,Non
STD_2026_0261,FIC,P5,52.59,Non,Non
STD_2026_0262,AEE,P1,77.55,Oui,Non
STD_2026_0262,IAA,P1,53.44,Non,Non
STD_2026_0262,PIP,P1,54.33,Non,Non
STD_2026_0262,EMII,P2,52.56,Non,Non
STD_2026_0262,GCA,P2,61.79,Non,Non
STD_2026_0262,ICMP,P2,51.07,Non,Non
STD_2026_0262,ESIIA,P3,54.93,Non,Oui
STD_2026_0262,IGGLIA,P3,78.81,Oui,Non
STD_2026_0262,IMTICIA,P3,81.72,Oui,Non
STD_2026_0262,ISAIA,P3,55.24,Non,Non
STD_2026_0262,TEE,P4,79.78,Oui,Non
STD_2026_0262,TEH,P4,84.53,Oui,Non
STD_2026_0262,CAA,P5,78.4,Oui,Non
STD_2026_0262,DTJA,P5,82.9,Oui,Non
STD_2026_0262,EMP,P5,78.64,Oui,Non
STD_2026_0262,FIC,P5,66.06,Non,Non
STD_2026_0263,AEE,P1,74.7,Sous condition,Non
STD_2026_0263,IAA,P1,48.13,Non,Non
STD_2026_0263,PIP,P1,51.46,Non,Non
STD_2026_0263,EMII,P2,54.56,Non,Non
STD_2026_0263,GCA,P2,51.56,Non,Non
STD_2026_0263,ICMP,P2,42.01,Non,Non
STD_2026_0263,ESIIA,P3,57.41,Non,Non
STD_2026_0263,IGGLIA,P3,76.73,Oui,Oui
STD_2026_0263,IMTICIA,P3,76.98,Oui,Non
STD_2026_0263,ISAIA,P3,51.33,Non,Non
STD_2026_0263,TEE,P4,72.68,Sous condition,Non
STD_2026_0263,TEH,P4,82.9,Oui,Non
STD_2026_0263,CAA,P5,78.16,Oui,Non
STD_2026_0263,DTJA,P5,82.94,Oui,Non
STD_2026_0263,EMP,P5,74.0,Sous condition,Non
STD_2026_0263,FIC,P5,48.24,Non,Non
STD_2026_0264,AEE,P1,49.38,Non,Non
STD_2026_0264,IAA,P1,55.32,Non,Non
STD_2026_0264,PIP,P1,54.33,Non,Non
STD_2026_0264,EMII,P2,40.72,Non,Non
STD_2026_0264,GCA,P2,42.33,Non,Non
STD_2026_0264,ICMP,P2,35.23,Non,Non
STD_2026_0264,ESIIA,P3,46.62,Non,Non
STD_2026_0264,IGGLIA,P3,53.56,Non,Non
STD_2026_0264,IMTICIA,P3,80.75,Oui,Oui
STD_2026_0264,ISAIA,P3,53.56,Non,Non
STD_2026_0264,TEE,P4,81.14,Oui,Non
STD_2026_0264,TEH,P4,80.33,Oui,Non
STD_2026_0264,CAA,P5,73.71,Sous condition,Non
STD_2026_0264,DTJA,P5,73.71,Sous condition,Non
STD_2026_0264,EMP,P5,58.44,Non,Non
STD_2026_0264,FIC,P5,53.83,Non,Non
STD_2026_0265,AEE,P1,80.59,Oui,Non
STD_2026_0265,IAA,P1,81.08,Oui,Non
STD_2026_0265,PIP,P1,83.27,Oui,Non
STD_2026_0265,EMII,P2,81.15,Oui,Non
STD_2026_0265,GCA,P2,76.92,Oui,Non
STD_2026_0265,ICMP,P2,86.32,Oui,Non
STD_2026_0265,ESIIA,P3,81.52,Oui,Non
STD_2026_0265,IGGLIA,P3,75.42,Oui,Non
STD_2026_0265,IMTICIA,P3,74.52,Sous condition,Non
STD_2026_0265,ISAIA,P3,75.68,Oui,Oui
STD_2026_0265,TEE,P4,55.9,Non,Non
STD_2026_0265,TEH,P4,52.12,Non,Non
STD_2026_0265,CAA,P5,78.55,Oui,Non
STD_2026_0265,DTJA,P5,47.38,Non,Non
STD_2026_0265,EMP,P5,73.23,Sous condition,Non
STD_2026_0265,FIC,P5,74.99,Sous condition,Non
STD_2026_0266,AEE,P1,83.05,Oui,Non
STD_2026_0266,IAA,P1,79.81,Oui,Non
STD_2026_0266,PIP,P1,82.63,Oui,Non
STD_2026_0266,EMII,P2,78.69,Oui,Non
STD_2026_0266,GCA,P2,86.49,Oui,Non
STD_2026_0266,ICMP,P2,84.05,Oui,Non
STD_2026_0266,ESIIA,P3,55.58,Non,Non
STD_2026_0266,IGGLIA,P3,87.12,Oui,Non
STD_2026_0266,IMTICIA,P3,76.47,Oui,Non
STD_2026_0266,ISAIA,P3,81.25,Oui,Non
STD_2026_0266,TEE,P4,80.49,Oui,Oui
STD_2026_0266,TEH,P4,72.49,Sous condition,Non
STD_2026_0266,CAA,P5,77.58,Oui,Non
STD_2026_0266,DTJA,P5,77.71,Oui,Non
STD_2026_0266,EMP,P5,80.18,Oui,Non
STD_2026_0266,FIC,P5,82.19,Oui,Non
STD_2026_0267,AEE,P1,83.63,Oui,Non
STD_2026_0267,IAA,P1,84.23,Oui,Non
STD_2026_0267,PIP,P1,87.22,Oui,Non
STD_2026_0267,EMII,P2,83.38,Oui,Non
STD_2026_0267,GCA,P2,79.38,Oui,Non
STD_2026_0267,ICMP,P2,86.14,Oui,Non
STD_2026_0267,ESIIA,P3,80.72,Oui,Non
STD_2026_0267,IGGLIA,P3,80.22,Oui,Non
STD_2026_0267,IMTICIA,P3,82.15,Oui,Non
STD_2026_0267,ISAIA,P3,82.76,Oui,Non
STD_2026_0267,TEE,P4,78.48,Oui,Non
STD_2026_0267,TEH,P4,59.25,Non,Oui
STD_2026_0267,CAA,P5,82.25,Oui,Non
STD_2026_0267,DTJA,P5,61.02,Non,Non
STD_2026_0267,EMP,P5,85.16,Oui,Non
STD_2026_0267,FIC,P5,88.83,Oui,Non
STD_2026_0268,AEE,P1,51.83,Non,Non
STD_2026_0268,IAA,P1,51.63,Non,Non
STD_2026_0268,PIP,P1,57.0,Non,Non
STD_2026_0268,EMII,P2,55.1,Non,Non
STD_2026_0268,GCA,P2,54.67,Non,Non
STD_2026_0268,ICMP,P2,55.87,Non,Non
STD_2026_0268,ESIIA,P3,52.13,Non,Non
STD_2026_0268,IGGLIA,P3,73.5,Sous condition,Non
STD_2026_0268,IMTICIA,P3,74.09,Sous condition,Non
STD_2026_0268,ISAIA,P3,75.63,Oui,Non
STD_2026_0268,TEE,P4,72.14,Sous condition,Non
STD_2026_0268,TEH,P4,73.06,Sous condition,Non
STD_2026_0268,CAA,P5,76.88,Oui,Oui
STD_2026_0268,DTJA,P5,71.37,Sous condition,Non
STD_2026_0268,EMP,P5,82.83,Oui,Non
STD_2026_0268,FIC,P5,73.62,Sous condition,Non
STD_2026_0269,AEE,P1,65.96,Non,Non
STD_2026_0269,IAA,P1,88.7,Oui,Non
STD_2026_0269,PIP,P1,67.74,Non,Non
STD_2026_0269,EMII,P2,88.51,Oui,Non
STD_2026_0269,GCA,P2,82.87,Oui,Non
STD_2026_0269,ICMP,P2,94.3,Oui,Non
STD_2026_0269,ESIIA,P3,88.51,Oui,Non
STD_2026_0269,IGGLIA,P3,86.47,Oui,Non
STD_2026_0269,IMTICIA,P3,85.73,Oui,Non
STD_2026_0269,ISAIA,P3,58.83,Non,Non
STD_2026_0269,TEE,P4,63.77,Non,Non
STD_2026_0269,TEH,P4,64.32,Non,Non
STD_2026_0269,CAA,P5,64.58,Non,Non
STD_2026_0269,DTJA,P5,67.84,Non,Oui
STD_2026_0269,EMP,P5,60.25,Non,Non
STD_2026_0269,FIC,P5,62.09,Non,Non
STD_2026_0270,AEE,P1,69.1,Sous condition,Non
STD_2026_0270,IAA,P1,48.4,Non,Non
STD_2026_0270,PIP,P1,41.16,Non,Non
STD_2026_0270,EMII,P2,44.92,Non,Non
STD_2026_0270,GCA,P2,48.91,Non,Non
STD_2026_0270,ICMP,P2,40.32,Non,Non
STD_2026_0270,ESIIA,P3,46.32,Non,Non
STD_2026_0270,IGGLIA,P3,66.07,Sous condition,Non
STD_2026_0270,IMTICIA,P3,68.16,Sous condition,Non
STD_2026_0270,ISAIA,P3,46.52,Non,Non
STD_2026_0270,TEE,P4,78.61,Oui,Non
STD_2026_0270,TEH,P4,76.13,Oui,Non
STD_2026_0270,CAA,P5,67.49,Sous condition,Non
STD_2026_0270,DTJA,P5,71.7,Sous condition,Non
STD_2026_0270,EMP,P5,72.0,Sous condition,Oui
STD_2026_0270,FIC,P5,48.88,Non,Non
STD_2026_0271,AEE,P1,79.92,Oui,Non
STD_2026_0271,IAA,P1,52.36,Non,Non
STD_2026_0271,PIP,P1,49.32,Non,Non
STD_2026_0271,EMII,P2,50.25,Non,Non
STD_2026_0271,GCA,P2,48.97,Non,Non
STD_2026_0271,ICMP,P2,47.6,Non,Non
STD_2026_0271,ESIIA,P3,48.0,Non,Non
STD_2026_0271,IGGLIA,P3,76.81,Oui,Non
STD_2026_0271,IMTICIA,P3,72.52,Sous condition,Non
STD_2026_0271,ISAIA,P3,52.04,Non,Non
STD_2026_0271,TEE,P4,81.16,Oui,Non
STD_2026_0271,TEH,P4,80.9,Oui,Non
STD_2026_0271,CAA,P5,79.63,Oui,Non
STD_2026_0271,DTJA,P5,84.94,Oui,Non
STD_2026_0271,EMP,P5,75.74,Oui,Non
STD_2026_0271,FIC,P5,48.61,Non,Oui
STD_2026_0272,AEE,P1,63.94,Sous condition,Oui
STD_2026_0272,IAA,P1,42.91,Non,Non
STD_2026_0272,PIP,P1,43.66,Non,Non
STD_2026_0272,EMII,P2,31.7,Non,Non
STD_2026_0272,GCA,P2,38.36,Non,Non
STD_2026_0272,ICMP,P2,30.53,Non,Non
STD_2026_0272,ESIIA,P3,37.04,Non,Non
STD_2026_0272,IGGLIA,P3,73.73,Sous condition,Non
STD_2026_0272,IMTICIA,P3,68.96,Sous condition,Non
STD_2026_0272,ISAIA,P3,43.26,Non,Non
STD_2026_0272,TEE,P4,75.48,Oui,Non
STD_2026_0272,TEH,P4,78.63,Oui,Non
STD_2026_0272,CAA,P5,73.14,Sous condition,Non
STD_2026_0272,DTJA,P5,73.09,Sous condition,Non
STD_2026_0272,EMP,P5,69.24,Sous condition,Non
STD_2026_0272,FIC,P5,42.54,Non,Non
STD_2026_0273,AEE,P1,51.91,Non,Non
STD_2026_0273,IAA,P1,53.7,Non,Oui
STD_2026_0273,PIP,P1,53.32,Non,Non
STD_2026_0273,EMII,P2,43.95,Non,Non
STD_2026_0273,GCA,P2,43.75,Non,Non
STD_2026_0273,ICMP,P2,36.64,Non,Non
STD_2026_0273,ESIIA,P3,48.53,Non,Non
STD_2026_0273,IGGLIA,P3,53.32,Non,Non
STD_2026_0273,IMTICIA,P3,77.69,Oui,Non
STD_2026_0273,ISAIA,P3,57.54,Non,Non
STD_2026_0273,TEE,P4,88.31,Oui,Non
STD_2026_0273,TEH,P4,83.34,Oui,Non
STD_2026_0273,CAA,P5,80.15,Oui,Non
STD_2026_0273,DTJA,P5,79.9,Oui,Non
STD_2026_0273,EMP,P5,56.2,Non,Non
STD_2026_0273,FIC,P5,51.62,Non,Non
STD_2026_0274,AEE,P1,81.58,Oui,Non
STD_2026_0274,IAA,P1,77.52,Oui,Non
STD_2026_0274,PIP,P1,69.91,Sous condition,Oui
STD_2026_0274,EMII,P2,73.92,Sous condition,Non
STD_2026_0274,GCA,P2,82.6,Oui,Non
STD_2026_0274,ICMP,P2,89.03,Oui,Non
STD_2026_0274,ESIIA,P3,84.07,Oui,Non
STD_2026_0274,IGGLIA,P3,65.69,Sous condition,Non
STD_2026_0274,IMTICIA,P3,64.74,Sous condition,Non
STD_2026_0274,ISAIA,P3,73.94,Sous condition,Non
STD_2026_0274,TEE,P4,44.62,Non,Non
STD_2026_0274,TEH,P4,44.4,Non,Non
STD_2026_0274,CAA,P5,68.76,Sous condition,Non
STD_2026_0274,DTJA,P5,46.35,Non,Non
STD_2026_0274,EMP,P5,69.75,Sous condition,Non
STD_2026_0274,FIC,P5,74.8,Sous condition,Non
STD_2026_0275,AEE,P1,73.67,Sous condition,Non
STD_2026_0275,IAA,P1,74.94,Sous condition,Non
STD_2026_0275,PIP,P1,77.03,Oui,Non
STD_2026_0275,EMII,P2,70.67,Sous condition,Oui
STD_2026_0275,GCA,P2,69.19,Sous condition,Non
STD_2026_0275,ICMP,P2,77.85,Oui,Non
STD_2026_0275,ESIIA,P3,48.43,Non,Non
STD_2026_0275,IGGLIA,P3,72.76,Sous condition,Non
STD_2026_0275,IMTICIA,P3,76.85,Oui,Non
STD_2026_0275,ISAIA,P3,74.82,Sous condition,Non
STD_2026_0275,TEE,P4,84.32,Oui,Non
STD_2026_0275,TEH,P4,75.5,Oui,Non
STD_2026_0275,CAA,P5,76.11,Oui,Non
STD_2026_0275,DTJA,P5,77.38,Oui,Non
STD_2026_0275,EMP,P5,73.77,Sous condition,Non
STD_2026_0275,FIC,P5,72.78,Sous condition,Non
STD_2026_0276,AEE,P1,73.62,Sous condition,Non
STD_2026_0276,IAA,P1,71.56,Sous condition,Non
STD_2026_0276,PIP,P1,80.64,Oui,Non
STD_2026_0276,EMII,P2,89.44,Oui,Non
STD_2026_0276,GCA,P2,77.97,Oui,Oui
STD_2026_0276,ICMP,P2,83.43,Oui,Non
STD_2026_0276,ESIIA,P3,83.1,Oui,Non
STD_2026_0276,IGGLIA,P3,65.54,Sous condition,Non
STD_2026_0276,IMTICIA,P3,73.59,Sous condition,Non
STD_2026_0276,ISAIA,P3,71.73,Sous condition,Non
STD_2026_0276,TEE,P4,66.6,Sous condition,Non
STD_2026_0276,TEH,P4,41.81,Non,Non
STD_2026_0276,CAA,P5,68.92,Sous condition,Non
STD_2026_0276,DTJA,P5,42.0,Non,Non
STD_2026_0276,EMP,P5,72.18,Sous condition,Non
STD_2026_0276,FIC,P5,69.15,Sous condition,Non
STD_2026_0277,AEE,P1,60.75,Non,Non
STD_2026_0277,IAA,P1,56.55,Non,Non
STD_2026_0277,PIP,P1,57.1,Non,Non
STD_2026_0277,EMII,P2,60.21,Non,Non
STD_2026_0277,GCA,P2,63.48,Non,Non
STD_2026_0277,ICMP,P2,59.53,Non,Oui
STD_2026_0277,ESIIA,P3,56.8,Non,Non
STD_2026_0277,IGGLIA,P3,78.3,Oui,Non
STD_2026_0277,IMTICIA,P3,75.03,Oui,Non
STD_2026_0277,ISAIA,P3,75.27,Oui,Non
STD_2026_0277,TEE,P4,78.18,Oui,Non
STD_2026_0277,TEH,P4,77.28,Oui,Non
STD_2026_0277,CAA,P5,80.77,Oui,Non
STD_2026_0277,DTJA,P5,76.99,Oui,Non
STD_2026_0277,EMP,P5,78.38,Oui,Non
STD_2026_0277,FIC,P5,76.88,Oui,Non
STD_2026_0278,AEE,P1,64.74,Non,Non
STD_2026_0278,IAA,P1,85.45,Oui,Non
STD_2026_0278,PIP,P1,65.69,Non,Non
STD_2026_0278,EMII,P2,88.74,Oui,Non
STD_2026_0278,GCA,P2,81.48,Oui,Non
STD_2026_0278,ICMP,P2,86.15,Oui,Non
STD_2026_0278,ESIIA,P3,80.93,Oui,Oui
STD_2026_0278,IGGLIA,P3,97.32,Oui,Non
STD_2026_0278,IMTICIA,P3,90.75,Oui,Non
STD_2026_0278,ISAIA,P3,65.09,Non,Non
STD_2026_0278,TEE,P4,64.77,Non,Non
STD_2026_0278,TEH,P4,63.97,Non,Non
STD_2026_0278,CAA,P5,69.03,Non,Non
STD_2026_0278,DTJA,P5,62.48,Non,Non
STD_2026_0278,EMP,P5,65.93,Non,Non
STD_2026_0278,FIC,P5,69.16,Non,Non
STD_2026_0279,AEE,P1,80.77,Oui,Non
STD_2026_0279,IAA,P1,58.75,Non,Non
STD_2026_0279,PIP,P1,51.15,Non,Non
STD_2026_0279,EMII,P2,55.42,Non,Non
STD_2026_0279,GCA,P2,52.98,Non,Non
STD_2026_0279,ICMP,P2,54.21,Non,Non
STD_2026_0279,ESIIA,P3,59.79,Non,Non
STD_2026_0279,IGGLIA,P3,81.33,Oui,Oui
STD_2026_0279,IMTICIA,P3,80.74,Oui,Non
STD_2026_0279,ISAIA,P3,55.62,Non,Non
STD_2026_0279,TEE,P4,78.94,Oui,Non
STD_2026_0279,TEH,P4,81.15,Oui,Non
STD_2026_0279,CAA,P5,79.49,Oui,Non
STD_2026_0279,DTJA,P5,79.26,Oui,Non
STD_2026_0279,EMP,P5,85.48,Oui,Non
STD_2026_0279,FIC,P5,59.9,Non,Non
STD_2026_0280,AEE,P1,78.49,Oui,Non
STD_2026_0280,IAA,P1,52.12,Non,Non
STD_2026_0280,PIP,P1,47.58,Non,Non
STD_2026_0280,EMII,P2,57.8,Non,Non
STD_2026_0280,GCA,P2,45.98,Non,Non
STD_2026_0280,ICMP,P2,50.49,Non,Non
STD_2026_0280,ESIIA,P3,54.52,Non,Non
STD_2026_0280,IGGLIA,P3,77.6,Oui,Non
STD_2026_0280,IMTICIA,P3,80.16,Oui,Oui
STD_2026_0280,ISAIA,P3,53.42,Non,Non
STD_2026_0280,TEE,P4,66.48,Sous condition,Non
STD_2026_0280,TEH,P4,79.33,Oui,Non
STD_2026_0280,CAA,P5,78.17,Oui,Non
STD_2026_0280,DTJA,P5,74.86,Sous condition,Non
STD_2026_0280,EMP,P5,75.63,Oui,Non
STD_2026_0280,FIC,P5,60.28,Non,Non
STD_2026_0281,AEE,P1,77.31,Oui,Non
STD_2026_0281,IAA,P1,50.78,Non,Non
STD_2026_0281,PIP,P1,60.4,Non,Non
STD_2026_0281,EMII,P2,49.83,Non,Non
STD_2026_0281,GCA,P2,54.93,Non,Non
STD_2026_0281,ICMP,P2,53.69,Non,Non
STD_2026_0281,ESIIA,P3,55.82,Non,Non
STD_2026_0281,IGGLIA,P3,80.58,Oui,Non
STD_2026_0281,IMTICIA,P3,76.71,Oui,Non
STD_2026_0281,ISAIA,P3,56.46,Non,Oui
STD_2026_0281,TEE,P4,75.65,Oui,Non
STD_2026_0281,TEH,P4,76.5,Oui,Non
STD_2026_0281,CAA,P5,80.08,Oui,Non
STD_2026_0281,DTJA,P5,80.73,Oui,Non
STD_2026_0281,EMP,P5,77.9,Oui,Non
STD_2026_0281,FIC,P5,61.2,Non,Non
STD_2026_0282,AEE,P1,51.84,Non,Non
STD_2026_0282,IAA,P1,49.07,Non,Non
STD_2026_0282,PIP,P1,45.3,Non,Non
STD_2026_0282,EMII,P2,43.91,Non,Non
STD_2026_0282,GCA,P2,37.93,Non,Non
STD_2026_0282,ICMP,P2,41.38,Non,Non
STD_2026_0282,ESIIA,P3,46.31,Non,Non
STD_2026_0282,IGGLIA,P3,53.84,Non,Non
STD_2026_0282,IMTICIA,P3,75.24,Oui,Non
STD_2026_0282,ISAIA,P3,48.19,Non,Non
STD_2026_0282,TEE,P4,82.32,Oui,Oui
STD_2026_0282,TEH,P4,80.54,Oui,Non
STD_2026_0282,CAA,P5,71.88,Sous condition,Non
STD_2026_0282,DTJA,P5,71.76,Sous condition,Non
STD_2026_0282,EMP,P5,53.76,Non,Non
STD_2026_0282,FIC,P5,56.91,Non,Non
STD_2026_0283,AEE,P1,83.67,Oui,Non
STD_2026_0283,IAA,P1,81.05,Oui,Non
STD_2026_0283,PIP,P1,82.48,Oui,Non
STD_2026_0283,EMII,P2,82.24,Oui,Non
STD_2026_0283,GCA,P2,85.27,Oui,Non
STD_2026_0283,ICMP,P2,77.81,Oui,Non
STD_2026_0283,ESIIA,P3,83.92,Oui,Non
STD_2026_0283,IGGLIA,P3,78.52,Oui,Non
STD_2026_0283,IMTICIA,P3,79.32,Oui,Non
STD_2026_0283,ISAIA,P3,77.35,Oui,Non
STD_2026_0283,TEE,P4,59.47,Non,Non
STD_2026_0283,TEH,P4,54.89,Non,Oui
STD_2026_0283,CAA,P5,82.98,Oui,Non
STD_2026_0283,DTJA,P5,60.37,Non,Non
STD_2026_0283,EMP,P5,81.48,Oui,Non
STD_2026_0283,FIC,P5,78.96,Oui,Non
STD_2026_0284,AEE,P1,83.09,Oui,Non
STD_2026_0284,IAA,P1,80.0,Oui,Non
STD_2026_0284,PIP,P1,84.14,Oui,Non
STD_2026_0284,EMII,P2,85.61,Oui,Non
STD_2026_0284,GCA,P2,78.05,Oui,Non
STD_2026_0284,ICMP,P2,83.61,Oui,Non
STD_2026_0284,ESIIA,P3,57.45,Non,Non
STD_2026_0284,IGGLIA,P3,90.47,Oui,Non
STD_2026_0284,IMTICIA,P3,89.61,Oui,Non
STD_2026_0284,ISAIA,P3,90.28,Oui,Non
STD_2026_0284,TEE,P4,73.42,Sous condition,Non
STD_2026_0284,TEH,P4,76.61,Oui,Non
STD_2026_0284,CAA,P5,88.2,Oui,Oui
STD_2026_0284,DTJA,P5,77.11,Oui,Non
STD_2026_0284,EMP,P5,85.0,Oui,Non
STD_2026_0284,FIC,P5,85.72,Oui,Non
STD_2026_0285,AEE,P1,80.97,Oui,Non
STD_2026_0285,IAA,P1,81.09,Oui,Non
STD_2026_0285,PIP,P1,80.54,Oui,Non
STD_2026_0285,EMII,P2,77.22,Oui,Non
STD_2026_0285,GCA,P2,69.69,Sous condition,Non
STD_2026_0285,ICMP,P2,85.37,Oui,Non
STD_2026_0285,ESIIA,P3,78.97,Oui,Non
STD_2026_0285,IGGLIA,P3,79.25,Oui,Non
STD_2026_0285,IMTICIA,P3,79.68,Oui,Non
STD_2026_0285,ISAIA,P3,76.3,Oui,Non
STD_2026_0285,TEE,P4,78.78,Oui,Non
STD_2026_0285,TEH,P4,46.94,Non,Non
STD_2026_0285,CAA,P5,81.36,Oui,Non
STD_2026_0285,DTJA,P5,46.6,Non,Oui
STD_2026_0285,EMP,P5,76.75,Oui,Non
STD_2026_0285,FIC,P5,83.58,Oui,Non
STD_2026_0286,AEE,P1,49.48,Non,Non
STD_2026_0286,IAA,P1,51.85,Non,Non
STD_2026_0286,PIP,P1,55.19,Non,Non
STD_2026_0286,EMII,P2,55.56,Non,Non
STD_2026_0286,GCA,P2,56.23,Non,Non
STD_2026_0286,ICMP,P2,63.47,Non,Non
STD_2026_0286,ESIIA,P3,50.05,Non,Non
STD_2026_0286,IGGLIA,P3,76.67,Oui,Non
STD_2026_0286,IMTICIA,P3,74.53,Sous condition,Non
STD_2026_0286,ISAIA,P3,72.34,Sous condition,Non
STD_2026_0286,TEE,P4,76.5,Oui,Non
STD_2026_0286,TEH,P4,71.85,Sous condition,Non
STD_2026_0286,CAA,P5,77.14,Oui,Non
STD_2026_0286,DTJA,P5,72.79,Sous condition,Non
STD_2026_0286,EMP,P5,82.94,Oui,Oui
STD_2026_0286,FIC,P5,85.14,Oui,Non
STD_2026_0287,AEE,P1,52.12,Non,Non
STD_2026_0287,IAA,P1,75.88,Oui,Non
STD_2026_0287,PIP,P1,53.1,Non,Non
STD_2026_0287,EMII,P2,76.33,Oui,Non
STD_2026_0287,GCA,P2,84.84,Oui,Non
STD_2026_0287,ICMP,P2,82.52,Oui,Non
STD_2026_0287,ESIIA,P3,80.47,Oui,Non
STD_2026_0287,IGGLIA,P3,81.34,Oui,Non
STD_2026_0287,IMTICIA,P3,80.06,Oui,Non
STD_2026_0287,ISAIA,P3,57.52,Non,Non
STD_2026_0287,TEE,P4,48.32,Non,Non
STD_2026_0287,TEH,P4,48.87,Non,Non
STD_2026_0287,CAA,P5,51.89,Non,Non
STD_2026_0287,DTJA,P5,48.19,Non,Non
STD_2026_0287,EMP,P5,56.0,Non,Non
STD_2026_0287,FIC,P5,50.54,Non,Oui
STD_2026_0288,AEE,P1,72.61,Sous condition,Oui
STD_2026_0288,IAA,P1,43.42,Non,Non
STD_2026_0288,PIP,P1,42.35,Non,Non
STD_2026_0288,EMII,P2,43.97,Non,Non
STD_2026_0288,GCA,P2,42.68,Non,Non
STD_2026_0288,ICMP,P2,39.63,Non,Non
STD_2026_0288,ESIIA,P3,39.96,Non,Non
STD_2026_0288,IGGLIA,P3,69.94,Sous condition,Non
STD_2026_0288,IMTICIA,P3,64.73,Sous condition,Non
STD_2026_0288,ISAIA,P3,39.45,Non,Non
STD_2026_0288,TEE,P4,78.54,Oui,Non
STD_2026_0288,TEH,P4,78.47,Oui,Non
STD_2026_0288,CAA,P5,64.65,Sous condition,Non
STD_2026_0288,DTJA,P5,70.16,Sous condition,Non
STD_2026_0288,EMP,P5,69.55,Sous condition,Non
STD_2026_0288,FIC,P5,40.3,Non,Non
STD_2026_0289,AEE,P1,69.41,Sous condition,Non
STD_2026_0289,IAA,P1,45.33,Non,Oui
STD_2026_0289,PIP,P1,45.86,Non,Non
STD_2026_0289,EMII,P2,41.17,Non,Non
STD_2026_0289,GCA,P2,50.19,Non,Non
STD_2026_0289,ICMP,P2,42.23,Non,Non
STD_2026_0289,ESIIA,P3,39.43,Non,Non
STD_2026_0289,IGGLIA,P3,66.29,Sous condition,Non
STD_2026_0289,IMTICIA,P3,70.98,Sous condition,Non
STD_2026_0289,ISAIA,P3,47.33,Non,Non
STD_2026_0289,TEE,P4,76.1,Oui,Non
STD_2026_0289,TEH,P4,77.59,Oui,Non
STD_2026_0289,CAA,P5,71.24,Sous condition,Non
STD_2026_0289,DTJA,P5,77.55,Oui,Non
STD_2026_0289,EMP,P5,71.54,Sous condition,Non
STD_2026_0289,FIC,P5,54.49,Non,Non
STD_2026_0290,AEE,P1,74.08,Sous condition,Non
STD_2026_0290,IAA,P1,46.01,Non,Non
STD_2026_0290,PIP,P1,50.1,Non,Oui
STD_2026_0290,EMII,P2,41.47,Non,Non
STD_2026_0290,GCA,P2,49.83,Non,Non
STD_2026_0290,ICMP,P2,45.87,Non,Non
STD_2026_0290,ESIIA,P3,41.92,Non,Non
STD_2026_0290,IGGLIA,P3,72.35,Sous condition,Non
STD_2026_0290,IMTICIA,P3,69.51,Sous condition,Non
STD_2026_0290,ISAIA,P3,45.93,Non,Non
STD_2026_0290,TEE,P4,77.57,Oui,Non
STD_2026_0290,TEH,P4,79.98,Oui,Non
STD_2026_0290,CAA,P5,69.65,Sous condition,Non
STD_2026_0290,DTJA,P5,71.33,Sous condition,Non
STD_2026_0290,EMP,P5,71.69,Sous condition,Non
STD_2026_0290,FIC,P5,42.91,Non,Non
STD_2026_0291,AEE,P1,51.1,Non,Non
STD_2026_0291,IAA,P1,52.0,Non,Non
STD_2026_0291,PIP,P1,54.61,Non,Non
STD_2026_0291,EMII,P2,44.43,Non,Oui
STD_2026_0291,GCA,P2,47.82,Non,Non
STD_2026_0291,ICMP,P2,48.64,Non,Non
STD_2026_0291,ESIIA,P3,55.04,Non,Non
STD_2026_0291,IGGLIA,P3,54.96,Non,Non
STD_2026_0291,IMTICIA,P3,78.53,Oui,Non
STD_2026_0291,ISAIA,P3,49.63,Non,Non
STD_2026_0291,TEE,P4,83.87,Oui,Non
STD_2026_0291,TEH,P4,75.35,Oui,Non
STD_2026_0291,CAA,P5,73.76,Sous condition,Non
STD_2026_0291,DTJA,P5,83.81,Oui,Non
STD_2026_0291,EMP,P5,52.0,Non,Non
STD_2026_0291,FIC,P5,57.88,Non,Non
STD_2026_0292,AEE,P1,76.27,Oui,Non
STD_2026_0292,IAA,P1,77.6,Oui,Non
STD_2026_0292,PIP,P1,79.25,Oui,Non
STD_2026_0292,EMII,P2,73.42,Sous condition,Non
STD_2026_0292,GCA,P2,77.58,Oui,Oui
STD_2026_0292,ICMP,P2,87.89,Oui,Non
STD_2026_0292,ESIIA,P3,81.4,Oui,Non
STD_2026_0292,IGGLIA,P3,73.52,Sous condition,Non
STD_2026_0292,IMTICIA,P3,75.78,Oui,Non
STD_2026_0292,ISAIA,P3,70.8,Sous condition,Non
STD_2026_0292,TEE,P4,50.5,Non,Non
STD_2026_0292,TEH,P4,40.67,Non,Non
STD_2026_0292,CAA,P5,71.98,Sous condition,Non
STD_2026_0292,DTJA,P5,46.76,Non,Non
STD_2026_0292,EMP,P5,78.85,Oui,Non
STD_2026_0292,FIC,P5,78.94,Oui,Non
STD_2026_0293,AEE,P1,88.84,Oui,Non
STD_2026_0293,IAA,P1,84.71,Oui,Non
STD_2026_0293,PIP,P1,79.83,Oui,Non
STD_2026_0293,EMII,P2,82.9,Oui,Non
STD_2026_0293,GCA,P2,84.31,Oui,Non
STD_2026_0293,ICMP,P2,85.41,Oui,Oui
STD_2026_0293,ESIIA,P3,56.44,Non,Non
STD_2026_0293,IGGLIA,P3,79.52,Oui,Non
STD_2026_0293,IMTICIA,P3,81.14,Oui,Non
STD_2026_0293,ISAIA,P3,85.26,Oui,Non
STD_2026_0293,TEE,P4,79.24,Oui,Non
STD_2026_0293,TEH,P4,76.02,Oui,Non
STD_2026_0293,CAA,P5,78.31,Oui,Non
STD_2026_0293,DTJA,P5,73.99,Sous condition,Non
STD_2026_0293,EMP,P5,82.93,Oui,Non
STD_2026_0293,FIC,P5,89.73,Oui,Non
STD_2026_0294,AEE,P1,78.39,Oui,Non
STD_2026_0294,IAA,P1,76.35,Oui,Non
STD_2026_0294,PIP,P1,78.15,Oui,Non
STD_2026_0294,EMII,P2,76.88,Oui,Non
STD_2026_0294,GCA,P2,80.21,Oui,Non
STD_2026_0294,ICMP,P2,86.88,Oui,Non
STD_2026_0294,ESIIA,P3,75.73,Oui,Oui
STD_2026_0294,IGGLIA,P3,77.44,Oui,Non
STD_2026_0294,IMTICIA,P3,65.17,Sous condition,Non
STD_2026_0294,ISAIA,P3,69.77,Sous condition,Non
STD_2026_0294,TEE,P4,65.03,Sous condition,Non
STD_2026_0294,TEH,P4,40.46,Non,Non
STD_2026_0294,CAA,P5,68.19,Sous condition,Non
STD_2026_0294,DTJA,P5,43.56,Non,Non
STD_2026_0294,EMP,P5,75.14,Oui,Non
STD_2026_0294,FIC,P5,70.17,Sous condition,Non
STD_2026_0295,AEE,P1,60.0,Non,Non
STD_2026_0295,IAA,P1,46.65,Non,Non
STD_2026_0295,PIP,P1,53.6,Non,Non
STD_2026_0295,EMII,P2,53.62,Non,Non
STD_2026_0295,GCA,P2,56.44,Non,Non
STD_2026_0295,ICMP,P2,55.7,Non,Non
STD_2026_0295,ESIIA,P3,56.41,Non,Non
STD_2026_0295,IGGLIA,P3,73.11,Sous condition,Oui
STD_2026_0295,IMTICIA,P3,76.11,Oui,Non
STD_2026_0295,ISAIA,P3,80.93,Oui,Non
STD_2026_0295,TEE,P4,78.71,Oui,Non
STD_2026_0295,TEH,P4,88.73,Oui,Non
STD_2026_0295,CAA,P5,78.94,Oui,Non
STD_2026_0295,DTJA,P5,76.89,Oui,Non
STD_2026_0295,EMP,P5,79.46,Oui,Non
STD_2026_0295,FIC,P5,82.77,Oui,Non
STD_2026_0296,AEE,P1,56.17,Non,Non
STD_2026_0296,IAA,P1,81.46,Oui,Non
STD_2026_0296,PIP,P1,52.73,Non,Non
STD_2026_0296,EMII,P2,80.58,Oui,Non
STD_2026_0296,GCA,P2,84.76,Oui,Non
STD_2026_0296,ICMP,P2,100.0,Oui,Non
STD_2026_0296,ESIIA,P3,88.65,Oui,Non
STD_2026_0296,IGGLIA,P3,75.18,Oui,Non
STD_2026_0296,IMTICIA,P3,80.72,Oui,Oui
STD_2026_0296,ISAIA,P3,52.74,Non,Non
STD_2026_0296,TEE,P4,46.99,Non,Non
STD_2026_0296,TEH,P4,45.07,Non,Non
STD_2026_0296,CAA,P5,53.46,Non,Non
STD_2026_0296,DTJA,P5,45.95,Non,Non
STD_2026_0296,EMP,P5,50.94,Non,Non
STD_2026_0296,FIC,P5,62.05,Non,Non
STD_2026_0297,AEE,P1,70.82,Sous condition,Non
STD_2026_0297,IAA,P1,52.77,Non,Non
STD_2026_0297,PIP,P1,51.34,Non,Non
STD_2026_0297,EMII,P2,47.02,Non,Non
STD_2026_0297,GCA,P2,43.04,Non,Non
STD_2026_0297,ICMP,P2,48.13,Non,Non
STD_2026_0297,ESIIA,P3,43.25,Non,Non
STD_2026_0297,IGGLIA,P3,67.07,Sous condition,Non
STD_2026_0297,IMTICIA,P3,72.01,Sous condition,Non
STD_2026_0297,ISAIA,P3,44.09,Non,Oui
STD_2026_0297,TEE,P4,78.34,Oui,Non
STD_2026_0297,TEH,P4,73.98,Sous condition,Non
STD_2026_0297,CAA,P5,69.63,Sous condition,Non
STD_2026_0297,DTJA,P5,75.71,Oui,Non
STD_2026_0297,EMP,P5,70.59,Sous condition,Non
STD_2026_0297,FIC,P5,50.29,Non,Non
STD_2026_0298,AEE,P1,77.96,Oui,Non
STD_2026_0298,IAA,P1,48.71,Non,Non
STD_2026_0298,PIP,P1,48.08,Non,Non
STD_2026_0298,EMII,P2,51.67,Non,Non
STD_2026_0298,GCA,P2,47.99,Non,Non
STD_2026_0298,ICMP,P2,45.52,Non,Non
STD_2026_0298,ESIIA,P3,48.51,Non,Non
STD_2026_0298,IGGLIA,P3,73.82,Sous condition,Non
STD_2026_0298,IMTICIA,P3,73.19,Sous condition,Non
STD_2026_0298,ISAIA,P3,44.7,Non,Non
STD_2026_0298,TEE,P4,75.03,Oui,Oui
STD_2026_0298,TEH,P4,71.74,Sous condition,Non
STD_2026_0298,CAA,P5,73.01,Sous condition,Non
STD_2026_0298,DTJA,P5,72.84,Sous condition,Non
STD_2026_0298,EMP,P5,73.76,Sous condition,Non
STD_2026_0298,FIC,P5,51.42,Non,Non
STD_2026_0299,AEE,P1,63.7,Sous condition,Non
STD_2026_0299,IAA,P1,39.44,Non,Non
STD_2026_0299,PIP,P1,47.69,Non,Non
STD_2026_0299,EMII,P2,45.6,Non,Non
STD_2026_0299,GCA,P2,39.13,Non,Non
STD_2026_0299,ICMP,P2,31.27,Non,Non
STD_2026_0299,ESIIA,P3,40.05,Non,Non
STD_2026_0299,IGGLIA,P3,75.38,Oui,Non
STD_2026_0299,IMTICIA,P3,76.4,Oui,Non
STD_2026_0299,ISAIA,P3,43.96,Non,Non
STD_2026_0299,TEE,P4,72.95,Sous condition,Non
STD_2026_0299,TEH,P4,76.2,Oui,Oui
STD_2026_0299,CAA,P5,70.74,Sous condition,Non
STD_2026_0299,DTJA,P5,69.61,Sous condition,Non
STD_2026_0299,EMP,P5,77.04,Oui,Non
STD_2026_0299,FIC,P5,48.86,Non,Non
STD_2026_0300,AEE,P1,55.73,Non,Non
STD_2026_0300,IAA,P1,44.58,Non,Non
STD_2026_0300,PIP,P1,51.77,Non,Non
STD_2026_0300,EMII,P2,41.87,Non,Non
STD_2026_0300,GCA,P2,44.0,Non,Non
STD_2026_0300,ICMP,P2,52.11,Non,Non
STD_2026_0300,ESIIA,P3,44.44,Non,Non
STD_2026_0300,IGGLIA,P3,48.82,Non,Non
STD_2026_0300,IMTICIA,P3,78.32,Oui,Non
STD_2026_0300,ISAIA,P3,49.71,Non,Non
STD_2026_0300,TEE,P4,76.94,Oui,Non
STD_2026_0300,TEH,P4,78.68,Oui,Non
STD_2026_0300,CAA,P5,83.14,Oui,Oui
STD_2026_0300,DTJA,P5,72.7,Sous condition,Non
STD_2026_0300,EMP,P5,52.4,Non,Non
STD_2026_0300,FIC,P5,54.24,Non,Non
STD_2026_0301,AEE,P1,88.25,Oui,Non
STD_2026_0301,IAA,P1,89.49,Oui,Non
STD_2026_0301,PIP,P1,86.07,Oui,Non
STD_2026_0301,EMII,P2,81.53,Oui,Non
STD_2026_0301,GCA,P2,81.0,Oui,Non
STD_2026_0301,ICMP,P2,83.48,Oui,Non
STD_2026_0301,ESIIA,P3,88.51,Oui,Non
STD_2026_0301,IGGLIA,P3,85.97,Oui,Non
STD_2026_0301,IMTICIA,P3,87.85,Oui,Non
STD_2026_0301,ISAIA,P3,81.58,Oui,Non
STD_2026_0301,TEE,P4,59.79,Non,Non
STD_2026_0301,TEH,P4,61.56,Non,Non
STD_2026_0301,CAA,P5,92.5,Oui,Non
STD_2026_0301,DTJA,P5,55.61,Non,Oui
STD_2026_0301,EMP,P5,89.59,Oui,Non
STD_2026_0301,FIC,P5,89.65,Oui,Non
STD_2026_0302,AEE,P1,72.73,Sous condition,Non
STD_2026_0302,IAA,P1,76.75,Oui,Non
STD_2026_0302,PIP,P1,71.83,Sous condition,Non
STD_2026_0302,EMII,P2,72.5,Sous condition,Non
STD_2026_0302,GCA,P2,73.8,Sous condition,Non
STD_2026_0302,ICMP,P2,73.62,Sous condition,Non
STD_2026_0302,ESIIA,P3,52.42,Non,Non
STD_2026_0302,IGGLIA,P3,66.42,Sous condition,Non
STD_2026_0302,IMTICIA,P3,67.37,Sous condition,Non
STD_2026_0302,ISAIA,P3,66.94,Sous condition,Non
STD_2026_0302,TEE,P4,72.78,Sous condition,Non
STD_2026_0302,TEH,P4,69.28,Sous condition,Non
STD_2026_0302,CAA,P5,61.09,Sous condition,Non
STD_2026_0302,DTJA,P5,64.84,Sous condition,Non
STD_2026_0302,EMP,P5,71.04,Sous condition,Oui
STD_2026_0302,FIC,P5,72.11,Sous condition,Non
STD_2026_0303,AEE,P1,81.49,Oui,Non
STD_2026_0303,IAA,P1,87.3,Oui,Non
STD_2026_0303,PIP,P1,85.14,Oui,Non
STD_2026_0303,EMII,P2,86.64,Oui,Non
STD_2026_0303,GCA,P2,85.02,Oui,Non
STD_2026_0303,ICMP,P2,93.18,Oui,Non
STD_2026_0303,ESIIA,P3,84.76,Oui,Non
STD_2026_0303,IGGLIA,P3,75.49,Oui,Non
STD_2026_0303,IMTICIA,P3,83.35,Oui,Non
STD_2026_0303,ISAIA,P3,72.56,Sous condition,Non
STD_2026_0303,TEE,P4,82.33,Oui,Non
STD_2026_0303,TEH,P4,47.7,Non,Non
STD_2026_0303,CAA,P5,80.69,Oui,Non
STD_2026_0303,DTJA,P5,54.78,Non,Non
STD_2026_0303,EMP,P5,75.36,Oui,Non
STD_2026_0303,FIC,P5,76.44,Oui,Oui
STD_2026_0304,AEE,P1,57.39,Non,Oui
STD_2026_0304,IAA,P1,51.86,Non,Non
STD_2026_0304,PIP,P1,55.76,Non,Non
STD_2026_0304,EMII,P2,56.31,Non,Non
STD_2026_0304,GCA,P2,55.94,Non,Non
STD_2026_0304,ICMP,P2,52.57,Non,Non
STD_2026_0304,ESIIA,P3,55.23,Non,Non
STD_2026_0304,IGGLIA,P3,77.33,Oui,Non
STD_2026_0304,IMTICIA,P3,78.75,Oui,Non
STD_2026_0304,ISAIA,P3,74.68,Sous condition,Non
STD_2026_0304,TEE,P4,76.57,Oui,Non
STD_2026_0304,TEH,P4,82.43,Oui,Non
STD_2026_0304,CAA,P5,83.9,Oui,Non
STD_2026_0304,DTJA,P5,77.34,Oui,Non
STD_2026_0304,EMP,P5,77.98,Oui,Non
STD_2026_0304,FIC,P5,88.24,Oui,Non
STD_2026_0305,AEE,P1,54.64,Non,Non
STD_2026_0305,IAA,P1,72.55,Sous condition,Oui
STD_2026_0305,PIP,P1,53.75,Non,Non
STD_2026_0305,EMII,P2,86.88,Oui,Non
STD_2026_0305,GCA,P2,78.66,Oui,Non
STD_2026_0305,ICMP,P2,73.65,Sous condition,Non
STD_2026_0305,ESIIA,P3,79.68,Oui,Non
STD_2026_0305,IGGLIA,P3,77.72,Oui,Non
STD_2026_0305,IMTICIA,P3,75.87,Oui,Non
STD_2026_0305,ISAIA,P3,47.01,Non,Non
STD_2026_0305,TEE,P4,51.54,Non,Non
STD_2026_0305,TEH,P4,48.89,Non,Non
STD_2026_0305,CAA,P5,46.21,Non,Non
STD_2026_0305,DTJA,P5,53.94,Non,Non
STD_2026_0305,EMP,P5,53.1,Non,Non
STD_2026_0305,FIC,P5,53.43,Non,Non
STD_2026_0306,AEE,P1,70.3,Sous condition,Non
STD_2026_0306,IAA,P1,46.08,Non,Non
STD_2026_0306,PIP,P1,42.62,Non,Oui
STD_2026_0306,EMII,P2,46.81,Non,Non
STD_2026_0306,GCA,P2,48.02,Non,Non
STD_2026_0306,ICMP,P2,36.92,Non,Non
STD_2026_0306,ESIIA,P3,46.49,Non,Non
STD_2026_0306,IGGLIA,P3,74.61,Sous condition,Non
STD_2026_0306,IMTICIA,P3,75.8,Oui,Non
STD_2026_0306,ISAIA,P3,49.37,Non,Non
STD_2026_0306,TEE,P4,80.2,Oui,Non
STD_2026_0306,TEH,P4,78.04,Oui,Non
STD_2026_0306,CAA,P5,76.56,Oui,Non
STD_2026_0306,DTJA,P5,83.88,Oui,Non
STD_2026_0306,EMP,P5,75.02,Oui,Non
STD_2026_0306,FIC,P5,49.77,Non,Non
STD_2026_0307,AEE,P1,77.71,Oui,Non
STD_2026_0307,IAA,P1,48.94,Non,Non
STD_2026_0307,PIP,P1,51.93,Non,Non
STD_2026_0307,EMII,P2,39.28,Non,Oui
STD_2026_0307,GCA,P2,48.95,Non,Non
STD_2026_0307,ICMP,P2,46.67,Non,Non
STD_2026_0307,ESIIA,P3,41.65,Non,Non
STD_2026_0307,IGGLIA,P3,78.77,Oui,Non
STD_2026_0307,IMTICIA,P3,77.7,Oui,Non
STD_2026_0307,ISAIA,P3,55.79,Non,Non
STD_2026_0307,TEE,P4,81.18,Oui,Non
STD_2026_0307,TEH,P4,81.55,Oui,Non
STD_2026_0307,CAA,P5,74.98,Sous condition,Non
STD_2026_0307,DTJA,P5,85.6,Oui,Non
STD_2026_0307,EMP,P5,73.28,Sous condition,Non
STD_2026_0307,FIC,P5,58.55,Non,Non
STD_2026_0308,AEE,P1,70.07,Sous condition,Non
STD_2026_0308,IAA,P1,43.18,Non,Non
STD_2026_0308,PIP,P1,42.36,Non,Non
STD_2026_0308,EMII,P2,39.73,Non,Non
STD_2026_0308,GCA,P2,38.8,Non,Oui
STD_2026_0308,ICMP,P2,32.25,Non,Non
STD_2026_0308,ESIIA,P3,40.6,Non,Non
STD_2026_0308,IGGLIA,P3,73.96,Sous condition,Non
STD_2026_0308,IMTICIA,P3,69.31,Sous condition,Non
STD_2026_0308,ISAIA,P3,46.45,Non,Non
STD_2026_0308,TEE,P4,72.71,Sous condition,Non
STD_2026_0308,TEH,P4,75.12,Oui,Non
STD_2026_0308,CAA,P5,64.26,Sous condition,Non
STD_2026_0308,DTJA,P5,76.88,Oui,Non
STD_2026_0308,EMP,P5,65.7,Sous condition,Non
STD_2026_0308,FIC,P5,44.86,Non,Non
STD_2026_0309,AEE,P1,50.11,Non,Non
STD_2026_0309,IAA,P1,52.44,Non,Non
STD_2026_0309,PIP,P1,51.87,Non,Non
STD_2026_0309,EMII,P2,51.4,Non,Non
STD_2026_0309,GCA,P2,61.09,Non,Non
STD_2026_0309,ICMP,P2,52.19,Non,Oui
STD_2026_0309,ESIIA,P3,50.95,Non,Non
STD_2026_0309,IGGLIA,P3,52.82,Non,Non
STD_2026_0309,IMTICIA,P3,78.94,Oui,Non
STD_2026_0309,ISAIA,P3,52.22,Non,Non
STD_2026_0309,TEE,P4,78.39,Oui,Non
STD_2026_0309,TEH,P4,82.68,Oui,Non
STD_2026_0309,CAA,P5,77.21,Oui,Non
STD_2026_0309,DTJA,P5,78.43,Oui,Non
STD_2026_0309,EMP,P5,54.77,Non,Non
STD_2026_0309,FIC,P5,57.67,Non,Non
STD_2026_0310,AEE,P1,81.34,Oui,Non
STD_2026_0310,IAA,P1,76.42,Oui,Non
STD_2026_0310,PIP,P1,83.43,Oui,Non
STD_2026_0310,EMII,P2,83.39,Oui,Non
STD_2026_0310,GCA,P2,79.36,Oui,Non
STD_2026_0310,ICMP,P2,88.38,Oui,Non
STD_2026_0310,ESIIA,P3,81.12,Oui,Oui
STD_2026_0310,IGGLIA,P3,83.55,Oui,Non
STD_2026_0310,IMTICIA,P3,75.09,Oui,Non
STD_2026_0310,ISAIA,P3,85.03,Oui,Non
STD_2026_0310,TEE,P4,49.0,Non,Non
STD_2026_0310,TEH,P4,51.01,Non,Non
STD_2026_0310,CAA,P5,85.64,Oui,Non
STD_2026_0310,DTJA,P5,49.0,Non,Non
STD_2026_0310,EMP,P5,76.44,Oui,Non
STD_2026_0310,FIC,P5,79.34,Oui,Non
STD_2026_0311,AEE,P1,83.54,Oui,Non
STD_2026_0311,IAA,P1,79.02,Oui,Non
STD_2026_0311,PIP,P1,82.14,Oui,Non
STD_2026_0311,EMII,P2,75.02,Oui,Non
STD_2026_0311,GCA,P2,80.77,Oui,Non
STD_2026_0311,ICMP,P2,85.44,Oui,Non
STD_2026_0311,ESIIA,P3,49.22,Non,Non
STD_2026_0311,IGGLIA,P3,71.43,Sous condition,Oui
STD_2026_0311,IMTICIA,P3,69.28,Sous condition,Non
STD_2026_0311,ISAIA,P3,72.83,Sous condition,Non
STD_2026_0311,TEE,P4,75.93,Oui,Non
STD_2026_0311,TEH,P4,75.74,Oui,Non
STD_2026_0311,CAA,P5,75.1,Oui,Non
STD_2026_0311,DTJA,P5,76.14,Oui,Non
STD_2026_0311,EMP,P5,72.61,Sous condition,Non
STD_2026_0311,FIC,P5,74.29,Sous condition,Non
STD_2026_0312,AEE,P1,77.61,Oui,Non
STD_2026_0312,IAA,P1,74.35,Sous condition,Non
STD_2026_0312,PIP,P1,76.03,Oui,Non
STD_2026_0312,EMII,P2,73.95,Sous condition,Non
STD_2026_0312,GCA,P2,75.33,Oui,Non
STD_2026_0312,ICMP,P2,77.42,Oui,Non
STD_2026_0312,ESIIA,P3,77.46,Oui,Non
STD_2026_0312,IGGLIA,P3,70.71,Sous condition,Non
STD_2026_0312,IMTICIA,P3,69.2,Sous condition,Oui
STD_2026_0312,ISAIA,P3,71.74,Sous condition,Non
STD_2026_0312,TEE,P4,82.46,Oui,Non
STD_2026_0312,TEH,P4,50.74,Non,Non
STD_2026_0312,CAA,P5,74.99,Sous condition,Non
STD_2026_0312,DTJA,P5,50.58,Non,Non
STD_2026_0312,EMP,P5,72.11,Sous condition,Non
STD_2026_0312,FIC,P5,70.33,Sous condition,Non
STD_2026_0313,AEE,P1,43.52,Non,Non
STD_2026_0313,IAA,P1,48.68,Non,Non
STD_2026_0313,PIP,P1,47.38,Non,Non
STD_2026_0313,EMII,P2,45.42,Non,Non
STD_2026_0313,GCA,P2,54.77,Non,Non
STD_2026_0313,ICMP,P2,49.76,Non,Non
STD_2026_0313,ESIIA,P3,52.4,Non,Non
STD_2026_0313,IGGLIA,P3,75.59,Oui,Non
STD_2026_0313,IMTICIA,P3,73.12,Sous condition,Non
STD_2026_0313,ISAIA,P3,66.7,Sous condition,Oui
STD_2026_0313,TEE,P4,75.27,Oui,Non
STD_2026_0313,TEH,P4,76.95,Oui,Non
STD_2026_0313,CAA,P5,81.02,Oui,Non
STD_2026_0313,DTJA,P5,74.95,Sous condition,Non
STD_2026_0313,EMP,P5,74.97,Sous condition,Non
STD_2026_0313,FIC,P5,80.29,Oui,Non
STD_2026_0314,AEE,P1,50.03,Non,Non
STD_2026_0314,IAA,P1,77.24,Oui,Non
STD_2026_0314,PIP,P1,53.83,Non,Non
STD_2026_0314,EMII,P2,80.09,Oui,Non
STD_2026_0314,GCA,P2,83.55,Oui,Non
STD_2026_0314,ICMP,P2,75.15,Oui,Non
STD_2026_0314,ESIIA,P3,78.29,Oui,Non
STD_2026_0314,IGGLIA,P3,77.54,Oui,Non
STD_2026_0314,IMTICIA,P3,77.87,Oui,Non
STD_2026_0314,ISAIA,P3,52.07,Non,Non
STD_2026_0314,TEE,P4,53.36,Non,Oui
STD_2026_0314,TEH,P4,53.96,Non,Non
STD_2026_0314,CAA,P5,54.57,Non,Non
STD_2026_0314,DTJA,P5,49.45,Non,Non
STD_2026_0314,EMP,P5,48.4,Non,Non
STD_2026_0314,FIC,P5,55.62,Non,Non
STD_2026_0315,AEE,P1,77.43,Oui,Non
STD_2026_0315,IAA,P1,48.62,Non,Non
STD_2026_0315,PIP,P1,56.52,Non,Non
STD_2026_0315,EMII,P2,49.11,Non,Non
STD_2026_0315,GCA,P2,46.43,Non,Non
STD_2026_0315,ICMP,P2,48.74,Non,Non
STD_2026_0315,ESIIA,P3,48.91,Non,Non
STD_2026_0315,IGGLIA,P3,76.33,Oui,Non
STD_2026_0315,IMTICIA,P3,75.35,Oui,Non
STD_2026_0315,ISAIA,P3,52.29,Non,Non
STD_2026_0315,TEE,P4,77.85,Oui,Non
STD_2026_0315,TEH,P4,75.14,Oui,Oui
STD_2026_0315,CAA,P5,76.5,Oui,Non
STD_2026_0315,DTJA,P5,79.3,Oui,Non
STD_2026_0315,EMP,P5,76.3,Oui,Non
STD_2026_0315,FIC,P5,55.7,Non,Non
STD_2026_0316,AEE,P1,75.29,Oui,Non
STD_2026_0316,IAA,P1,45.89,Non,Non
STD_2026_0316,PIP,P1,47.65,Non,Non
STD_2026_0316,EMII,P2,42.51,Non,Non
STD_2026_0316,GCA,P2,41.31,Non,Non
STD_2026_0316,ICMP,P2,52.69,Non,Non
STD_2026_0316,ESIIA,P3,47.24,Non,Non
STD_2026_0316,IGGLIA,P3,71.93,Sous condition,Non
STD_2026_0316,IMTICIA,P3,69.86,Sous condition,Non
STD_2026_0316,ISAIA,P3,50.38,Non,Non
STD_2026_0316,TEE,P4,72.93,Sous condition,Non
STD_2026_0316,TEH,P4,78.69,Oui,Non
STD_2026_0316,CAA,P5,72.85,Sous condition,Oui
STD_2026_0316,DTJA,P5,80.85,Oui,Non
STD_2026_0316,EMP,P5,70.64,Sous condition,Non
STD_2026_0316,FIC,P5,45.97,Non,Non
STD_2026_0317,AEE,P1,74.21,Sous condition,Non
STD_2026_0317,IAA,P1,41.48,Non,Non
STD_2026_0317,PIP,P1,47.91,Non,Non
STD_2026_0317,EMII,P2,52.11,Non,Non
STD_2026_0317,GCA,P2,42.73,Non,Non
STD_2026_0317,ICMP,P2,51.1,Non,Non
STD_2026_0317,ESIIA,P3,51.63,Non,Non
STD_2026_0317,IGGLIA,P3,76.57,Oui,Non
STD_2026_0317,IMTICIA,P3,74.81,Sous condition,Non
STD_2026_0317,ISAIA,P3,51.87,Non,Non
STD_2026_0317,TEE,P4,77.42,Oui,Non
STD_2026_0317,TEH,P4,85.73,Oui,Non
STD_2026_0317,CAA,P5,75.38,Oui,Non
STD_2026_0317,DTJA,P5,69.84,Sous condition,Oui
STD_2026_0317,EMP,P5,78.22,Oui,Non
STD_2026_0317,FIC,P5,46.35,Non,Non
STD_2026_0318,AEE,P1,54.33,Non,Non
STD_2026_0318,IAA,P1,56.26,Non,Non
STD_2026_0318,PIP,P1,50.73,Non,Non
STD_2026_0318,EMII,P2,44.03,Non,Non
STD_2026_0318,GCA,P2,45.61,Non,Non
STD_2026_0318,ICMP,P2,39.29,Non,Non
STD_2026_0318,ESIIA,P3,42.43,Non,Non
STD_2026_0318,IGGLIA,P3,47.88,Non,Non
STD_2026_0318,IMTICIA,P3,74.37,Sous condition,Non
STD_2026_0318,ISAIA,P3,48.92,Non,Non
STD_2026_0318,TEE,P4,84.46,Oui,Non
STD_2026_0318,TEH,P4,85.61,Oui,Non
STD_2026_0318,CAA,P5,75.0,Oui,Non
STD_2026_0318,DTJA,P5,78.37,Oui,Non
STD_2026_0318,EMP,P5,48.35,Non,Oui
STD_2026_0318,FIC,P5,55.58,Non,Non
STD_2026_0319,AEE,P1,80.06,Oui,Non
STD_2026_0319,IAA,P1,81.49,Oui,Non
STD_2026_0319,PIP,P1,89.32,Oui,Non
STD_2026_0319,EMII,P2,84.91,Oui,Non
STD_2026_0319,GCA,P2,87.96,Oui,Non
STD_2026_0319,ICMP,P2,86.12,Oui,Non
STD_2026_0319,ESIIA,P3,88.1,Oui,Non
STD_2026_0319,IGGLIA,P3,88.41,Oui,Non
STD_2026_0319,IMTICIA,P3,82.72,Oui,Non
STD_2026_0319,ISAIA,P3,86.55,Oui,Non
STD_2026_0319,TEE,P4,56.11,Non,Non
STD_2026_0319,TEH,P4,58.64,Non,Non
STD_2026_0319,CAA,P5,85.7,Oui,Non
STD_2026_0319,DTJA,P5,49.04,Non,Non
STD_2026_0319,EMP,P5,88.96,Oui,Non
STD_2026_0319,FIC,P5,87.21,Oui,Oui
STD_2026_0320,AEE,P1,75.79,Oui,Oui
STD_2026_0320,IAA,P1,80.56,Oui,Non
STD_2026_0320,PIP,P1,74.04,Sous condition,Non
STD_2026_0320,EMII,P2,80.42,Oui,Non
STD_2026_0320,GCA,P2,77.4,Oui,Non
STD_2026_0320,ICMP,P2,85.82,Oui,Non
STD_2026_0320,ESIIA,P3,51.63,Non,Non
STD_2026_0320,IGGLIA,P3,66.59,Sous condition,Non
STD_2026_0320,IMTICIA,P3,73.44,Sous condition,Non
STD_2026_0320,ISAIA,P3,76.12,Oui,Non
STD_2026_0320,TEE,P4,81.83,Oui,Non
STD_2026_0320,TEH,P4,73.94,Sous condition,Non
STD_2026_0320,CAA,P5,67.55,Sous condition,Non
STD_2026_0320,DTJA,P5,76.43,Oui,Non
STD_2026_0320,EMP,P5,66.86,Sous condition,Non
STD_2026_0320,FIC,P5,65.12,Sous condition,Non
STD_2026_0321,AEE,P1,85.18,Oui,Non
STD_2026_0321,IAA,P1,84.15,Oui,Oui
STD_2026_0321,PIP,P1,84.66,Oui,Non
STD_2026_0321,EMII,P2,83.85,Oui,Non
STD_2026_0321,GCA,P2,90.44,Oui,Non
STD_2026_0321,ICMP,P2,85.43,Oui,Non
STD_2026_0321,ESIIA,P3,85.22,Oui,Non
STD_2026_0321,IGGLIA,P3,83.95,Oui,Non
STD_2026_0321,IMTICIA,P3,81.69,Oui,Non
STD_2026_0321,ISAIA,P3,80.02,Oui,Non
STD_2026_0321,TEE,P4,75.95,Oui,Non
STD_2026_0321,TEH,P4,51.64,Non,Non
STD_2026_0321,CAA,P5,83.22,Oui,Non
STD_2026_0321,DTJA,P5,54.46,Non,Non
STD_2026_0321,EMP,P5,77.67,Oui,Non
STD_2026_0321,FIC,P5,90.5,Oui,Non
STD_2026_0322,AEE,P1,53.07,Non,Non
STD_2026_0322,IAA,P1,56.88,Non,Non
STD_2026_0322,PIP,P1,56.5,Non,Oui
STD_2026_0322,EMII,P2,54.15,Non,Non
STD_2026_0322,GCA,P2,55.25,Non,Non
STD_2026_0322,ICMP,P2,64.65,Non,Non
STD_2026_0322,ESIIA,P3,59.63,Non,Non
STD_2026_0322,IGGLIA,P3,83.92,Oui,Non
STD_2026_0322,IMTICIA,P3,85.45,Oui,Non
STD_2026_0322,ISAIA,P3,78.86,Oui,Non
STD_2026_0322,TEE,P4,71.47,Sous condition,Non
STD_2026_0322,TEH,P4,78.16,Oui,Non
STD_2026_0322,CAA,P5,82.92,Oui,Non
STD_2026_0322,DTJA,P5,74.95,Sous condition,Non
STD_2026_0322,EMP,P5,82.75,Oui,Non
STD_2026_0322,FIC,P5,78.94,Oui,Non
STD_2026_0323,AEE,P1,56.0,Non,Non
STD_2026_0323,IAA,P1,78.09,Oui,Non
STD_2026_0323,PIP,P1,47.71,Non,Non
STD_2026_0323,EMII,P2,83.97,Oui,Oui
STD_2026_0323,GCA,P2,90.42,Oui,Non
STD_2026_0323,ICMP,P2,75.63,Oui,Non
STD_2026_0323,ESIIA,P3,88.68,Oui,Non
STD_2026_0323,IGGLIA,P3,77.87,Oui,Non
STD_2026_0323,IMTICIA,P3,80.3,Oui,Non
STD_2026_0323,ISAIA,P3,54.84,Non,Non
STD_2026_0323,TEE,P4,49.82,Non,Non
STD_2026_0323,TEH,P4,45.55,Non,Non
STD_2026_0323,CAA,P5,51.22,Non,Non
STD_2026_0323,DTJA,P5,44.34,Non,Non
STD_2026_0323,EMP,P5,51.3,Non,Non
STD_2026_0323,FIC,P5,46.58,Non,Non
STD_2026_0324,AEE,P1,77.02,Oui,Non
STD_2026_0324,IAA,P1,52.93,Non,Non
STD_2026_0324,PIP,P1,53.31,Non,Non
STD_2026_0324,EMII,P2,56.45,Non,Non
STD_2026_0324,GCA,P2,52.76,Non,Oui
STD_2026_0324,ICMP,P2,45.62,Non,Non
STD_2026_0324,ESIIA,P3,49.31,Non,Non
STD_2026_0324,IGGLIA,P3,77.08,Oui,Non
STD_2026_0324,IMTICIA,P3,79.69,Oui,Non
STD_2026_0324,ISAIA,P3,53.63,Non,Non
STD_2026_0324,TEE,P4,87.42,Oui,Non
STD_2026_0324,TEH,P4,83.93,Oui,Non
STD_2026_0324,CAA,P5,80.6,Oui,Non
STD_2026_0324,DTJA,P5,90.09,Oui,Non
STD_2026_0324,EMP,P5,76.26,Oui,Non
STD_2026_0324,FIC,P5,47.22,Non,Non
STD_2026_0325,AEE,P1,66.2,Sous condition,Non
STD_2026_0325,IAA,P1,52.98,Non,Non
STD_2026_0325,PIP,P1,43.86,Non,Non
STD_2026_0325,EMII,P2,45.59,Non,Non
STD_2026_0325,GCA,P2,52.79,Non,Non
STD_2026_0325,ICMP,P2,47.1,Non,Oui
STD_2026_0325,ESIIA,P3,42.96,Non,Non
STD_2026_0325,IGGLIA,P3,77.05,Oui,Non
STD_2026_0325,IMTICIA,P3,66.61,Sous condition,Non
STD_2026_0325,ISAIA,P3,48.11,Non,Non
STD_2026_0325,TEE,P4,70.8,Sous condition,Non
STD_2026_0325,TEH,P4,73.7,Sous condition,Non
STD_2026_0325,CAA,P5,71.54,Sous condition,Non
STD_2026_0325,DTJA,P5,69.33,Sous condition,Non
STD_2026_0325,EMP,P5,71.43,Sous condition,Non
STD_2026_0325,FIC,P5,52.63,Non,Non
STD_2026_0326,AEE,P1,66.19,Sous condition,Non
STD_2026_0326,IAA,P1,49.04,Non,Non
STD_2026_0326,PIP,P1,47.45,Non,Non
STD_2026_0326,EMII,P2,50.24,Non,Non
STD_2026_0326,GCA,P2,42.91,Non,Non
STD_2026_0326,ICMP,P2,40.3,Non,Non
STD_2026_0326,ESIIA,P3,48.56,Non,Oui
STD_2026_0326,IGGLIA,P3,74.26,Sous condition,Non
STD_2026_0326,IMTICIA,P3,74.86,Sous condition,Non
STD_2026_0326,ISAIA,P3,54.9,Non,Non
STD_2026_0326,TEE,P4,70.6,Sous condition,Non
STD_2026_0326,TEH,P4,82.44,Oui,Non
STD_2026_0326,CAA,P5,71.04,Sous condition,Non
STD_2026_0326,DTJA,P5,84.76,Oui,Non
STD_2026_0326,EMP,P5,74.25,Sous condition,Non
STD_2026_0326,FIC,P5,58.15,Non,Non
STD_2026_0327,AEE,P1,58.46,Non,Non
STD_2026_0327,IAA,P1,48.63,Non,Non
STD_2026_0327,PIP,P1,57.98,Non,Non
STD_2026_0327,EMII,P2,58.47,Non,Non
STD_2026_0327,GCA,P2,57.45,Non,Non
STD_2026_0327,ICMP,P2,52.44,Non,Non
STD_2026_0327,ESIIA,P3,48.18,Non,Non
STD_2026_0327,IGGLIA,P3,54.06,Non,Oui
STD_2026_0327,IMTICIA,P3,80.33,Oui,Non
STD_2026_0327,ISAIA,P3,54.2,Non,Non
STD_2026_0327,TEE,P4,82.94,Oui,Non
STD_2026_0327,TEH,P4,88.19,Oui,Non
STD_2026_0327,CAA,P5,83.03,Oui,Non
STD_2026_0327,DTJA,P5,81.09,Oui,Non
STD_2026_0327,EMP,P5,59.32,Non,Non
STD_2026_0327,FIC,P5,59.23,Non,Non
STD_2026_0328,AEE,P1,87.04,Oui,Non
STD_2026_0328,IAA,P1,85.83,Oui,Non
STD_2026_0328,PIP,P1,81.3,Oui,Non
STD_2026_0328,EMII,P2,82.63,Oui,Non
STD_2026_0328,GCA,P2,79.45,Oui,Non
STD_2026_0328,ICMP,P2,80.05,Oui,Non
STD_2026_0328,ESIIA,P3,81.86,Oui,Non
STD_2026_0328,IGGLIA,P3,81.25,Oui,Non
STD_2026_0328,IMTICIA,P3,87.41,Oui,Oui
STD_2026_0328,ISAIA,P3,82.84,Oui,Non
STD_2026_0328,TEE,P4,56.26,Non,Non
STD_2026_0328,TEH,P4,57.28,Non,Non
STD_2026_0328,CAA,P5,82.85,Oui,Non
STD_2026_0328,DTJA,P5,56.93,Non,Non
STD_2026_0328,EMP,P5,85.6,Oui,Non
STD_2026_0328,FIC,P5,82.68,Oui,Non
STD_2026_0329,AEE,P1,84.14,Oui,Non
STD_2026_0329,IAA,P1,87.58,Oui,Non
STD_2026_0329,PIP,P1,82.02,Oui,Non
STD_2026_0329,EMII,P2,87.32,Oui,Non
STD_2026_0329,GCA,P2,81.37,Oui,Non
STD_2026_0329,ICMP,P2,86.59,Oui,Non
STD_2026_0329,ESIIA,P3,55.15,Non,Non
STD_2026_0329,IGGLIA,P3,78.38,Oui,Non
STD_2026_0329,IMTICIA,P3,82.17,Oui,Non
STD_2026_0329,ISAIA,P3,82.53,Oui,Oui
STD_2026_0329,TEE,P4,78.52,Oui,Non
STD_2026_0329,TEH,P4,78.4,Oui,Non
STD_2026_0329,CAA,P5,77.98,Oui,Non
STD_2026_0329,DTJA,P5,76.5,Oui,Non
STD_2026_0329,EMP,P5,76.74,Oui,Non
STD_2026_0329,FIC,P5,74.63,Sous condition,Non
STD_2026_0330,AEE,P1,78.48,Oui,Non
STD_2026_0330,IAA,P1,81.36,Oui,Non
STD_2026_0330,PIP,P1,79.05,Oui,Non
STD_2026_0330,EMII,P2,82.8,Oui,Non
STD_2026_0330,GCA,P2,80.38,Oui,Non
STD_2026_0330,ICMP,P2,79.7,Oui,Non
STD_2026_0330,ESIIA,P3,79.05,Oui,Non
STD_2026_0330,IGGLIA,P3,79.63,Oui,Non
STD_2026_0330,IMTICIA,P3,75.26,Oui,Non
STD_2026_0330,ISAIA,P3,81.5,Oui,Non
STD_2026_0330,TEE,P4,78.2,Oui,Oui
STD_2026_0330,TEH,P4,50.86,Non,Non
STD_2026_0330,CAA,P5,80.93,Oui,Non
STD_2026_0330,DTJA,P5,50.77,Non,Non
STD_2026_0330,EMP,P5,81.4,Oui,Non
STD_2026_0330,FIC,P5,74.72,Sous condition,Non
STD_2026_0331,AEE,P1,56.0,Non,Non
STD_2026_0331,IAA,P1,54.26,Non,Non
STD_2026_0331,PIP,P1,58.49,Non,Non
STD_2026_0331,EMII,P2,62.58,Non,Non
STD_2026_0331,GCA,P2,55.43,Non,Non
STD_2026_0331,ICMP,P2,57.72,Non,Non
STD_2026_0331,ESIIA,P3,56.73,Non,Non
STD_2026_0331,IGGLIA,P3,77.96,Oui,Non
STD_2026_0331,IMTICIA,P3,75.4,Oui,Non
STD_2026_0331,ISAIA,P3,79.76,Oui,Non
STD_2026_0331,TEE,P4,77.1,Oui,Non
STD_2026_0331,TEH,P4,80.21,Oui,Oui
STD_2026_0331,CAA,P5,87.88,Oui,Non
STD_2026_0331,DTJA,P5,84.44,Oui,Non
STD_2026_0331,EMP,P5,81.78,Oui,Non
STD_2026_0331,FIC,P5,83.68,Oui,Non
STD_2026_0332,AEE,P1,60.11,Non,Non
STD_2026_0332,IAA,P1,81.1,Oui,Non
STD_2026_0332,PIP,P1,56.23,Non,Non
STD_2026_0332,EMII,P2,81.26,Oui,Non
STD_2026_0332,GCA,P2,79.72,Oui,Non
STD_2026_0332,ICMP,P2,89.52,Oui,Non
STD_2026_0332,ESIIA,P3,81.94,Oui,Non
STD_2026_0332,IGGLIA,P3,81.2,Oui,Non
STD_2026_0332,IMTICIA,P3,85.08,Oui,Non
STD_2026_0332,ISAIA,P3,61.66,Non,Non
STD_2026_0332,TEE,P4,54.93,Non,Non
STD_2026_0332,TEH,P4,53.79,Non,Non
STD_2026_0332,CAA,P5,59.77,Non,Oui
STD_2026_0332,DTJA,P5,47.43,Non,Non
STD_2026_0332,EMP,P5,56.28,Non,Non
STD_2026_0332,FIC,P5,57.36,Non,Non
STD_2026_0333,AEE,P1,76.02,Oui,Non
STD_2026_0333,IAA,P1,51.46,Non,Non
STD_2026_0333,PIP,P1,54.67,Non,Non
STD_2026_0333,EMII,P2,43.75,Non,Non
STD_2026_0333,GCA,P2,40.7,Non,Non
STD_2026_0333,ICMP,P2,42.85,Non,Non
STD_2026_0333,ESIIA,P3,40.03,Non,Non
STD_2026_0333,IGGLIA,P3,75.4,Oui,Non
STD_2026_0333,IMTICIA,P3,73.73,Sous condition,Non
STD_2026_0333,ISAIA,P3,44.56,Non,Non
STD_2026_0333,TEE,P4,79.22,Oui,Non
STD_2026_0333,TEH,P4,79.07,Oui,Non
STD_2026_0333,CAA,P5,72.11,Sous condition,Non
STD_2026_0333,DTJA,P5,81.18,Oui,Oui
STD_2026_0333,EMP,P5,72.38,Sous condition,Non
STD_2026_0333,FIC,P5,47.27,Non,Non
STD_2026_0334,AEE,P1,72.33,Sous condition,Non
STD_2026_0334,IAA,P1,49.58,Non,Non
STD_2026_0334,PIP,P1,50.03,Non,Non
STD_2026_0334,EMII,P2,40.14,Non,Non
STD_2026_0334,GCA,P2,45.86,Non,Non
STD_2026_0334,ICMP,P2,46.74,Non,Non
STD_2026_0334,ESIIA,P3,35.75,Non,Non
STD_2026_0334,IGGLIA,P3,74.15,Sous condition,Non
STD_2026_0334,IMTICIA,P3,72.29,Sous condition,Non
STD_2026_0334,ISAIA,P3,47.91,Non,Non
STD_2026_0334,TEE,P4,76.74,Oui,Non
STD_2026_0334,TEH,P4,78.68,Oui,Non
STD_2026_0334,CAA,P5,66.75,Sous condition,Non
STD_2026_0334,DTJA,P5,87.06,Oui,Non
STD_2026_0334,EMP,P5,68.81,Sous condition,Oui
STD_2026_0334,FIC,P5,45.73,Non,Non
STD_2026_0335,AEE,P1,71.66,Sous condition,Non
STD_2026_0335,IAA,P1,52.89,Non,Non
STD_2026_0335,PIP,P1,46.64,Non,Non
STD_2026_0335,EMII,P2,47.3,Non,Non
STD_2026_0335,GCA,P2,53.49,Non,Non
STD_2026_0335,ICMP,P2,49.46,Non,Non
STD_2026_0335,ESIIA,P3,44.11,Non,Non
STD_2026_0335,IGGLIA,P3,72.32,Sous condition,Non
STD_2026_0335,IMTICIA,P3,74.77,Sous condition,Non
STD_2026_0335,ISAIA,P3,53.93,Non,Non
STD_2026_0335,TEE,P4,71.64,Sous condition,Non
STD_2026_0335,TEH,P4,72.93,Sous condition,Non
STD_2026_0335,CAA,P5,72.91,Sous condition,Non
STD_2026_0335,DTJA,P5,80.56,Oui,Non
STD_2026_0335,EMP,P5,76.27,Oui,Non
STD_2026_0335,FIC,P5,55.97,Non,Oui
STD_2026_0336,AEE,P1,54.29,Non,Oui
STD_2026_0336,IAA,P1,52.56,Non,Non
STD_2026_0336,PIP,P1,56.7,Non,Non
STD_2026_0336,EMII,P2,45.64,Non,Non
STD_2026_0336,GCA,P2,47.92,Non,Non
STD_2026_0336,ICMP,P2,39.53,Non,Non
STD_2026_0336,ESIIA,P3,41.76,Non,Non
STD_2026_0336,IGGLIA,P3,47.98,Non,Non
STD_2026_0336,IMTICIA,P3,83.83,Oui,Non
STD_2026_0336,ISAIA,P3,55.67,Non,Non
STD_2026_0336,TEE,P4,82.52,Oui,Non
STD_2026_0336,TEH,P4,83.68,Oui,Non
STD_2026_0336,CAA,P5,75.9,Oui,Non
STD_2026_0336,DTJA,P5,85.87,Oui,Non
STD_2026_0336,EMP,P5,54.2,Non,Non
STD_2026_0336,FIC,P5,52.24,Non,Non
STD_2026_0337,AEE,P1,79.14,Oui,Non
STD_2026_0337,IAA,P1,88.51,Oui,Oui
STD_2026_0337,PIP,P1,81.14,Oui,Non
STD_2026_0337,EMII,P2,83.37,Oui,Non
STD_2026_0337,GCA,P2,83.37,Oui,Non
STD_2026_0337,ICMP,P2,90.22,Oui,Non
STD_2026_0337,ESIIA,P3,84.93,Oui,Non
STD_2026_0337,IGGLIA,P3,78.43,Oui,Non
STD_2026_0337,IMTICIA,P3,82.28,Oui,Non
STD_2026_0337,ISAIA,P3,75.9,Oui,Non
STD_2026_0337,TEE,P4,56.5,Non,Non
STD_2026_0337,TEH,P4,39.64,Non,Non
STD_2026_0337,CAA,P5,73.51,Sous condition,Non
STD_2026_0337,DTJA,P5,50.1,Non,Non
STD_2026_0337,EMP,P5,79.58,Oui,Non
STD_2026_0337,FIC,P5,84.6,Oui,Non
STD_2026_0338,AEE,P1,79.93,Oui,Non
STD_2026_0338,IAA,P1,77.26,Oui,Non
STD_2026_0338,PIP,P1,80.42,Oui,Oui
STD_2026_0338,EMII,P2,79.82,Oui,Non
STD_2026_0338,GCA,P2,72.46,Sous condition,Non
STD_2026_0338,ICMP,P2,84.82,Oui,Non
STD_2026_0338,ESIIA,P3,58.47,Non,Non
STD_2026_0338,IGGLIA,P3,75.32,Oui,Non
STD_2026_0338,IMTICIA,P3,70.31,Sous condition,Non
STD_2026_0338,ISAIA,P3,72.34,Sous condition,Non
STD_2026_0338,TEE,P4,78.65,Oui,Non
STD_2026_0338,TEH,P4,78.03,Oui,Non
STD_2026_0338,CAA,P5,70.24,Sous condition,Non
STD_2026_0338,DTJA,P5,74.03,Sous condition,Non
STD_2026_0338,EMP,P5,67.67,Sous condition,Non
STD_2026_0338,FIC,P5,71.15,Sous condition,Non
STD_2026_0339,AEE,P1,81.99,Oui,Non
STD_2026_0339,IAA,P1,75.54,Oui,Non
STD_2026_0339,PIP,P1,74.84,Sous condition,Non
STD_2026_0339,EMII,P2,78.24,Oui,Oui
STD_2026_0339,GCA,P2,82.5,Oui,Non
STD_2026_0339,ICMP,P2,81.18,Oui,Non
STD_2026_0339,ESIIA,P3,81.4,Oui,Non
STD_2026_0339,IGGLIA,P3,76.29,Oui,Non
STD_2026_0339,IMTICIA,P3,79.27,Oui,Non
STD_2026_0339,ISAIA,P3,83.84,Oui,Non
STD_2026_0339,TEE,P4,67.62,Sous condition,Non
STD_2026_0339,TEH,P4,50.69,Non,Non
STD_2026_0339,CAA,P5,80.11,Oui,Non
STD_2026_0339,DTJA,P5,53.09,Non,Non
STD_2026_0339,EMP,P5,77.32,Oui,Non
STD_2026_0339,FIC,P5,79.04,Oui,Non
STD_2026_0340,AEE,P1,50.3,Non,Non
STD_2026_0340,IAA,P1,52.15,Non,Non
STD_2026_0340,PIP,P1,50.05,Non,Non
STD_2026_0340,EMII,P2,49.07,Non,Non
STD_2026_0340,GCA,P2,55.4,Non,Oui
STD_2026_0340,ICMP,P2,55.99,Non,Non
STD_2026_0340,ESIIA,P3,50.47,Non,Non
STD_2026_0340,IGGLIA,P3,75.85,Oui,Non
STD_2026_0340,IMTICIA,P3,72.63,Sous condition,Non
STD_2026_0340,ISAIA,P3,79.89,Oui,Non
STD_2026_0340,TEE,P4,80.53,Oui,Non
STD_2026_0340,TEH,P4,83.11,Oui,Non
STD_2026_0340,CAA,P5,83.56,Oui,Non
STD_2026_0340,DTJA,P5,70.61,Sous condition,Non
STD_2026_0340,EMP,P5,72.16,Sous condition,Non
STD_2026_0340,FIC,P5,87.06,Oui,Non
STD_2026_0341,AEE,P1,63.77,Non,Non
STD_2026_0341,IAA,P1,85.8,Oui,Non
STD_2026_0341,PIP,P1,57.97,Non,Non
STD_2026_0341,EMII,P2,86.55,Oui,Non
STD_2026_0341,GCA,P2,91.18,Oui,Non
STD_2026_0341,ICMP,P2,96.04,Oui,Oui
STD_2026_0341,ESIIA,P3,88.81,Oui,Non
STD_2026_0341,IGGLIA,P3,82.33,Oui,Non
STD_2026_0341,IMTICIA,P3,89.26,Oui,Non
STD_2026_0341,ISAIA,P3,66.68,Non,Non
STD_2026_0341,TEE,P4,59.71,Non,Non
STD_2026_0341,TEH,P4,58.82,Non,Non
STD_2026_0341,CAA,P5,58.29,Non,Non
STD_2026_0341,DTJA,P5,49.94,Non,Non
STD_2026_0341,EMP,P5,66.12,Non,Non
STD_2026_0341,FIC,P5,67.6,Non,Non
STD_2026_0342,AEE,P1,79.47,Oui,Non
STD_2026_0342,IAA,P1,49.03,Non,Non
STD_2026_0342,PIP,P1,46.87,Non,Non
STD_2026_0342,EMII,P2,43.03,Non,Non
STD_2026_0342,GCA,P2,48.91,Non,Non
STD_2026_0342,ICMP,P2,52.27,Non,Non
STD_2026_0342,ESIIA,P3,44.24,Non,Oui
STD_2026_0342,IGGLIA,P3,71.33,Sous condition,Non
STD_2026_0342,IMTICIA,P3,76.62,Oui,Non
STD_2026_0342,ISAIA,P3,51.39,Non,Non
STD_2026_0342,TEE,P4,79.18,Oui,Non
STD_2026_0342,TEH,P4,73.46,Sous condition,Non
STD_2026_0342,CAA,P5,72.81,Sous condition,Non
STD_2026_0342,DTJA,P5,83.46,Oui,Non
STD_2026_0342,EMP,P5,70.26,Sous condition,Non
STD_2026_0342,FIC,P5,51.98,Non,Non
STD_2026_0343,AEE,P1,62.57,Sous condition,Non
STD_2026_0343,IAA,P1,45.67,Non,Non
STD_2026_0343,PIP,P1,45.21,Non,Non
STD_2026_0343,EMII,P2,40.0,Non,Non
STD_2026_0343,GCA,P2,46.63,Non,Non
STD_2026_0343,ICMP,P2,43.64,Non,Non
STD_2026_0343,ESIIA,P3,34.8,Non,Non
STD_2026_0343,IGGLIA,P3,66.13,Sous condition,Oui
STD_2026_0343,IMTICIA,P3,55.71,Sous condition,Non
STD_2026_0343,ISAIA,P3,38.06,Non,Non
STD_2026_0343,TEE,P4,69.02,Sous condition,Non
STD_2026_0343,TEH,P4,68.89,Sous condition,Non
STD_2026_0343,CAA,P5,62.78,Sous condition,Non
STD_2026_0343,DTJA,P5,71.71,Sous condition,Non
STD_2026_0343,EMP,P5,60.03,Sous condition,Non
STD_2026_0343,FIC,P5,42.03,Non,Non
STD_2026_0344,AEE,P1,64.27,Sous condition,Non
STD_2026_0344,IAA,P1,47.4,Non,Non
STD_2026_0344,PIP,P1,38.59,Non,Non
STD_2026_0344,EMII,P2,41.36,Non,Non
STD_2026_0344,GCA,P2,46.15,Non,Non
STD_2026_0344,ICMP,P2,41.29,Non,Non
STD_2026_0344,ESIIA,P3,36.07,Non,Non
STD_2026_0344,IGGLIA,P3,63.63,Sous condition,Non
STD_2026_0344,IMTICIA,P3,62.7,Sous condition,Oui
STD_2026_0344,ISAIA,P3,43.38,Non,Non
STD_2026_0344,TEE,P4,75.26,Oui,Non
STD_2026_0344,TEH,P4,74.04,Sous condition,Non
STD_2026_0344,CAA,P5,63.32,Sous condition,Non
STD_2026_0344,DTJA,P5,68.37,Sous condition,Non
STD_2026_0344,EMP,P5,68.29,Sous condition,Non
STD_2026_0344,FIC,P5,43.53,Non,Non
STD_2026_0345,AEE,P1,44.69,Non,Non
STD_2026_0345,IAA,P1,47.5,Non,Non
STD_2026_0345,PIP,P1,52.8,Non,Non
STD_2026_0345,EMII,P2,49.96,Non,Non
STD_2026_0345,GCA,P2,48.58,Non,Non
STD_2026_0345,ICMP,P2,50.07,Non,Non
STD_2026_0345,ESIIA,P3,47.74,Non,Non
STD_2026_0345,IGGLIA,P3,48.3,Non,Non
STD_2026_0345,IMTICIA,P3,69.43,Sous condition,Non
STD_2026_0345,ISAIA,P3,53.5,Non,Oui
STD_2026_0345,TEE,P4,82.13,Oui,Non
STD_2026_0345,TEH,P4,81.29,Oui,Non
STD_2026_0345,CAA,P5,70.64,Sous condition,Non
STD_2026_0345,DTJA,P5,85.74,Oui,Non
STD_2026_0345,EMP,P5,55.03,Non,Non
STD_2026_0345,FIC,P5,50.39,Non,Non
STD_2026_0346,AEE,P1,79.34,Oui,Non
STD_2026_0346,IAA,P1,77.76,Oui,Non
STD_2026_0346,PIP,P1,80.2,Oui,Non
STD_2026_0346,EMII,P2,79.14,Oui,Non
STD_2026_0346,GCA,P2,81.43,Oui,Non
STD_2026_0346,ICMP,P2,83.51,Oui,Non
STD_2026_0346,ESIIA,P3,82.47,Oui,Non
STD_2026_0346,IGGLIA,P3,76.89,Oui,Non
STD_2026_0346,IMTICIA,P3,78.7,Oui,Non
STD_2026_0346,ISAIA,P3,75.3,Oui,Non
STD_2026_0346,TEE,P4,51.01,Non,Oui
STD_2026_0346,TEH,P4,49.46,Non,Non
STD_2026_0346,CAA,P5,76.44,Oui,Non
STD_2026_0346,DTJA,P5,47.83,Non,Non
STD_2026_0346,EMP,P5,82.2,Oui,Non
STD_2026_0346,FIC,P5,78.22,Oui,Non
STD_2026_0347,AEE,P1,82.38,Oui,Non
STD_2026_0347,IAA,P1,75.92,Oui,Non
STD_2026_0347,PIP,P1,78.74,Oui,Non
STD_2026_0347,EMII,P2,79.53,Oui,Non
STD_2026_0347,GCA,P2,76.15,Oui,Non
STD_2026_0347,ICMP,P2,85.64,Oui,Non
STD_2026_0347,ESIIA,P3,58.73,Non,Non
STD_2026_0347,IGGLIA,P3,78.29,Oui,Non
STD_2026_0347,IMTICIA,P3,77.3,Oui,Non
STD_2026_0347,ISAIA,P3,81.6,Oui,Non
STD_2026_0347,TEE,P4,81.38,Oui,Non
STD_2026_0347,TEH,P4,84.67,Oui,Oui
STD_2026_0347,CAA,P5,76.12,Oui,Non
STD_2026_0347,DTJA,P5,77.85,Oui,Non
STD_2026_0347,EMP,P5,75.55,Oui,Non
STD_2026_0347,FIC,P5,77.5,Oui,Non
STD_2026_0348,AEE,P1,82.54,Oui,Non
STD_2026_0348,IAA,P1,80.67,Oui,Non
STD_2026_0348,PIP,P1,79.59,Oui,Non
STD_2026_0348,EMII,P2,97.41,Oui,Non
STD_2026_0348,GCA,P2,86.85,Oui,Non
STD_2026_0348,ICMP,P2,82.66,Oui,Non
STD_2026_0348,ESIIA,P3,90.17,Oui,Non
STD_2026_0348,IGGLIA,P3,74.03,Sous condition,Non
STD_2026_0348,IMTICIA,P3,72.49,Sous condition,Non
STD_2026_0348,ISAIA,P3,71.84,Sous condition,Non
STD_2026_0348,TEE,P4,67.54,Sous condition,Non
STD_2026_0348,TEH,P4,47.33,Non,Non
STD_2026_0348,CAA,P5,79.1,Oui,Oui
STD_2026_0348,DTJA,P5,44.74,Non,Non
STD_2026_0348,EMP,P5,74.7,Sous condition,Non
STD_2026_0348,FIC,P5,72.51,Sous condition,Non
STD_2026_0349,AEE,P1,51.71,Non,Non
STD_2026_0349,IAA,P1,46.49,Non,Non
STD_2026_0349,PIP,P1,50.24,Non,Non
STD_2026_0349,EMII,P2,49.27,Non,Non
STD_2026_0349,GCA,P2,48.91,Non,Non
STD_2026_0349,ICMP,P2,46.96,Non,Non
STD_2026_0349,ESIIA,P3,43.93,Non,Non
STD_2026_0349,IGGLIA,P3,71.74,Sous condition,Non
STD_2026_0349,IMTICIA,P3,70.96,Sous condition,Non
STD_2026_0349,ISAIA,P3,73.96,Sous condition,Non
STD_2026_0349,TEE,P4,73.97,Sous condition,Non
STD_2026_0349,TEH,P4,73.39,Sous condition,Non
STD_2026_0349,CAA,P5,80.69,Oui,Non
STD_2026_0349,DTJA,P5,73.68,Sous condition,Oui
STD_2026_0349,EMP,P5,79.33,Oui,Non
STD_2026_0349,FIC,P5,86.23,Oui,Non
STD_2026_0350,AEE,P1,57.55,Non,Non
STD_2026_0350,IAA,P1,79.55,Oui,Non
STD_2026_0350,PIP,P1,55.94,Non,Non
STD_2026_0350,EMII,P2,76.15,Oui,Non
STD_2026_0350,GCA,P2,80.11,Oui,Non
STD_2026_0350,ICMP,P2,92.13,Oui,Non
STD_2026_0350,ESIIA,P3,73.43,Sous condition,Non
STD_2026_0350,IGGLIA,P3,73.11,Sous condition,Non
STD_2026_0350,IMTICIA,P3,77.11,Oui,Non
STD_2026_0350,ISAIA,P3,56.37,Non,Non
STD_2026_0350,TEE,P4,49.51,Non,Non
STD_2026_0350,TEH,P4,52.55,Non,Non
STD_2026_0350,CAA,P5,57.37,Non,Non
STD_2026_0350,DTJA,P5,44.22,Non,Non
STD_2026_0350,EMP,P5,56.99,Non,Oui
STD_2026_0350,FIC,P5,62.79,Non,Non
STD_2026_0351,AEE,P1,75.85,Oui,Non
STD_2026_0351,IAA,P1,47.55,Non,Non
STD_2026_0351,PIP,P1,52.2,Non,Non
STD_2026_0351,EMII,P2,50.72,Non,Non
STD_2026_0351,GCA,P2,51.13,Non,Non
STD_2026_0351,ICMP,P2,47.27,Non,Non
STD_2026_0351,ESIIA,P3,50.73,Non,Non
STD_2026_0351,IGGLIA,P3,75.62,Oui,Non
STD_2026_0351,IMTICIA,P3,77.87,Oui,Non
STD_2026_0351,ISAIA,P3,55.45,Non,Non
STD_2026_0351,TEE,P4,74.82,Sous condition,Non
STD_2026_0351,TEH,P4,75.78,Oui,Non
STD_2026_0351,CAA,P5,77.43,Oui,Non
STD_2026_0351,DTJA,P5,80.9,Oui,Non
STD_2026_0351,EMP,P5,79.56,Oui,Non
STD_2026_0351,FIC,P5,51.7,Non,Oui
STD_2026_0352,AEE,P1,77.15,Oui,Oui
STD_2026_0352,IAA,P1,55.78,Non,Non
STD_2026_0352,PIP,P1,51.89,Non,Non
STD_2026_0352,EMII,P2,46.8,Non,Non
STD_2026_0352,GCA,P2,43.93,Non,Non
STD_2026_0352,ICMP,P2,41.84,Non,Non
STD_2026_0352,ESIIA,P3,51.42,Non,Non
STD_2026_0352,IGGLIA,P3,81.59,Oui,Non
STD_2026_0352,IMTICIA,P3,85.19,Oui,Non
STD_2026_0352,ISAIA,P3,56.21,Non,Non
STD_2026_0352,TEE,P4,75.32,Oui,Non
STD_2026_0352,TEH,P4,75.67,Oui,Non
STD_2026_0352,CAA,P5,79.08,Oui,Non
STD_2026_0352,DTJA,P5,81.69,Oui,Non
STD_2026_0352,EMP,P5,71.79,Sous condition,Non
STD_2026_0352,FIC,P5,53.08,Non,Non
STD_2026_0353,AEE,P1,77.0,Oui,Non
STD_2026_0353,IAA,P1,54.27,Non,Oui
STD_2026_0353,PIP,P1,52.47,Non,Non
STD_2026_0353,EMII,P2,46.3,Non,Non
STD_2026_0353,GCA,P2,48.39,Non,Non
STD_2026_0353,ICMP,P2,46.7,Non,Non
STD_2026_0353,ESIIA,P3,43.36,Non,Non
STD_2026_0353,IGGLIA,P3,71.31,Sous condition,Non
STD_2026_0353,IMTICIA,P3,75.18,Oui,Non
STD_2026_0353,ISAIA,P3,47.37,Non,Non
STD_2026_0353,TEE,P4,79.57,Oui,Non
STD_2026_0353,TEH,P4,81.69,Oui,Non
STD_2026_0353,CAA,P5,72.85,Sous condition,Non
STD_2026_0353,DTJA,P5,84.37,Oui,Non
STD_2026_0353,EMP,P5,67.47,Sous condition,Non
STD_2026_0353,FIC,P5,47.14,Non,Non
STD_2026_0354,AEE,P1,55.53,Non,Non
STD_2026_0354,IAA,P1,51.63,Non,Non
STD_2026_0354,PIP,P1,53.66,Non,Oui
STD_2026_0354,EMII,P2,51.14,Non,Non
STD_2026_0354,GCA,P2,40.69,Non,Non
STD_2026_0354,ICMP,P2,42.67,Non,Non
STD_2026_0354,ESIIA,P3,53.55,Non,Non
STD_2026_0354,IGGLIA,P3,53.86,Non,Non
STD_2026_0354,IMTICIA,P3,79.31,Oui,Non
STD_2026_0354,ISAIA,P3,48.93,Non,Non
STD_2026_0354,TEE,P4,80.82,Oui,Non
STD_2026_0354,TEH,P4,82.74,Oui,Non
STD_2026_0354,CAA,P5,76.04,Oui,Non
STD_2026_0354,DTJA,P5,82.22,Oui,Non
STD_2026_0354,EMP,P5,47.21,Non,Non
STD_2026_0354,FIC,P5,48.55,Non,Non
STD_2026_0355,AEE,P1,81.3,Oui,Non
STD_2026_0355,IAA,P1,77.81,Oui,Non
STD_2026_0355,PIP,P1,81.16,Oui,Non
STD_2026_0355,EMII,P2,80.77,Oui,Oui
STD_2026_0355,GCA,P2,79.02,Oui,Non
STD_2026_0355,ICMP,P2,84.23,Oui,Non
STD_2026_0355,ESIIA,P3,85.99,Oui,Non
STD_2026_0355,IGGLIA,P3,86.06,Oui,Non
STD_2026_0355,IMTICIA,P3,85.43,Oui,Non
STD_2026_0355,ISAIA,P3,80.92,Oui,Non
STD_2026_0355,TEE,P4,55.65,Non,Non
STD_2026_0355,TEH,P4,49.54,Non,Non
STD_2026_0355,CAA,P5,78.54,Oui,Non
STD_2026_0355,DTJA,P5,52.84,Non,Non
STD_2026_0355,EMP,P5,83.34,Oui,Non
STD_2026_0355,FIC,P5,82.38,Oui,Non
STD_2026_0356,AEE,P1,83.74,Oui,Non
STD_2026_0356,IAA,P1,77.3,Oui,Non
STD_2026_0356,PIP,P1,77.96,Oui,Non
STD_2026_0356,EMII,P2,79.38,Oui,Non
STD_2026_0356,GCA,P2,81.06,Oui,Oui
STD_2026_0356,ICMP,P2,87.95,Oui,Non
STD_2026_0356,ESIIA,P3,59.82,Non,Non
STD_2026_0356,IGGLIA,P3,78.59,Oui,Non
STD_2026_0356,IMTICIA,P3,78.27,Oui,Non
STD_2026_0356,ISAIA,P3,83.33,Oui,Non
STD_2026_0356,TEE,P4,71.87,Sous condition,Non
STD_2026_0356,TEH,P4,71.2,Sous condition,Non
STD_2026_0356,CAA,P5,79.16,Oui,Non
STD_2026_0356,DTJA,P5,73.33,Sous condition,Non
STD_2026_0356,EMP,P5,76.85,Oui,Non
STD_2026_0356,FIC,P5,79.6,Oui,Non
STD_2026_0357,AEE,P1,72.62,Sous condition,Non
STD_2026_0357,IAA,P1,72.67,Sous condition,Non
STD_2026_0357,PIP,P1,69.03,Sous condition,Non
STD_2026_0357,EMII,P2,76.23,Oui,Non
STD_2026_0357,GCA,P2,72.09,Sous condition,Non
STD_2026_0357,ICMP,P2,81.76,Oui,Oui
STD_2026_0357,ESIIA,P3,74.44,Sous condition,Non
STD_2026_0357,IGGLIA,P3,67.92,Sous condition,Non
STD_2026_0357,IMTICIA,P3,66.24,Sous condition,Non
STD_2026_0357,ISAIA,P3,65.71,Sous condition,Non
STD_2026_0357,TEE,P4,79.43,Oui,Non
STD_2026_0357,TEH,P4,47.05,Non,Non
STD_2026_0357,CAA,P5,68.39,Sous condition,Non
STD_2026_0357,DTJA,P5,43.83,Non,Non
STD_2026_0357,EMP,P5,62.74,Sous condition,Non
STD_2026_0357,FIC,P5,68.58,Sous condition,Non
STD_2026_0358,AEE,P1,48.3,Non,Non
STD_2026_0358,IAA,P1,42.96,Non,Non
STD_2026_0358,PIP,P1,53.59,Non,Non
STD_2026_0358,EMII,P2,58.02,Non,Non
STD_2026_0358,GCA,P2,59.96,Non,Non
STD_2026_0358,ICMP,P2,51.82,Non,Non
STD_2026_0358,ESIIA,P3,58.41,Non,Oui
STD_2026_0358,IGGLIA,P3,72.09,Sous condition,Non
STD_2026_0358,IMTICIA,P3,76.91,Oui,Non
STD_2026_0358,ISAIA,P3,79.18,Oui,Non
STD_2026_0358,TEE,P4,79.91,Oui,Non
STD_2026_0358,TEH,P4,86.55,Oui,Non
STD_2026_0358,CAA,P5,74.48,Sous condition,Non
STD_2026_0358,DTJA,P5,73.38,Sous condition,Non
STD_2026_0358,EMP,P5,69.87,Sous condition,Non
STD_2026_0358,FIC,P5,80.89,Oui,Non
STD_2026_0359,AEE,P1,53.73,Non,Non
STD_2026_0359,IAA,P1,79.89,Oui,Non
STD_2026_0359,PIP,P1,49.15,Non,Non
STD_2026_0359,EMII,P2,81.35,Oui,Non
STD_2026_0359,GCA,P2,82.64,Oui,Non
STD_2026_0359,ICMP,P2,87.59,Oui,Non
STD_2026_0359,ESIIA,P3,75.96,Oui,Non
STD_2026_0359,IGGLIA,P3,79.35,Oui,Oui
STD_2026_0359,IMTICIA,P3,80.52,Oui,Non
STD_2026_0359,ISAIA,P3,52.55,Non,Non
STD_2026_0359,TEE,P4,48.25,Non,Non
STD_2026_0359,TEH,P4,47.13,Non,Non
STD_2026_0359,CAA,P5,51.35,Non,Non
STD_2026_0359,DTJA,P5,59.27,Non,Non
STD_2026_0359,EMP,P5,53.54,Non,Non
STD_2026_0359,FIC,P5,57.81,Non,Non
STD_2026_0360,AEE,P1,69.96,Sous condition,Non
STD_2026_0360,IAA,P1,43.46,Non,Non
STD_2026_0360,PIP,P1,47.15,Non,Non
STD_2026_0360,EMII,P2,46.82,Non,Non
STD_2026_0360,GCA,P2,39.69,Non,Non
STD_2026_0360,ICMP,P2,36.11,Non,Non
STD_2026_0360,ESIIA,P3,51.6,Non,Non
STD_2026_0360,IGGLIA,P3,74.13,Sous condition,Non
STD_2026_0360,IMTICIA,P3,72.79,Sous condition,Oui
STD_2026_0360,ISAIA,P3,54.83,Non,Non
STD_2026_0360,TEE,P4,71.38,Sous condition,Non
STD_2026_0360,TEH,P4,75.56,Oui,Non
STD_2026_0360,CAA,P5,79.27,Oui,Non
STD_2026_0360,DTJA,P5,82.1,Oui,Non
STD_2026_0360,EMP,P5,76.67,Oui,Non
STD_2026_0360,FIC,P5,52.16,Non,Non
STD_2026_0361,AEE,P1,73.32,Sous condition,Non
STD_2026_0361,IAA,P1,50.2,Non,Non
STD_2026_0361,PIP,P1,50.74,Non,Non
STD_2026_0361,EMII,P2,48.41,Non,Non
STD_2026_0361,GCA,P2,48.35,Non,Non
STD_2026_0361,ICMP,P2,37.99,Non,Non
STD_2026_0361,ESIIA,P3,45.11,Non,Non
STD_2026_0361,IGGLIA,P3,73.11,Sous condition,Non
STD_2026_0361,IMTICIA,P3,75.27,Oui,Non
STD_2026_0361,ISAIA,P3,52.69,Non,Oui
STD_2026_0361,TEE,P4,80.71,Oui,Non
STD_2026_0361,TEH,P4,81.83,Oui,Non
STD_2026_0361,CAA,P5,71.6,Sous condition,Non
STD_2026_0361,DTJA,P5,81.43,Oui,Non
STD_2026_0361,EMP,P5,71.39,Sous condition,Non
STD_2026_0361,FIC,P5,45.11,Non,Non
STD_2026_0362,AEE,P1,76.17,Oui,Non
STD_2026_0362,IAA,P1,44.69,Non,Non
STD_2026_0362,PIP,P1,49.97,Non,Non
STD_2026_0362,EMII,P2,37.28,Non,Non
STD_2026_0362,GCA,P2,45.87,Non,Non
STD_2026_0362,ICMP,P2,48.99,Non,Non
STD_2026_0362,ESIIA,P3,40.78,Non,Non
STD_2026_0362,IGGLIA,P3,70.75,Sous condition,Non
STD_2026_0362,IMTICIA,P3,69.91,Sous condition,Non
STD_2026_0362,ISAIA,P3,53.61,Non,Non
STD_2026_0362,TEE,P4,71.62,Sous condition,Oui
STD_2026_0362,TEH,P4,73.28,Sous condition,Non
STD_2026_0362,CAA,P5,69.59,Sous condition,Non
STD_2026_0362,DTJA,P5,72.62,Sous condition,Non
STD_2026_0362,EMP,P5,73.28,Sous condition,Non
STD_2026_0362,FIC,P5,52.15,Non,Non
STD_2026_0363,AEE,P1,50.15,Non,Non
STD_2026_0363,IAA,P1,57.32,Non,Non
STD_2026_0363,PIP,P1,58.99,Non,Non
STD_2026_0363,EMII,P2,53.6,Non,Non
STD_2026_0363,GCA,P2,42.95,Non,Non
STD_2026_0363,ICMP,P2,49.29,Non,Non
STD_2026_0363,ESIIA,P3,53.9,Non,Non
STD_2026_0363,IGGLIA,P3,54.23,Non,Non
STD_2026_0363,IMTICIA,P3,80.98,Oui,Non
STD_2026_0363,ISAIA,P3,56.18,Non,Non
STD_2026_0363,TEE,P4,77.68,Oui,Non
STD_2026_0363,TEH,P4,74.42,Sous condition,Oui
STD_2026_0363,CAA,P5,75.18,Oui,Non
STD_2026_0363,DTJA,P5,72.64,Sous condition,Non
STD_2026_0363,EMP,P5,56.91,Non,Non
STD_2026_0363,FIC,P5,48.78,Non,Non
STD_2026_0364,AEE,P1,80.89,Oui,Non
STD_2026_0364,IAA,P1,79.68,Oui,Non
STD_2026_0364,PIP,P1,80.16,Oui,Non
STD_2026_0364,EMII,P2,82.73,Oui,Non
STD_2026_0364,GCA,P2,81.1,Oui,Non
STD_2026_0364,ICMP,P2,82.71,Oui,Non
STD_2026_0364,ESIIA,P3,88.69,Oui,Non
STD_2026_0364,IGGLIA,P3,83.57,Oui,Non
STD_2026_0364,IMTICIA,P3,83.68,Oui,Non
STD_2026_0364,ISAIA,P3,80.33,Oui,Non
STD_2026_0364,TEE,P4,53.72,Non,Non
STD_2026_0364,TEH,P4,50.08,Non,Non
STD_2026_0364,CAA,P5,82.53,Oui,Oui
STD_2026_0364,DTJA,P5,56.32,Non,Non
STD_2026_0364,EMP,P5,79.33,Oui,Non
STD_2026_0364,FIC,P5,85.73,Oui,Non
STD_2026_0365,AEE,P1,74.24,Sous condition,Non
STD_2026_0365,IAA,P1,73.36,Sous condition,Non
STD_2026_0365,PIP,P1,75.76,Oui,Non
STD_2026_0365,EMII,P2,74.49,Sous condition,Non
STD_2026_0365,GCA,P2,82.17,Oui,Non
STD_2026_0365,ICMP,P2,71.97,Sous condition,Non
STD_2026_0365,ESIIA,P3,53.59,Non,Non
STD_2026_0365,IGGLIA,P3,74.46,Sous condition,Non
STD_2026_0365,IMTICIA,P3,68.3,Sous condition,Non
STD_2026_0365,ISAIA,P3,72.6,Sous condition,Non
STD_2026_0365,TEE,P4,74.45,Sous condition,Non
STD_2026_0365,TEH,P4,74.0,Sous condition,Non
STD_2026_0365,CAA,P5,74.7,Sous condition,Non
STD_2026_0365,DTJA,P5,71.31,Sous condition,Oui
STD_2026_0365,EMP,P5,67.11,Sous condition,Non
STD_2026_0365,FIC,P5,70.47,Sous condition,Non
STD_2026_0366,AEE,P1,80.52,Oui,Non
STD_2026_0366,IAA,P1,81.82,Oui,Non
STD_2026_0366,PIP,P1,84.7,Oui,Non
STD_2026_0366,EMII,P2,78.63,Oui,Non
STD_2026_0366,GCA,P2,73.61,Sous condition,Non
STD_2026_0366,ICMP,P2,84.06,Oui,Non
STD_2026_0366,ESIIA,P3,82.36,Oui,Non
STD_2026_0366,IGGLIA,P3,77.49,Oui,Non
STD_2026_0366,IMTICIA,P3,78.4,Oui,Non
STD_2026_0366,ISAIA,P3,75.76,Oui,Non
STD_2026_0366,TEE,P4,80.87,Oui,Non
STD_2026_0366,TEH,P4,51.14,Non,Non
STD_2026_0366,CAA,P5,81.51,Oui,Non
STD_2026_0366,DTJA,P5,56.99,Non,Non
STD_2026_0366,EMP,P5,77.56,Oui,Oui
STD_2026_0366,FIC,P5,72.92,Sous condition,Non
STD_2026_0367,AEE,P1,57.26,Non,Non
STD_2026_0367,IAA,P1,54.61,Non,Non
STD_2026_0367,PIP,P1,53.26,Non,Non
STD_2026_0367,EMII,P2,55.7,Non,Non
STD_2026_0367,GCA,P2,49.0,Non,Non
STD_2026_0367,ICMP,P2,56.16,Non,Non
STD_2026_0367,ESIIA,P3,52.38,Non,Non
STD_2026_0367,IGGLIA,P3,76.02,Oui,Non
STD_2026_0367,IMTICIA,P3,78.13,Oui,Non
STD_2026_0367,ISAIA,P3,77.25,Oui,Non
STD_2026_0367,TEE,P4,68.89,Sous condition,Non
STD_2026_0367,TEH,P4,77.7,Oui,Non
STD_2026_0367,CAA,P5,83.92,Oui,Non
STD_2026_0367,DTJA,P5,70.78,Sous condition,Non
STD_2026_0367,EMP,P5,84.57,Oui,Non
STD_2026_0367,FIC,P5,87.02,Oui,Oui
STD_2026_0368,AEE,P1,46.74,Non,Oui
STD_2026_0368,IAA,P1,72.62,Sous condition,Non
STD_2026_0368,PIP,P1,50.13,Non,Non
STD_2026_0368,EMII,P2,80.44,Oui,Non
STD_2026_0368,GCA,P2,83.64,Oui,Non
STD_2026_0368,ICMP,P2,95.91,Oui,Non
STD_2026_0368,ESIIA,P3,80.75,Oui,Non
STD_2026_0368,IGGLIA,P3,71.8,Sous condition,Non
STD_2026_0368,IMTICIA,P3,76.04,Oui,Non
STD_2026_0368,ISAIA,P3,46.36,Non,Non
STD_2026_0368,TEE,P4,40.46,Non,Non
STD_2026_0368,TEH,P4,38.98,Non,Non
STD_2026_0368,CAA,P5,48.34,Non,Non
STD_2026_0368,DTJA,P5,46.36,Non,Non
STD_2026_0368,EMP,P5,50.58,Non,Non
STD_2026_0368,FIC,P5,46.45,Non,Non
STD_2026_0369,AEE,P1,66.22,Sous condition,Non
STD_2026_0369,IAA,P1,39.71,Non,Oui
STD_2026_0369,PIP,P1,41.64,Non,Non
STD_2026_0369,EMII,P2,43.24,Non,Non
STD_2026_0369,GCA,P2,50.24,Non,Non
STD_2026_0369,ICMP,P2,35.2,Non,Non
STD_2026_0369,ESIIA,P3,38.87,Non,Non
STD_2026_0369,IGGLIA,P3,70.28,Sous condition,Non
STD_2026_0369,IMTICIA,P3,64.76,Sous condition,Non
STD_2026_0369,ISAIA,P3,42.41,Non,Non
STD_2026_0369,TEE,P4,72.29,Sous condition,Non
STD_2026_0369,TEH,P4,77.85,Oui,Non
STD_2026_0369,CAA,P5,65.18,Sous condition,Non
STD_2026_0369,DTJA,P5,76.21,Oui,Non
STD_2026_0369,EMP,P5,66.43,Sous condition,Non
STD_2026_0369,FIC,P5,45.63,Non,Non
STD_2026_0370,AEE,P1,81.44,Oui,Non
STD_2026_0370,IAA,P1,49.3,Non,Non
STD_2026_0370,PIP,P1,53.12,Non,Oui
STD_2026_0370,EMII,P2,51.94,Non,Non
STD_2026_0370,GCA,P2,55.26,Non,Non
STD_2026_0370,ICMP,P2,52.48,Non,Non
STD_2026_0370,ESIIA,P3,52.6,Non,Non
STD_2026_0370,IGGLIA,P3,77.07,Oui,Non
STD_2026_0370,IMTICIA,P3,81.45,Oui,Non
STD_2026_0370,ISAIA,P3,53.66,Non,Non
STD_2026_0370,TEE,P4,72.2,Sous condition,Non
STD_2026_0370,TEH,P4,84.94,Oui,Non
STD_2026_0370,CAA,P5,77.19,Oui,Non
STD_2026_0370,DTJA,P5,78.06,Oui,Non
STD_2026_0370,EMP,P5,74.8,Sous condition,Non
STD_2026_0370,FIC,P5,58.91,Non,Non
STD_2026_0371,AEE,P1,73.25,Sous condition,Non
STD_2026_0371,IAA,P1,54.36,Non,Non
STD_2026_0371,PIP,P1,49.84,Non,Non
STD_2026_0371,EMII,P2,48.06,Non,Oui
STD_2026_0371,GCA,P2,47.96,Non,Non
STD_2026_0371,ICMP,P2,44.9,Non,Non
STD_2026_0371,ESIIA,P3,40.58,Non,Non
STD_2026_0371,IGGLIA,P3,77.78,Oui,Non
STD_2026_0371,IMTICIA,P3,82.54,Oui,Non
STD_2026_0371,ISAIA,P3,51.22,Non,Non
STD_2026_0371,TEE,P4,80.64,Oui,Non
STD_2026_0371,TEH,P4,82.71,Oui,Non
STD_2026_0371,CAA,P5,81.01,Oui,Non
STD_2026_0371,DTJA,P5,78.91,Oui,Non
STD_2026_0371,EMP,P5,81.0,Oui,Non
STD_2026_0371,FIC,P5,47.34,Non,Non
STD_2026_0372,AEE,P1,52.0,Non,Non
STD_2026_0372,IAA,P1,48.25,Non,Non
STD_2026_0372,PIP,P1,48.63,Non,Non
STD_2026_0372,EMII,P2,44.65,Non,Non
STD_2026_0372,GCA,P2,46.59,Non,Oui
STD_2026_0372,ICMP,P2,43.88,Non,Non
STD_2026_0372,ESIIA,P3,42.3,Non,Non
STD_2026_0372,IGGLIA,P3,43.7,Non,Non
STD_2026_0372,IMTICIA,P3,79.02,Oui,Non
STD_2026_0372,ISAIA,P3,51.41,Non,Non
STD_2026_0372,TEE,P4,77.24,Oui,Non
STD_2026_0372,TEH,P4,78.4,Oui,Non
STD_2026_0372,CAA,P5,71.47,Sous condition,Non
STD_2026_0372,DTJA,P5,79.1,Oui,Non
STD_2026_0372,EMP,P5,49.11,Non,Non
STD_2026_0372,FIC,P5,52.26,Non,Non
STD_2026_0373,AEE,P1,83.13,Oui,Non
STD_2026_0373,IAA,P1,75.8,Oui,Non
STD_2026_0373,PIP,P1,79.08,Oui,Non
STD_2026_0373,EMII,P2,78.72,Oui,Non
STD_2026_0373,GCA,P2,86.25,Oui,Non
STD_2026_0373,ICMP,P2,83.8,Oui,Oui
STD_2026_0373,ESIIA,P3,76.67,Oui,Non
STD_2026_0373,IGGLIA,P3,69.07,Sous condition,Non
STD_2026_0373,IMTICIA,P3,71.07,Sous condition,Non
STD_2026_0373,ISAIA,P3,68.11,Sous condition,Non
STD_2026_0373,TEE,P4,55.43,Non,Non
STD_2026_0373,TEH,P4,51.98,Non,Non
STD_2026_0373,CAA,P5,70.02,Sous condition,Non
STD_2026_0373,DTJA,P5,47.9,Non,Non
STD_2026_0373,EMP,P5,74.42,Sous condition,Non
STD_2026_0373,FIC,P5,68.71,Sous condition,Non
STD_2026_0374,AEE,P1,74.91,Sous condition,Non
STD_2026_0374,IAA,P1,76.55,Oui,Non
STD_2026_0374,PIP,P1,77.54,Oui,Non
STD_2026_0374,EMII,P2,74.59,Sous condition,Non
STD_2026_0374,GCA,P2,82.3,Oui,Non
STD_2026_0374,ICMP,P2,79.8,Oui,Non
STD_2026_0374,ESIIA,P3,52.86,Non,Oui
STD_2026_0374,IGGLIA,P3,83.21,Oui,Non
STD_2026_0374,IMTICIA,P3,79.01,Oui,Non
STD_2026_0374,ISAIA,P3,79.78,Oui,Non
STD_2026_0374,TEE,P4,81.63,Oui,Non
STD_2026_0374,TEH,P4,73.77,Sous condition,Non
STD_2026_0374,CAA,P5,87.43,Oui,Non
STD_2026_0374,DTJA,P5,72.05,Sous condition,Non
STD_2026_0374,EMP,P5,81.59,Oui,Non
STD_2026_0374,FIC,P5,87.11,Oui,Non
STD_2026_0375,AEE,P1,85.98,Oui,Non
STD_2026_0375,IAA,P1,90.06,Oui,Non
STD_2026_0375,PIP,P1,89.42,Oui,Non
STD_2026_0375,EMII,P2,91.38,Oui,Non
STD_2026_0375,GCA,P2,82.18,Oui,Non
STD_2026_0375,ICMP,P2,92.06,Oui,Non
STD_2026_0375,ESIIA,P3,88.85,Oui,Non
STD_2026_0375,IGGLIA,P3,87.94,Oui,Oui
STD_2026_0375,IMTICIA,P3,95.47,Oui,Non
STD_2026_0375,ISAIA,P3,85.61,Oui,Non
STD_2026_0375,TEE,P4,83.63,Oui,Non
STD_2026_0375,TEH,P4,50.04,Non,Non
STD_2026_0375,CAA,P5,90.76,Oui,Non
STD_2026_0375,DTJA,P5,54.48,Non,Non
STD_2026_0375,EMP,P5,90.93,Oui,Non
STD_2026_0375,FIC,P5,87.96,Oui,Non
STD_2026_0376,AEE,P1,54.5,Non,Non
STD_2026_0376,IAA,P1,48.41,Non,Non
STD_2026_0376,PIP,P1,51.53,Non,Non
STD_2026_0376,EMII,P2,54.09,Non,Non
STD_2026_0376,GCA,P2,55.73,Non,Non
STD_2026_0376,ICMP,P2,65.41,Non,Non
STD_2026_0376,ESIIA,P3,54.96,Non,Non
STD_2026_0376,IGGLIA,P3,69.87,Sous condition,Non
STD_2026_0376,IMTICIA,P3,76.02,Oui,Oui
STD_2026_0376,ISAIA,P3,75.21,Oui,Non
STD_2026_0376,TEE,P4,64.56,Sous condition,Non
STD_2026_0376,TEH,P4,73.47,Sous condition,Non
STD_2026_0376,CAA,P5,71.1,Sous condition,Non
STD_2026_0376,DTJA,P5,69.15,Sous condition,Non
STD_2026_0376,EMP,P5,67.73,Sous condition,Non
STD_2026_0376,FIC,P5,74.2,Sous condition,Non
STD_2026_0377,AEE,P1,52.99,Non,Non
STD_2026_0377,IAA,P1,76.76,Oui,Non
STD_2026_0377,PIP,P1,51.83,Non,Non
STD_2026_0377,EMII,P2,83.08,Oui,Non
STD_2026_0377,GCA,P2,77.73,Oui,Non
STD_2026_0377,ICMP,P2,83.3,Oui,Non
STD_2026_0377,ESIIA,P3,77.61,Oui,Non
STD_2026_0377,IGGLIA,P3,72.44,Sous condition,Non
STD_2026_0377,IMTICIA,P3,73.39,Sous condition,Non
STD_2026_0377,ISAIA,P3,43.04,Non,Oui
STD_2026_0377,TEE,P4,48.54,Non,Non
STD_2026_0377,TEH,P4,47.09,Non,Non
STD_2026_0377,CAA,P5,50.34,Non,Non
STD_2026_0377,DTJA,P5,49.6,Non,Non
STD_2026_0377,EMP,P5,50.17,Non,Non
STD_2026_0377,FIC,P5,46.27,Non,Non
STD_2026_0378,AEE,P1,75.02,Oui,Non
STD_2026_0378,IAA,P1,46.99,Non,Non
STD_2026_0378,PIP,P1,45.71,Non,Non
STD_2026_0378,EMII,P2,41.96,Non,Non
STD_2026_0378,GCA,P2,49.22,Non,Non
STD_2026_0378,ICMP,P2,40.93,Non,Non
STD_2026_0378,ESIIA,P3,42.47,Non,Non
STD_2026_0378,IGGLIA,P3,71.73,Sous condition,Non
STD_2026_0378,IMTICIA,P3,78.05,Oui,Non
STD_2026_0378,ISAIA,P3,52.01,Non,Non
STD_2026_0378,TEE,P4,77.85,Oui,Oui
STD_2026_0378,TEH,P4,78.44,Oui,Non
STD_2026_0378,CAA,P5,70.56,Sous condition,Non
STD_2026_0378,DTJA,P5,83.53,Oui,Non
STD_2026_0378,EMP,P5,74.27,Sous condition,Non
STD_2026_0378,FIC,P5,45.71,Non,Non
STD_2026_0379,AEE,P1,64.97,Sous condition,Non
STD_2026_0379,IAA,P1,46.04,Non,Non
STD_2026_0379,PIP,P1,47.11,Non,Non
STD_2026_0379,EMII,P2,32.57,Non,Non
STD_2026_0379,GCA,P2,41.72,Non,Non
STD_2026_0379,ICMP,P2,38.93,Non,Non
STD_2026_0379,ESIIA,P3,30.49,Non,Non
STD_2026_0379,IGGLIA,P3,71.37,Sous condition,Non
STD_2026_0379,IMTICIA,P3,65.24,Sous condition,Non
STD_2026_0379,ISAIA,P3,44.22,Non,Non
STD_2026_0379,TEE,P4,75.59,Oui,Non
STD_2026_0379,TEH,P4,79.5,Oui,Oui
STD_2026_0379,CAA,P5,64.43,Sous condition,Non
STD_2026_0379,DTJA,P5,78.03,Oui,Non
STD_2026_0379,EMP,P5,66.6,Sous condition,Non
STD_2026_0379,FIC,P5,44.42,Non,Non
STD_2026_0380,AEE,P1,82.82,Oui,Non
STD_2026_0380,IAA,P1,55.19,Non,Non
STD_2026_0380,PIP,P1,57.12,Non,Non
STD_2026_0380,EMII,P2,54.42,Non,Non
STD_2026_0380,GCA,P2,46.39,Non,Non
STD_2026_0380,ICMP,P2,44.45,Non,Non
STD_2026_0380,ESIIA,P3,55.66,Non,Non
STD_2026_0380,IGGLIA,P3,80.41,Oui,Non
STD_2026_0380,IMTICIA,P3,78.0,Oui,Non
STD_2026_0380,ISAIA,P3,54.48,Non,Non
STD_2026_0380,TEE,P4,82.87,Oui,Non
STD_2026_0380,TEH,P4,79.74,Oui,Non
STD_2026_0380,CAA,P5,82.04,Oui,Oui
STD_2026_0380,DTJA,P5,80.43,Oui,Non
STD_2026_0380,EMP,P5,79.97,Oui,Non
STD_2026_0380,FIC,P5,56.19,Non,Non
STD_2026_0381,AEE,P1,46.14,Non,Non
STD_2026_0381,IAA,P1,42.1,Non,Non
STD_2026_0381,PIP,P1,43.29,Non,Non
STD_2026_0381,EMII,P2,43.85,Non,Non
STD_2026_0381,GCA,P2,43.21,Non,Non
STD_2026_0381,ICMP,P2,41.56,Non,Non
STD_2026_0381,ESIIA,P3,34.47,Non,Non
STD_2026_0381,IGGLIA,P3,42.3,Non,Non
STD_2026_0381,IMTICIA,P3,72.28,Sous condition,Non
STD_2026_0381,ISAIA,P3,50.27,Non,Non
STD_2026_0381,TEE,P4,72.49,Sous condition,Non
STD_2026_0381,TEH,P4,76.46,Oui,Non
STD_2026_0381,CAA,P5,67.91,Sous condition,Non
STD_2026_0381,DTJA,P5,70.6,Sous condition,Oui
STD_2026_0381,EMP,P5,45.16,Non,Non
STD_2026_0381,FIC,P5,52.1,Non,Non
STD_2026_0382,AEE,P1,73.21,Sous condition,Non
STD_2026_0382,IAA,P1,80.65,Oui,Non
STD_2026_0382,PIP,P1,75.69,Oui,Non
STD_2026_0382,EMII,P2,83.04,Oui,Non
STD_2026_0382,GCA,P2,82.39,Oui,Non
STD_2026_0382,ICMP,P2,83.07,Oui,Non
STD_2026_0382,ESIIA,P3,77.81,Oui,Non
STD_2026_0382,IGGLIA,P3,81.75,Oui,Non
STD_2026_0382,IMTICIA,P3,85.39,Oui,Non
STD_2026_0382,ISAIA,P3,81.21,Oui,Non
STD_2026_0382,TEE,P4,49.84,Non,Non
STD_2026_0382,TEH,P4,49.5,Non,Non
STD_2026_0382,CAA,P5,77.48,Oui,Non
STD_2026_0382,DTJA,P5,52.46,Non,Non
STD_2026_0382,EMP,P5,83.74,Oui,Oui
STD_2026_0382,FIC,P5,81.13,Oui,Non
STD_2026_0383,AEE,P1,82.84,Oui,Non
STD_2026_0383,IAA,P1,82.79,Oui,Non
STD_2026_0383,PIP,P1,83.68,Oui,Non
STD_2026_0383,EMII,P2,85.25,Oui,Non
STD_2026_0383,GCA,P2,79.15,Oui,Non
STD_2026_0383,ICMP,P2,92.68,Oui,Non
STD_2026_0383,ESIIA,P3,64.98,Non,Non
STD_2026_0383,IGGLIA,P3,81.05,Oui,Non
STD_2026_0383,IMTICIA,P3,79.78,Oui,Non
STD_2026_0383,ISAIA,P3,82.12,Oui,Non
STD_2026_0383,TEE,P4,73.73,Sous condition,Non
STD_2026_0383,TEH,P4,67.14,Sous condition,Non
STD_2026_0383,CAA,P5,80.02,Oui,Non
STD_2026_0383,DTJA,P5,77.01,Oui,Non
STD_2026_0383,EMP,P5,74.04,Sous condition,Non
STD_2026_0383,FIC,P5,80.63,Oui,Oui
STD_2026_0384,AEE,P1,83.1,Oui,Oui
STD_2026_0384,IAA,P1,78.77,Oui,Non
STD_2026_0384,PIP,P1,79.17,Oui,Non
STD_2026_0384,EMII,P2,82.39,Oui,Non
STD_2026_0384,GCA,P2,86.77,Oui,Non
STD_2026_0384,ICMP,P2,80.23,Oui,Non
STD_2026_0384,ESIIA,P3,74.98,Sous condition,Non
STD_2026_0384,IGGLIA,P3,73.69,Sous condition,Non
STD_2026_0384,IMTICIA,P3,71.68,Sous condition,Non
STD_2026_0384,ISAIA,P3,73.19,Sous condition,Non
STD_2026_0384,TEE,P4,78.01,Oui,Non
STD_2026_0384,TEH,P4,47.66,Non,Non
STD_2026_0384,CAA,P5,77.23,Oui,Non
STD_2026_0384,DTJA,P5,52.36,Non,Non
STD_2026_0384,EMP,P5,68.91,Sous condition,Non
STD_2026_0384,FIC,P5,75.97,Oui,Non
STD_2026_0385,AEE,P1,55.92,Non,Non
STD_2026_0385,IAA,P1,56.77,Non,Oui
STD_2026_0385,PIP,P1,53.29,Non,Non
STD_2026_0385,EMII,P2,56.04,Non,Non
STD_2026_0385,GCA,P2,52.71,Non,Non
STD_2026_0385,ICMP,P2,57.82,Non,Non
STD_2026_0385,ESIIA,P3,56.93,Non,Non
STD_2026_0385,IGGLIA,P3,81.21,Oui,Non
STD_2026_0385,IMTICIA,P3,82.62,Oui,Non
STD_2026_0385,ISAIA,P3,76.37,Oui,Non
STD_2026_0385,TEE,P4,80.1,Oui,Non
STD_2026_0385,TEH,P4,79.81,Oui,Non
STD_2026_0385,CAA,P5,79.26,Oui,Non
STD_2026_0385,DTJA,P5,83.93,Oui,Non
STD_2026_0385,EMP,P5,79.45,Oui,Non
STD_2026_0385,FIC,P5,83.26,Oui,Non
STD_2026_0386,AEE,P1,50.7,Non,Non
STD_2026_0386,IAA,P1,78.32,Oui,Non
STD_2026_0386,PIP,P1,52.47,Non,Oui
STD_2026_0386,EMII,P2,84.77,Oui,Non
STD_2026_0386,GCA,P2,85.66,Oui,Non
STD_2026_0386,ICMP,P2,81.45,Oui,Non
STD_2026_0386,ESIIA,P3,78.98,Oui,Non
STD_2026_0386,IGGLIA,P3,81.17,Oui,Non
STD_2026_0386,IMTICIA,P3,74.28,Sous condition,Non
STD_2026_0386,ISAIA,P3,52.86,Non,Non
STD_2026_0386,TEE,P4,52.32,Non,Non
STD_2026_0386,TEH,P4,52.81,Non,Non
STD_2026_0386,CAA,P5,52.57,Non,Non
STD_2026_0386,DTJA,P5,56.03,Non,Non
STD_2026_0386,EMP,P5,53.89,Non,Non
STD_2026_0386,FIC,P5,59.09,Non,Non
STD_2026_0387,AEE,P1,69.87,Sous condition,Non
STD_2026_0387,IAA,P1,48.27,Non,Non
STD_2026_0387,PIP,P1,54.76,Non,Non
STD_2026_0387,EMII,P2,44.85,Non,Oui
STD_2026_0387,GCA,P2,53.71,Non,Non
STD_2026_0387,ICMP,P2,46.92,Non,Non
STD_2026_0387,ESIIA,P3,46.1,Non,Non
STD_2026_0387,IGGLIA,P3,75.11,Oui,Non
STD_2026_0387,IMTICIA,P3,74.81,Sous condition,Non
STD_2026_0387,ISAIA,P3,51.02,Non,Non
STD_2026_0387,TEE,P4,83.5,Oui,Non
STD_2026_0387,TEH,P4,79.76,Oui,Non
STD_2026_0387,CAA,P5,79.1,Oui,Non
STD_2026_0387,DTJA,P5,80.3,Oui,Non
STD_2026_0387,EMP,P5,73.9,Sous condition,Non
STD_2026_0387,FIC,P5,55.83,Non,Non
STD_2026_0388,AEE,P1,68.83,Sous condition,Non
STD_2026_0388,IAA,P1,48.73,Non,Non
STD_2026_0388,PIP,P1,41.1,Non,Non
STD_2026_0388,EMII,P2,49.05,Non,Non
STD_2026_0388,GCA,P2,46.03,Non,Oui
STD_2026_0388,ICMP,P2,42.05,Non,Non
STD_2026_0388,ESIIA,P3,43.99,Non,Non
STD_2026_0388,IGGLIA,P3,66.22,Sous condition,Non
STD_2026_0388,IMTICIA,P3,72.97,Sous condition,Non
STD_2026_0388,ISAIA,P3,50.31,Non,Non
STD_2026_0388,TEE,P4,81.53,Oui,Non
STD_2026_0388,TEH,P4,78.34,Oui,Non
STD_2026_0388,CAA,P5,72.44,Sous condition,Non
STD_2026_0388,DTJA,P5,78.64,Oui,Non
STD_2026_0388,EMP,P5,67.4,Sous condition,Non
STD_2026_0388,FIC,P5,46.71,Non,Non
STD_2026_0389,AEE,P1,76.81,Oui,Non
STD_2026_0389,IAA,P1,52.26,Non,Non
STD_2026_0389,PIP,P1,46.08,Non,Non
STD_2026_0389,EMII,P2,51.56,Non,Non
STD_2026_0389,GCA,P2,48.54,Non,Non
STD_2026_0389,ICMP,P2,43.01,Non,Oui
STD_2026_0389,ESIIA,P3,49.86,Non,Non
STD_2026_0389,IGGLIA,P3,73.18,Sous condition,Non
STD_2026_0389,IMTICIA,P3,76.05,Oui,Non
STD_2026_0389,ISAIA,P3,46.33,Non,Non
STD_2026_0389,TEE,P4,67.78,Sous condition,Non
STD_2026_0389,TEH,P4,75.23,Oui,Non
STD_2026_0389,CAA,P5,75.36,Oui,Non
STD_2026_0389,DTJA,P5,76.36,Oui,Non
STD_2026_0389,EMP,P5,76.09,Oui,Non
STD_2026_0389,FIC,P5,47.64,Non,Non
STD_2026_0390,AEE,P1,52.45,Non,Non
STD_2026_0390,IAA,P1,47.53,Non,Non
STD_2026_0390,PIP,P1,54.4,Non,Non
STD_2026_0390,EMII,P2,47.76,Non,Non
STD_2026_0390,GCA,P2,44.87,Non,Non
STD_2026_0390,ICMP,P2,52.58,Non,Non
STD_2026_0390,ESIIA,P3,47.9,Non,Oui
STD_2026_0390,IGGLIA,P3,51.5,Non,Non
STD_2026_0390,IMTICIA,P3,78.14,Oui,Non
STD_2026_0390,ISAIA,P3,47.73,Non,Non
STD_2026_0390,TEE,P4,80.03,Oui,Non
STD_2026_0390,TEH,P4,78.1,Oui,Non
STD_2026_0390,CAA,P5,73.15,Sous condition,Non
STD_2026_0390,DTJA,P5,77.48,Oui,Non
STD_2026_0390,EMP,P5,45.2,Non,Non
STD_2026_0390,FIC,P5,51.73,Non,Non
STD_2026_0391,AEE,P1,86.61,Oui,Non
STD_2026_0391,IAA,P1,83.86,Oui,Non
STD_2026_0391,PIP,P1,80.13,Oui,Non
STD_2026_0391,EMII,P2,87.33,Oui,Non
STD_2026_0391,GCA,P2,88.13,Oui,Non
STD_2026_0391,ICMP,P2,93.34,Oui,Non
STD_2026_0391,ESIIA,P3,88.11,Oui,Non
STD_2026_0391,IGGLIA,P3,78.22,Oui,Oui
STD_2026_0391,IMTICIA,P3,80.65,Oui,Non
STD_2026_0391,ISAIA,P3,79.01,Oui,Non
STD_2026_0391,TEE,P4,53.51,Non,Non
STD_2026_0391,TEH,P4,50.08,Non,Non
STD_2026_0391,CAA,P5,80.88,Oui,Non
STD_2026_0391,DTJA,P5,51.1,Non,Non
STD_2026_0391,EMP,P5,83.6,Oui,Non
STD_2026_0391,FIC,P5,85.07,Oui,Non
STD_2026_0392,AEE,P1,80.03,Oui,Non
STD_2026_0392,IAA,P1,83.18,Oui,Non
STD_2026_0392,PIP,P1,80.31,Oui,Non
STD_2026_0392,EMII,P2,76.16,Oui,Non
STD_2026_0392,GCA,P2,80.3,Oui,Non
STD_2026_0392,ICMP,P2,84.41,Oui,Non
STD_2026_0392,ESIIA,P3,55.56,Non,Non
STD_2026_0392,IGGLIA,P3,76.43,Oui,Non
STD_2026_0392,IMTICIA,P3,75.14,Oui,Oui
STD_2026_0392,ISAIA,P3,75.48,Oui,Non
STD_2026_0392,TEE,P4,72.97,Sous condition,Non
STD_2026_0392,TEH,P4,73.5,Sous condition,Non
STD_2026_0392,CAA,P5,75.87,Oui,Non
STD_2026_0392,DTJA,P5,78.37,Oui,Non
STD_2026_0392,EMP,P5,73.41,Sous condition,Non
STD_2026_0392,FIC,P5,79.75,Oui,Non
STD_2026_0393,AEE,P1,88.37,Oui,Non
STD_2026_0393,IAA,P1,79.56,Oui,Non
STD_2026_0393,PIP,P1,86.53,Oui,Non
STD_2026_0393,EMII,P2,79.56,Oui,Non
STD_2026_0393,GCA,P2,86.95,Oui,Non
STD_2026_0393,ICMP,P2,95.74,Oui,Non
STD_2026_0393,ESIIA,P3,82.78,Oui,Non
STD_2026_0393,IGGLIA,P3,70.29,Sous condition,Non
STD_2026_0393,IMTICIA,P3,77.94,Oui,Non
STD_2026_0393,ISAIA,P3,79.51,Oui,Oui
STD_2026_0393,TEE,P4,77.5,Oui,Non
STD_2026_0393,TEH,P4,47.05,Non,Non
STD_2026_0393,CAA,P5,75.07,Oui,Non
STD_2026_0393,DTJA,P5,51.54,Non,Non
STD_2026_0393,EMP,P5,75.54,Oui,Non
STD_2026_0393,FIC,P5,83.36,Oui,Non
STD_2026_0394,AEE,P1,65.29,Non,Non
STD_2026_0394,IAA,P1,63.46,Non,Non
STD_2026_0394,PIP,P1,62.89,Non,Non
STD_2026_0394,EMII,P2,64.81,Non,Non
STD_2026_0394,GCA,P2,57.16,Non,Non
STD_2026_0394,ICMP,P2,52.56,Non,Non
STD_2026_0394,ESIIA,P3,63.5,Non,Non
STD_2026_0394,IGGLIA,P3,80.56,Oui,Non
STD_2026_0394,IMTICIA,P3,85.59,Oui,Non
STD_2026_0394,ISAIA,P3,85.82,Oui,Non
STD_2026_0394,TEE,P4,80.79,Oui,Oui
STD_2026_0394,TEH,P4,82.15,Oui,Non
STD_2026_0394,CAA,P5,83.46,Oui,Non
STD_2026_0394,DTJA,P5,86.16,Oui,Non
STD_2026_0394,EMP,P5,82.43,Oui,Non
STD_2026_0394,FIC,P5,77.22,Oui,Non
STD_2026_0395,AEE,P1,63.18,Non,Non
STD_2026_0395,IAA,P1,85.59,Oui,Non
STD_2026_0395,PIP,P1,61.34,Non,Non
STD_2026_0395,EMII,P2,86.24,Oui,Non
STD_2026_0395,GCA,P2,75.62,Oui,Non
STD_2026_0395,ICMP,P2,86.26,Oui,Non
STD_2026_0395,ESIIA,P3,90.16,Oui,Non
STD_2026_0395,IGGLIA,P3,90.92,Oui,Non
STD_2026_0395,IMTICIA,P3,82.0,Oui,Non
STD_2026_0395,ISAIA,P3,62.25,Non,Non
STD_2026_0395,TEE,P4,63.83,Non,Non
STD_2026_0395,TEH,P4,65.85,Non,Oui
STD_2026_0395,CAA,P5,60.44,Non,Non
STD_2026_0395,DTJA,P5,65.73,Non,Non
STD_2026_0395,EMP,P5,64.35,Non,Non
STD_2026_0395,FIC,P5,61.36,Non,Non
STD_2026_0396,AEE,P1,68.19,Sous condition,Non
STD_2026_0396,IAA,P1,42.62,Non,Non
STD_2026_0396,PIP,P1,42.22,Non,Non
STD_2026_0396,EMII,P2,38.81,Non,Non
STD_2026_0396,GCA,P2,41.78,Non,Non
STD_2026_0396,ICMP,P2,41.04,Non,Non
STD_2026_0396,ESIIA,P3,41.45,Non,Non
STD_2026_0396,IGGLIA,P3,74.1,Sous condition,Non
STD_2026_0396,IMTICIA,P3,64.83,Sous condition,Non
STD_2026_0396,ISAIA,P3,50.38,Non,Non
STD_2026_0396,TEE,P4,67.96,Sous condition,Non
STD_2026_0396,TEH,P4,70.17,Sous condition,Non
STD_2026_0396,CAA,P5,70.34,Sous condition,Oui
STD_2026_0396,DTJA,P5,70.93,Sous condition,Non
STD_2026_0396,EMP,P5,69.05,Sous condition,Non
STD_2026_0396,FIC,P5,46.12,Non,Non
STD_2026_0397,AEE,P1,77.4,Oui,Non
STD_2026_0397,IAA,P1,50.86,Non,Non
STD_2026_0397,PIP,P1,52.17,Non,Non
STD_2026_0397,EMII,P2,46.46,Non,Non
STD_2026_0397,GCA,P2,44.37,Non,Non
STD_2026_0397,ICMP,P2,40.96,Non,Non
STD_2026_0397,ESIIA,P3,46.72,Non,Non
STD_2026_0397,IGGLIA,P3,76.23,Oui,Non
STD_2026_0397,IMTICIA,P3,72.3,Sous condition,Non
STD_2026_0397,ISAIA,P3,51.52,Non,Non
STD_2026_0397,TEE,P4,79.01,Oui,Non
STD_2026_0397,TEH,P4,81.87,Oui,Non
STD_2026_0397,CAA,P5,76.16,Oui,Non
STD_2026_0397,DTJA,P5,82.26,Oui,Oui
STD_2026_0397,EMP,P5,78.63,Oui,Non
STD_2026_0397,FIC,P5,48.95,Non,Non
STD_2026_0398,AEE,P1,64.63,Sous condition,Non
STD_2026_0398,IAA,P1,44.3,Non,Non
STD_2026_0398,PIP,P1,48.11,Non,Non
STD_2026_0398,EMII,P2,44.99,Non,Non
STD_2026_0398,GCA,P2,30.29,Non,Non
STD_2026_0398,ICMP,P2,36.23,Non,Non
STD_2026_0398,ESIIA,P3,45.13,Non,Non
STD_2026_0398,IGGLIA,P3,71.04,Sous condition,Non
STD_2026_0398,IMTICIA,P3,79.31,Oui,Non
STD_2026_0398,ISAIA,P3,45.55,Non,Non
STD_2026_0398,TEE,P4,75.48,Oui,Non
STD_2026_0398,TEH,P4,74.06,Sous condition,Non
STD_2026_0398,CAA,P5,74.64,Sous condition,Non
STD_2026_0398,DTJA,P5,77.29,Oui,Non
STD_2026_0398,EMP,P5,71.57,Sous condition,Oui
STD_2026_0398,FIC,P5,47.84,Non,Non
STD_2026_0399,AEE,P1,50.33,Non,Non
STD_2026_0399,IAA,P1,50.99,Non,Non
STD_2026_0399,PIP,P1,54.28,Non,Non
STD_2026_0399,EMII,P2,49.96,Non,Non
STD_2026_0399,GCA,P2,55.13,Non,Non
STD_2026_0399,ICMP,P2,57.57,Non,Non
STD_2026_0399,ESIIA,P3,59.3,Non,Non
STD_2026_0399,IGGLIA,P3,47.49,Non,Non
STD_2026_0399,IMTICIA,P3,75.37,Oui,Non
STD_2026_0399,ISAIA,P3,48.05,Non,Non
STD_2026_0399,TEE,P4,73.38,Sous condition,Non
STD_2026_0399,TEH,P4,73.46,Sous condition,Non
STD_2026_0399,CAA,P5,72.86,Sous condition,Non
STD_2026_0399,DTJA,P5,71.79,Sous condition,Non
STD_2026_0399,EMP,P5,44.19,Non,Non
STD_2026_0399,FIC,P5,54.59,Non,Oui
STD_2026_0400,AEE,P1,92.55,Oui,Oui
STD_2026_0400,IAA,P1,83.77,Oui,Non
STD_2026_0400,PIP,P1,82.02,Oui,Non
STD_2026_0400,EMII,P2,83.52,Oui,Non
STD_2026_0400,GCA,P2,80.02,Oui,Non
STD_2026_0400,ICMP,P2,84.46,Oui,Non
STD_2026_0400,ESIIA,P3,79.79,Oui,Non
STD_2026_0400,IGGLIA,P3,80.8,Oui,Non
STD_2026_0400,IMTICIA,P3,82.62,Oui,Non
STD_2026_0400,ISAIA,P3,81.1,Oui,Non
STD_2026_0400,TEE,P4,48.96,Non,Non
STD_2026_0400,TEH,P4,55.08,Non,Non
STD_2026_0400,CAA,P5,84.93,Oui,Non
STD_2026_0400,DTJA,P5,48.65,Non,Non
STD_2026_0400,EMP,P5,84.66,Oui,Non
STD_2026_0400,FIC,P5,86.17,Oui,Non
STD_2026_0401,AEE,P1,83.25,Oui,Non
STD_2026_0401,IAA,P1,87.15,Oui,Oui
STD_2026_0401,PIP,P1,88.71,Oui,Non
STD_2026_0401,EMII,P2,75.48,Oui,Non
STD_2026_0401,GCA,P2,81.44,Oui,Non
STD_2026_0401,ICMP,P2,86.94,Oui,Non
STD_2026_0401,ESIIA,P3,47.68,Non,Non
STD_2026_0401,IGGLIA,P3,76.99,Oui,Non
STD_2026_0401,IMTICIA,P3,71.49,Sous condition,Non
STD_2026_0401,ISAIA,P3,81.96,Oui,Non
STD_2026_0401,TEE,P4,80.61,Oui,Non
STD_2026_0401,TEH,P4,73.85,Sous condition,Non
STD_2026_0401,CAA,P5,76.01,Oui,Non
STD_2026_0401,DTJA,P5,74.48,Sous condition,Non
STD_2026_0401,EMP,P5,79.77,Oui,Non
STD_2026_0401,FIC,P5,81.67,Oui,Non
STD_2026_0402,AEE,P1,81.42,Oui,Non
STD_2026_0402,IAA,P1,85.05,Oui,Non
STD_2026_0402,PIP,P1,84.79,Oui,Oui
STD_2026_0402,EMII,P2,84.31,Oui,Non
STD_2026_0402,GCA,P2,80.54,Oui,Non
STD_2026_0402,ICMP,P2,84.57,Oui,Non
STD_2026_0402,ESIIA,P3,87.07,Oui,Non
STD_2026_0402,IGGLIA,P3,78.29,Oui,Non
STD_2026_0402,IMTICIA,P3,79.42,Oui,Non
STD_2026_0402,ISAIA,P3,84.6,Oui,Non
STD_2026_0402,TEE,P4,84.73,Oui,Non
STD_2026_0402,TEH,P4,49.48,Non,Non
STD_2026_0402,CAA,P5,69.78,Sous condition,Non
STD_2026_0402,DTJA,P5,50.46,Non,Non
STD_2026_0402,EMP,P5,73.84,Sous condition,Non
STD_2026_0402,FIC,P5,80.49,Oui,Non
STD_2026_0403,AEE,P1,48.87,Non,Non
STD_2026_0403,IAA,P1,49.91,Non,Non
STD_2026_0403,PIP,P1,48.7,Non,Non
STD_2026_0403,EMII,P2,45.27,Non,Oui
STD_2026_0403,GCA,P2,51.81,Non,Non
STD_2026_0403,ICMP,P2,62.15,Non,Non
STD_2026_0403,ESIIA,P3,43.77,Non,Non
STD_2026_0403,IGGLIA,P3,70.86,Sous condition,Non
STD_2026_0403,IMTICIA,P3,75.49,Oui,Non
STD_2026_0403,ISAIA,P3,67.78,Sous condition,Non
STD_2026_0403,TEE,P4,65.8,Sous condition,Non
STD_2026_0403,TEH,P4,74.36,Sous condition,Non
STD_2026_0403,CAA,P5,78.33,Oui,Non
STD_2026_0403,DTJA,P5,68.68,Sous condition,Non
STD_2026_0403,EMP,P5,73.28,Sous condition,Non
STD_2026_0403,FIC,P5,82.69,Oui,Non
STD_2026_0404,AEE,P1,53.36,Non,Non
STD_2026_0404,IAA,P1,81.71,Oui,Non
STD_2026_0404,PIP,P1,48.78,Non,Non
STD_2026_0404,EMII,P2,82.72,Oui,Non
STD_2026_0404,GCA,P2,82.0,Oui,Oui
STD_2026_0404,ICMP,P2,81.58,Oui,Non
STD_2026_0404,ESIIA,P3,82.4,Oui,Non
STD_2026_0404,IGGLIA,P3,74.59,Sous condition,Non
STD_2026_0404,IMTICIA,P3,85.93,Oui,Non
STD_2026_0404,ISAIA,P3,50.57,Non,Non
STD_2026_0404,TEE,P4,54.33,Non,Non
STD_2026_0404,TEH,P4,52.46,Non,Non
STD_2026_0404,CAA,P5,53.25,Non,Non
STD_2026_0404,DTJA,P5,48.55,Non,Non
STD_2026_0404,EMP,P5,59.5,Non,Non
STD_2026_0404,FIC,P5,53.86,Non,Non
STD_2026_0405,AEE,P1,76.84,Oui,Non
STD_2026_0405,IAA,P1,57.46,Non,Non
STD_2026_0405,PIP,P1,56.96,Non,Non
STD_2026_0405,EMII,P2,47.34,Non,Non
STD_2026_0405,GCA,P2,47.99,Non,Non
STD_2026_0405,ICMP,P2,54.0,Non,Oui
STD_2026_0405,ESIIA,P3,51.83,Non,Non
STD_2026_0405,IGGLIA,P3,77.39,Oui,Non
STD_2026_0405,IMTICIA,P3,73.19,Sous condition,Non
STD_2026_0405,ISAIA,P3,50.7,Non,Non
STD_2026_0405,TEE,P4,75.27,Oui,Non
STD_2026_0405,TEH,P4,72.88,Sous condition,Non
STD_2026_0405,CAA,P5,78.94,Oui,Non
STD_2026_0405,DTJA,P5,76.23,Oui,Non
STD_2026_0405,EMP,P5,79.6,Oui,Non
STD_2026_0405,FIC,P5,52.56,Non,Non
STD_2026_0406,AEE,P1,73.52,Sous condition,Non
STD_2026_0406,IAA,P1,45.76,Non,Non
STD_2026_0406,PIP,P1,43.98,Non,Non
STD_2026_0406,EMII,P2,41.12,Non,Non
STD_2026_0406,GCA,P2,45.49,Non,Non
STD_2026_0406,ICMP,P2,42.32,Non,Non
STD_2026_0406,ESIIA,P3,40.06,Non,Oui
STD_2026_0406,IGGLIA,P3,75.63,Oui,Non
STD_2026_0406,IMTICIA,P3,72.32,Sous condition,Non
STD_2026_0406,ISAIA,P3,50.27,Non,Non
STD_2026_0406,TEE,P4,82.3,Oui,Non
STD_2026_0406,TEH,P4,75.45,Oui,Non
STD_2026_0406,CAA,P5,69.75,Sous condition,Non
STD_2026_0406,DTJA,P5,73.99,Sous condition,Non
STD_2026_0406,EMP,P5,74.63,Sous condition,Non
STD_2026_0406,FIC,P5,52.76,Non,Non
STD_2026_0407,AEE,P1,70.58,Sous condition,Non
STD_2026_0407,IAA,P1,52.37,Non,Non
STD_2026_0407,PIP,P1,50.39,Non,Non
STD_2026_0407,EMII,P2,50.6,Non,Non
STD_2026_0407,GCA,P2,38.94,Non,Non
STD_2026_0407,ICMP,P2,47.14,Non,Non
STD_2026_0407,ESIIA,P3,48.43,Non,Non
STD_2026_0407,IGGLIA,P3,82.32,Oui,Oui
STD_2026_0407,IMTICIA,P3,78.1,Oui,Non
STD_2026_0407,ISAIA,P3,52.16,Non,Non
STD_2026_0407,TEE,P4,71.22,Sous condition,Non
STD_2026_0407,TEH,P4,73.85,Sous condition,Non
STD_2026_0407,CAA,P5,79.32,Oui,Non
STD_2026_0407,DTJA,P5,73.8,Sous condition,Non
STD_2026_0407,EMP,P5,77.24,Oui,Non
STD_2026_0407,FIC,P5,52.09,Non,Non
STD_2026_0408,AEE,P1,55.73,Non,Non
STD_2026_0408,IAA,P1,50.98,Non,Non
STD_2026_0408,PIP,P1,45.27,Non,Non
STD_2026_0408,EMII,P2,44.22,Non,Non
STD_2026_0408,GCA,P2,42.78,Non,Non
STD_2026_0408,ICMP,P2,42.31,Non,Non
STD_2026_0408,ESIIA,P3,46.84,Non,Non
STD_2026_0408,IGGLIA,P3,49.86,Non,Non
STD_2026_0408,IMTICIA,P3,72.94,Sous condition,Oui
STD_2026_0408,ISAIA,P3,46.26,Non,Non
STD_2026_0408,TEE,P4,80.1,Oui,Non
STD_2026_0408,TEH,P4,77.72,Oui,Non
STD_2026_0408,CAA,P5,76.36,Oui,Non
STD_2026_0408,DTJA,P5,70.07,Sous condition,Non
STD_2026_0408,EMP,P5,53.71,Non,Non
STD_2026_0408,FIC,P5,47.97,Non,Non
STD_2026_0409,AEE,P1,88.13,Oui,Non
STD_2026_0409,IAA,P1,72.18,Sous condition,Non
STD_2026_0409,PIP,P1,85.88,Oui,Non
STD_2026_0409,EMII,P2,84.94,Oui,Non
STD_2026_0409,GCA,P2,79.0,Oui,Non
STD_2026_0409,ICMP,P2,85.27,Oui,Non
STD_2026_0409,ESIIA,P3,80.38,Oui,Non
STD_2026_0409,IGGLIA,P3,82.52,Oui,Non
STD_2026_0409,IMTICIA,P3,82.99,Oui,Non
STD_2026_0409,ISAIA,P3,79.56,Oui,Oui
STD_2026_0409,TEE,P4,55.49,Non,Non
STD_2026_0409,TEH,P4,51.49,Non,Non
STD_2026_0409,CAA,P5,86.0,Oui,Non
STD_2026_0409,DTJA,P5,43.68,Non,Non
STD_2026_0409,EMP,P5,84.28,Oui,Non
STD_2026_0409,FIC,P5,74.13,Sous condition,Non
STD_2026_0410,AEE,P1,79.27,Oui,Non
STD_2026_0410,IAA,P1,75.85,Oui,Non
STD_2026_0410,PIP,P1,77.97,Oui,Non
STD_2026_0410,EMII,P2,77.61,Oui,Non
STD_2026_0410,GCA,P2,77.54,Oui,Non
STD_2026_0410,ICMP,P2,77.63,Oui,Non
STD_2026_0410,ESIIA,P3,47.04,Non,Non
STD_2026_0410,IGGLIA,P3,78.54,Oui,Non
STD_2026_0410,IMTICIA,P3,74.64,Sous condition,Non
STD_2026_0410,ISAIA,P3,80.98,Oui,Non
STD_2026_0410,TEE,P4,76.32,Oui,Oui
STD_2026_0410,TEH,P4,75.79,Oui,Non
STD_2026_0410,CAA,P5,77.99,Oui,Non
STD_2026_0410,DTJA,P5,73.89,Sous condition,Non
STD_2026_0410,EMP,P5,76.76,Oui,Non
STD_2026_0410,FIC,P5,85.77,Oui,Non
STD_2026_0411,AEE,P1,81.98,Oui,Non
STD_2026_0411,IAA,P1,83.42,Oui,Non
STD_2026_0411,PIP,P1,83.75,Oui,Non
STD_2026_0411,EMII,P2,84.38,Oui,Non
STD_2026_0411,GCA,P2,84.55,Oui,Non
STD_2026_0411,ICMP,P2,84.93,Oui,Non
STD_2026_0411,ESIIA,P3,82.37,Oui,Non
STD_2026_0411,IGGLIA,P3,80.2,Oui,Non
STD_2026_0411,IMTICIA,P3,80.54,Oui,Non
STD_2026_0411,ISAIA,P3,76.8,Oui,Non
STD_2026_0411,TEE,P4,80.85,Oui,Non
STD_2026_0411,TEH,P4,51.12,Non,Oui
STD_2026_0411,CAA,P5,77.84,Oui,Non
STD_2026_0411,DTJA,P5,51.86,Non,Non
STD_2026_0411,EMP,P5,74.94,Sous condition,Non
STD_2026_0411,FIC,P5,83.6,Oui,Non
STD_2026_0412,AEE,P1,51.11,Non,Non
STD_2026_0412,IAA,P1,57.52,Non,Non
STD_2026_0412,PIP,P1,51.29,Non,Non
STD_2026_0412,EMII,P2,55.33,Non,Non
STD_2026_0412,GCA,P2,37.28,Non,Non
STD_2026_0412,ICMP,P2,47.73,Non,Non
STD_2026_0412,ESIIA,P3,55.74,Non,Non
STD_2026_0412,IGGLIA,P3,77.28,Oui,Non
STD_2026_0412,IMTICIA,P3,76.27,Oui,Non
STD_2026_0412,ISAIA,P3,72.88,Sous condition,Non
STD_2026_0412,TEE,P4,73.37,Sous condition,Non
STD_2026_0412,TEH,P4,72.68,Sous condition,Non
STD_2026_0412,CAA,P5,77.75,Oui,Oui
STD_2026_0412,DTJA,P5,72.62,Sous condition,Non
STD_2026_0412,EMP,P5,77.72,Oui,Non
STD_2026_0412,FIC,P5,75.16,Oui,Non
STD_2026_0413,AEE,P1,53.65,Non,Non
STD_2026_0413,IAA,P1,76.44,Oui,Non
STD_2026_0413,PIP,P1,47.52,Non,Non
STD_2026_0413,EMII,P2,76.73,Oui,Non
STD_2026_0413,GCA,P2,86.99,Oui,Non
STD_2026_0413,ICMP,P2,85.3,Oui,Non
STD_2026_0413,ESIIA,P3,75.98,Oui,Non
STD_2026_0413,IGGLIA,P3,76.0,Oui,Non
STD_2026_0413,IMTICIA,P3,80.78,Oui,Non
STD_2026_0413,ISAIA,P3,55.83,Non,Non
STD_2026_0413,TEE,P4,47.48,Non,Non
STD_2026_0413,TEH,P4,53.23,Non,Non
STD_2026_0413,CAA,P5,57.67,Non,Non
STD_2026_0413,DTJA,P5,53.26,Non,Oui
STD_2026_0413,EMP,P5,48.83,Non,Non
STD_2026_0413,FIC,P5,60.81,Non,Non
STD_2026_0414,AEE,P1,78.13,Oui,Non
STD_2026_0414,IAA,P1,53.93,Non,Non
STD_2026_0414,PIP,P1,49.38,Non,Non
STD_2026_0414,EMII,P2,50.97,Non,Non
STD_2026_0414,GCA,P2,52.64,Non,Non
STD_2026_0414,ICMP,P2,47.91,Non,Non
STD_2026_0414,ESIIA,P3,54.98,Non,Non
STD_2026_0414,IGGLIA,P3,84.08,Oui,Non
STD_2026_0414,IMTICIA,P3,86.73,Oui,Non
STD_2026_0414,ISAIA,P3,62.15,Non,Non
STD_2026_0414,TEE,P4,77.63,Oui,Non
STD_2026_0414,TEH,P4,79.45,Oui,Non
STD_2026_0414,CAA,P5,81.66,Oui,Non
STD_2026_0414,DTJA,P5,84.45,Oui,Non
STD_2026_0414,EMP,P5,83.31,Oui,Oui
STD_2026_0414,FIC,P5,50.87,Non,Non
STD_2026_0415,AEE,P1,73.97,Sous condition,Non
STD_2026_0415,IAA,P1,53.78,Non,Non
STD_2026_0415,PIP,P1,49.18,Non,Non
STD_2026_0415,EMII,P2,50.11,Non,Non
STD_2026_0415,GCA,P2,40.82,Non,Non
STD_2026_0415,ICMP,P2,41.62,Non,Non
STD_2026_0415,ESIIA,P3,45.32,Non,Non
STD_2026_0415,IGGLIA,P3,77.51,Oui,Non
STD_2026_0415,IMTICIA,P3,79.77,Oui,Non
STD_2026_0415,ISAIA,P3,56.28,Non,Non
STD_2026_0415,TEE,P4,77.34,Oui,Non
STD_2026_0415,TEH,P4,82.09,Oui,Non
STD_2026_0415,CAA,P5,76.84,Oui,Non
STD_2026_0415,DTJA,P5,77.9,Oui,Non
STD_2026_0415,EMP,P5,80.65,Oui,Non
STD_2026_0415,FIC,P5,50.16,Non,Oui
STD_2026_0416,AEE,P1,70.35,Sous condition,Oui
STD_2026_0416,IAA,P1,50.09,Non,Non
STD_2026_0416,PIP,P1,51.55,Non,Non
STD_2026_0416,EMII,P2,39.67,Non,Non
STD_2026_0416,GCA,P2,44.17,Non,Non
STD_2026_0416,ICMP,P2,35.54,Non,Non
STD_2026_0416,ESIIA,P3,43.11,Non,Non
STD_2026_0416,IGGLIA,P3,65.25,Sous condition,Non
STD_2026_0416,IMTICIA,P3,70.54,Sous condition,Non
STD_2026_0416,ISAIA,P3,45.91,Non,Non
STD_2026_0416,TEE,P4,72.01,Sous condition,Non
STD_2026_0416,TEH,P4,82.9,Oui,Non
STD_2026_0416,CAA,P5,72.89,Sous condition,Non
STD_2026_0416,DTJA,P5,80.8,Oui,Non
STD_2026_0416,EMP,P5,72.5,Sous condition,Non
STD_2026_0416,FIC,P5,45.87,Non,Non
STD_2026_0417,AEE,P1,50.82,Non,Non
STD_2026_0417,IAA,P1,54.52,Non,Oui
STD_2026_0417,PIP,P1,53.11,Non,Non
STD_2026_0417,EMII,P2,41.25,Non,Non
STD_2026_0417,GCA,P2,48.9,Non,Non
STD_2026_0417,ICMP,P2,36.89,Non,Non
STD_2026_0417,ESIIA,P3,42.05,Non,Non
STD_2026_0417,IGGLIA,P3,52.45,Non,Non
STD_2026_0417,IMTICIA,P3,72.09,Sous condition,Non
STD_2026_0417,ISAIA,P3,52.47,Non,Non
STD_2026_0417,TEE,P4,86.13,Oui,Non
STD_2026_0417,TEH,P4,78.34,Oui,Non
STD_2026_0417,CAA,P5,74.23,Sous condition,Non
STD_2026_0417,DTJA,P5,79.88,Oui,Non
STD_2026_0417,EMP,P5,47.08,Non,Non
STD_2026_0417,FIC,P5,49.55,Non,Non
STD_2026_0418,AEE,P1,68.34,Sous condition,Non
STD_2026_0418,IAA,P1,77.81,Oui,Non
STD_2026_0418,PIP,P1,81.78,Oui,Oui
STD_2026_0418,EMII,P2,68.95,Sous condition,Non
STD_2026_0418,GCA,P2,83.1,Oui,Non
STD_2026_0418,ICMP,P2,72.43,Sous condition,Non
STD_2026_0418,ESIIA,P3,74.1,Sous condition,Non
STD_2026_0418,IGGLIA,P3,74.75,Sous condition,Non
STD_2026_0418,IMTICIA,P3,72.24,Sous condition,Non
STD_2026_0418,ISAIA,P3,74.95,Sous condition,Non
STD_2026_0418,TEE,P4,49.17,Non,Non
STD_2026_0418,TEH,P4,51.4,Non,Non
STD_2026_0418,CAA,P5,72.59,Sous condition,Non
STD_2026_0418,DTJA,P5,48.87,Non,Non
STD_2026_0418,EMP,P5,77.18,Oui,Non
STD_2026_0418,FIC,P5,75.34,Oui,Non
STD_2026_0419,AEE,P1,83.67,Oui,Non
STD_2026_0419,IAA,P1,80.04,Oui,Non
STD_2026_0419,PIP,P1,79.93,Oui,Non
STD_2026_0419,EMII,P2,80.57,Oui,Oui
STD_2026_0419,GCA,P2,83.29,Oui,Non
STD_2026_0419,ICMP,P2,85.87,Oui,Non
STD_2026_0419,ESIIA,P3,57.86,Non,Non
STD_2026_0419,IGGLIA,P3,78.33,Oui,Non
STD_2026_0419,IMTICIA,P3,70.0,Sous condition,Non
STD_2026_0419,ISAIA,P3,72.72,Sous condition,Non
STD_2026_0419,TEE,P4,73.0,Sous condition,Non
STD_2026_0419,TEH,P4,78.35,Oui,Non
STD_2026_0419,CAA,P5,71.94,Sous condition,Non
STD_2026_0419,DTJA,P5,72.34,Sous condition,Non
STD_2026_0419,EMP,P5,73.81,Sous condition,Non
STD_2026_0419,FIC,P5,71.22,Sous condition,Non
STD_2026_0420,AEE,P1,81.61,Oui,Non
STD_2026_0420,IAA,P1,80.71,Oui,Non
STD_2026_0420,PIP,P1,80.34,Oui,Non
STD_2026_0420,EMII,P2,88.68,Oui,Non
STD_2026_0420,GCA,P2,78.47,Oui,Oui
STD_2026_0420,ICMP,P2,78.21,Oui,Non
STD_2026_0420,ESIIA,P3,85.08,Oui,Non
STD_2026_0420,IGGLIA,P3,90.47,Oui,Non
STD_2026_0420,IMTICIA,P3,81.21,Oui,Non
STD_2026_0420,ISAIA,P3,88.22,Oui,Non
STD_2026_0420,TEE,P4,73.59,Sous condition,Non
STD_2026_0420,TEH,P4,50.58,Non,Non
STD_2026_0420,CAA,P5,87.46,Oui,Non
STD_2026_0420,DTJA,P5,49.38,Non,Non
STD_2026_0420,EMP,P5,90.02,Oui,Non
STD_2026_0420,FIC,P5,86.93,Oui,Non
STD_2026_0421,AEE,P1,55.11,Non,Non
STD_2026_0421,IAA,P1,56.76,Non,Non
STD_2026_0421,PIP,P1,55.71,Non,Non
STD_2026_0421,EMII,P2,57.21,Non,Non
STD_2026_0421,GCA,P2,55.25,Non,Non
STD_2026_0421,ICMP,P2,56.35,Non,Oui
STD_2026_0421,ESIIA,P3,58.94,Non,Non
STD_2026_0421,IGGLIA,P3,82.45,Oui,Non
STD_2026_0421,IMTICIA,P3,80.57,Oui,Non
STD_2026_0421,ISAIA,P3,79.42,Oui,Non
STD_2026_0421,TEE,P4,75.43,Oui,Non
STD_2026_0421,TEH,P4,80.18,Oui,Non
STD_2026_0421,CAA,P5,85.82,Oui,Non
STD_2026_0421,DTJA,P5,73.74,Sous condition,Non
STD_2026_0421,EMP,P5,86.64,Oui,Non
STD_2026_0421,FIC,P5,86.41,Oui,Non
STD_2026_0422,AEE,P1,56.0,Non,Non
STD_2026_0422,IAA,P1,80.84,Oui,Non
STD_2026_0422,PIP,P1,52.0,Non,Non
STD_2026_0422,EMII,P2,88.6,Oui,Non
STD_2026_0422,GCA,P2,80.25,Oui,Non
STD_2026_0422,ICMP,P2,84.27,Oui,Non
STD_2026_0422,ESIIA,P3,85.37,Oui,Oui
STD_2026_0422,IGGLIA,P3,84.4,Oui,Non
STD_2026_0422,IMTICIA,P3,76.32,Oui,Non
STD_2026_0422,ISAIA,P3,58.47,Non,Non
STD_2026_0422,TEE,P4,49.69,Non,Non
STD_2026_0422,TEH,P4,51.49,Non,Non
STD_2026_0422,CAA,P5,51.01,Non,Non
STD_2026_0422,DTJA,P5,44.86,Non,Non
STD_2026_0422,EMP,P5,55.93,Non,Non
STD_2026_0422,FIC,P5,48.29,Non,Non
STD_2026_0423,AEE,P1,70.29,Sous condition,Non
STD_2026_0423,IAA,P1,49.15,Non,Non
STD_2026_0423,PIP,P1,45.48,Non,Non
STD_2026_0423,EMII,P2,43.7,Non,Non
STD_2026_0423,GCA,P2,43.44,Non,Non
STD_2026_0423,ICMP,P2,47.64,Non,Non
STD_2026_0423,ESIIA,P3,43.82,Non,Non
STD_2026_0423,IGGLIA,P3,73.53,Sous condition,Oui
STD_2026_0423,IMTICIA,P3,75.73,Oui,Non
STD_2026_0423,ISAIA,P3,46.82,Non,Non
STD_2026_0423,TEE,P4,65.73,Sous condition,Non
STD_2026_0423,TEH,P4,74.18,Sous condition,Non
STD_2026_0423,CAA,P5,69.23,Sous condition,Non
STD_2026_0423,DTJA,P5,70.4,Sous condition,Non
STD_2026_0423,EMP,P5,69.23,Sous condition,Non
STD_2026_0423,FIC,P5,46.02,Non,Non
STD_2026_0424,AEE,P1,65.47,Sous condition,Non
STD_2026_0424,IAA,P1,41.07,Non,Non
STD_2026_0424,PIP,P1,46.35,Non,Non
STD_2026_0424,EMII,P2,43.91,Non,Non
STD_2026_0424,GCA,P2,46.26,Non,Non
STD_2026_0424,ICMP,P2,39.67,Non,Non
STD_2026_0424,ESIIA,P3,43.78,Non,Non
STD_2026_0424,IGGLIA,P3,68.35,Sous condition,Non
STD_2026_0424,IMTICIA,P3,72.43,Sous condition,Oui
STD_2026_0424,ISAIA,P3,41.17,Non,Non
STD_2026_0424,TEE,P4,80.61,Oui,Non
STD_2026_0424,TEH,P4,76.53,Oui,Non
STD_2026_0424,CAA,P5,75.34,Oui,Non
STD_2026_0424,DTJA,P5,86.96,Oui,Non
STD_2026_0424,EMP,P5,71.63,Sous condition,Non
STD_2026_0424,FIC,P5,44.5,Non,Non
STD_2026_0425,AEE,P1,72.25,Sous condition,Non
STD_2026_0425,IAA,P1,51.82,Non,Non
STD_2026_0425,PIP,P1,45.15,Non,Non
STD_2026_0425,EMII,P2,37.78,Non,Non
STD_2026_0425,GCA,P2,41.84,Non,Non
STD_2026_0425,ICMP,P2,48.01,Non,Non
STD_2026_0425,ESIIA,P3,43.61,Non,Non
STD_2026_0425,IGGLIA,P3,76.86,Oui,Non
STD_2026_0425,IMTICIA,P3,72.22,Sous condition,Non
STD_2026_0425,ISAIA,P3,42.27,Non,Oui
STD_2026_0425,TEE,P4,77.5,Oui,Non
STD_2026_0425,TEH,P4,71.77,Sous condition,Non
STD_2026_0425,CAA,P5,78.05,Oui,Non
STD_2026_0425,DTJA,P5,71.29,Sous condition,Non
STD_2026_0425,EMP,P5,73.11,Sous condition,Non
STD_2026_0425,FIC,P5,49.27,Non,Non
STD_2026_0426,AEE,P1,54.05,Non,Non
STD_2026_0426,IAA,P1,53.0,Non,Non
STD_2026_0426,PIP,P1,49.64,Non,Non
STD_2026_0426,EMII,P2,40.86,Non,Non
STD_2026_0426,GCA,P2,47.08,Non,Non
STD_2026_0426,ICMP,P2,40.04,Non,Non
STD_2026_0426,ESIIA,P3,48.35,Non,Non
STD_2026_0426,IGGLIA,P3,52.59,Non,Non
STD_2026_0426,IMTICIA,P3,74.62,Sous condition,Non
STD_2026_0426,ISAIA,P3,54.45,Non,Non
STD_2026_0426,TEE,P4,83.0,Oui,Oui
STD_2026_0426,TEH,P4,80.63,Oui,Non
STD_2026_0426,CAA,P5,70.3,Sous condition,Non
STD_2026_0426,DTJA,P5,76.8,Oui,Non
STD_2026_0426,EMP,P5,58.44,Non,Non
STD_2026_0426,FIC,P5,55.11,Non,Non
STD_2026_0427,AEE,P1,78.33,Oui,Non
STD_2026_0427,IAA,P1,73.78,Sous condition,Non
STD_2026_0427,PIP,P1,73.05,Sous condition,Non
STD_2026_0427,EMII,P2,70.97,Sous condition,Non
STD_2026_0427,GCA,P2,73.14,Sous condition,Non
STD_2026_0427,ICMP,P2,74.4,Sous condition,Non
STD_2026_0427,ESIIA,P3,77.5,Oui,Non
STD_2026_0427,IGGLIA,P3,66.78,Sous condition,Non
STD_2026_0427,IMTICIA,P3,67.75,Sous condition,Non
STD_2026_0427,ISAIA,P3,70.0,Sous condition,Non
STD_2026_0427,TEE,P4,45.12,Non,Non
STD_2026_0427,TEH,P4,43.66,Non,Oui
STD_2026_0427,CAA,P5,65.52,Sous condition,Non
STD_2026_0427,DTJA,P5,37.57,Non,Non
STD_2026_0427,EMP,P5,70.6,Sous condition,Non
STD_2026_0427,FIC,P5,78.81,Oui,Non
STD_2026_0428,AEE,P1,81.62,Oui,Non
STD_2026_0428,IAA,P1,80.55,Oui,Non
STD_2026_0428,PIP,P1,74.32,Sous condition,Non
STD_2026_0428,EMII,P2,76.8,Oui,Non
STD_2026_0428,GCA,P2,81.59,Oui,Non
STD_2026_0428,ICMP,P2,82.48,Oui,Non
STD_2026_0428,ESIIA,P3,57.48,Non,Non
STD_2026_0428,IGGLIA,P3,75.63,Oui,Non
STD_2026_0428,IMTICIA,P3,74.45,Sous condition,Non
STD_2026_0428,ISAIA,P3,72.65,Sous condition,Non
STD_2026_0428,TEE,P4,68.71,Sous condition,Non
STD_2026_0428,TEH,P4,69.83,Sous condition,Non
STD_2026_0428,CAA,P5,71.6,Sous condition,Oui
STD_2026_0428,DTJA,P5,66.73,Sous condition,Non
STD_2026_0428,EMP,P5,76.13,Oui,Non
STD_2026_0428,FIC,P5,75.58,Oui,Non
STD_2026_0429,AEE,P1,86.09,Oui,Non
STD_2026_0429,IAA,P1,87.96,Oui,Non
STD_2026_0429,PIP,P1,88.95,Oui,Non
STD_2026_0429,EMII,P2,84.04,Oui,Non
STD_2026_0429,GCA,P2,89.06,Oui,Non
STD_2026_0429,ICMP,P2,91.39,Oui,Non
STD_2026_0429,ESIIA,P3,75.98,Oui,Non
STD_2026_0429,IGGLIA,P3,83.74,Oui,Non
STD_2026_0429,IMTICIA,P3,88.2,Oui,Non
STD_2026_0429,ISAIA,P3,77.26,Oui,Non
STD_2026_0429,TEE,P4,83.93,Oui,Non
STD_2026_0429,TEH,P4,59.57,Non,Non
STD_2026_0429,CAA,P5,86.5,Oui,Non
STD_2026_0429,DTJA,P5,50.57,Non,Oui
STD_2026_0429,EMP,P5,87.18,Oui,Non
STD_2026_0429,FIC,P5,86.34,Oui,Non
STD_2026_0430,AEE,P1,48.3,Non,Non
STD_2026_0430,IAA,P1,49.98,Non,Non
STD_2026_0430,PIP,P1,51.81,Non,Non
STD_2026_0430,EMII,P2,54.17,Non,Non
STD_2026_0430,GCA,P2,55.79,Non,Non
STD_2026_0430,ICMP,P2,50.4,Non,Non
STD_2026_0430,ESIIA,P3,52.49,Non,Non
STD_2026_0430,IGGLIA,P3,75.4,Oui,Non
STD_2026_0430,IMTICIA,P3,75.48,Oui,Non
STD_2026_0430,ISAIA,P3,73.87,Sous condition,Non
STD_2026_0430,TEE,P4,76.6,Oui,Non
STD_2026_0430,TEH,P4,78.62,Oui,Non
STD_2026_0430,CAA,P5,80.06,Oui,Non
STD_2026_0430,DTJA,P5,69.35,Sous condition,Non
STD_2026_0430,EMP,P5,78.37,Oui,Oui
STD_2026_0430,FIC,P5,83.82,Oui,Non
STD_2026_0431,AEE,P1,50.64,Non,Non
STD_2026_0431,IAA,P1,80.02,Oui,Non
STD_2026_0431,PIP,P1,48.03,Non,Non
STD_2026_0431,EMII,P2,87.39,Oui,Non
STD_2026_0431,GCA,P2,77.65,Oui,Non
STD_2026_0431,ICMP,P2,91.18,Oui,Non
STD_2026_0431,ESIIA,P3,81.76,Oui,Non
STD_2026_0431,IGGLIA,P3,75.52,Oui,Non
STD_2026_0431,IMTICIA,P3,75.23,Oui,Non
STD_2026_0431,ISAIA,P3,56.64,Non,Non
STD_2026_0431,TEE,P4,48.07,Non,Non
STD_2026_0431,TEH,P4,47.89,Non,Non
STD_2026_0431,CAA,P5,58.23,Non,Non
STD_2026_0431,DTJA,P5,46.05,Non,Non
STD_2026_0431,EMP,P5,46.26,Non,Non
STD_2026_0431,FIC,P5,54.54,Non,Oui
STD_2026_0432,AEE,P1,72.21,Sous condition,Oui
STD_2026_0432,IAA,P1,50.57,Non,Non
STD_2026_0432,PIP,P1,47.54,Non,Non
STD_2026_0432,EMII,P2,50.69,Non,Non
STD_2026_0432,GCA,P2,48.28,Non,Non
STD_2026_0432,ICMP,P2,54.91,Non,Non
STD_2026_0432,ESIIA,P3,53.93,Non,Non
STD_2026_0432,IGGLIA,P3,80.75,Oui,Non
STD_2026_0432,IMTICIA,P3,82.72,Oui,Non
STD_2026_0432,ISAIA,P3,52.8,Non,Non
STD_2026_0432,TEE,P4,82.95,Oui,Non
STD_2026_0432,TEH,P4,79.72,Oui,Non
STD_2026_0432,CAA,P5,73.34,Sous condition,Non
STD_2026_0432,DTJA,P5,77.87,Oui,Non
STD_2026_0432,EMP,P5,78.17,Oui,Non
STD_2026_0432,FIC,P5,56.19,Non,Non
STD_2026_0433,AEE,P1,72.19,Sous condition,Non
STD_2026_0433,IAA,P1,42.46,Non,Oui
STD_2026_0433,PIP,P1,44.8,Non,Non
STD_2026_0433,EMII,P2,55.52,Non,Non
STD_2026_0433,GCA,P2,51.33,Non,Non
STD_2026_0433,ICMP,P2,39.1,Non,Non
STD_2026_0433,ESIIA,P3,53.38,Non,Non
STD_2026_0433,IGGLIA,P3,73.63,Sous condition,Non
STD_2026_0433,IMTICIA,P3,81.04,Oui,Non
STD_2026_0433,ISAIA,P3,51.0,Non,Non
STD_2026_0433,TEE,P4,75.58,Oui,Non
STD_2026_0433,TEH,P4,77.4,Oui,Non
STD_2026_0433,CAA,P5,81.88,Oui,Non
STD_2026_0433,DTJA,P5,82.71,Oui,Non
STD_2026_0433,EMP,P5,76.52,Oui,Non
STD_2026_0433,FIC,P5,50.37,Non,Non
STD_2026_0434,AEE,P1,69.75,Sous condition,Non
STD_2026_0434,IAA,P1,51.65,Non,Non
STD_2026_0434,PIP,P1,52.37,Non,Oui
STD_2026_0434,EMII,P2,48.06,Non,Non
STD_2026_0434,GCA,P2,43.25,Non,Non
STD_2026_0434,ICMP,P2,43.47,Non,Non
STD_2026_0434,ESIIA,P3,50.24,Non,Non
STD_2026_0434,IGGLIA,P3,77.18,Oui,Non
STD_2026_0434,IMTICIA,P3,75.58,Oui,Non
STD_2026_0434,ISAIA,P3,51.15,Non,Non
STD_2026_0434,TEE,P4,75.26,Oui,Non
STD_2026_0434,TEH,P4,79.71,Oui,Non
STD_2026_0434,CAA,P5,78.85,Oui,Non
STD_2026_0434,DTJA,P5,82.56,Oui,Non
STD_2026_0434,EMP,P5,77.29,Oui,Non
STD_2026_0434,FIC,P5,51.78,Non,Non
STD_2026_0435,AEE,P1,45.87,Non,Non
STD_2026_0435,IAA,P1,45.67,Non,Non
STD_2026_0435,PIP,P1,47.99,Non,Non
STD_2026_0435,EMII,P2,49.08,Non,Oui
STD_2026_0435,GCA,P2,40.05,Non,Non
STD_2026_0435,ICMP,P2,44.46,Non,Non
STD_2026_0435,ESIIA,P3,49.25,Non,Non
STD_2026_0435,IGGLIA,P3,51.31,Non,Non
STD_2026_0435,IMTICIA,P3,72.21,Sous condition,Non
STD_2026_0435,ISAIA,P3,46.58,Non,Non
STD_2026_0435,TEE,P4,66.51,Sous condition,Non
STD_2026_0435,TEH,P4,73.7,Sous condition,Non
STD_2026_0435,CAA,P5,65.49,Sous condition,Non
STD_2026_0435,DTJA,P5,73.51,Sous condition,Non
STD_2026_0435,EMP,P5,53.99,Non,Non
STD_2026_0435,FIC,P5,38.88,Non,Non
STD_2026_0436,AEE,P1,80.41,Oui,Non
STD_2026_0436,IAA,P1,74.57,Sous condition,Non
STD_2026_0436,PIP,P1,78.74,Oui,Non
STD_2026_0436,EMII,P2,80.92,Oui,Non
STD_2026_0436,GCA,P2,79.77,Oui,Oui
STD_2026_0436,ICMP,P2,82.76,Oui,Non
STD_2026_0436,ESIIA,P3,82.19,Oui,Non
STD_2026_0436,IGGLIA,P3,78.16,Oui,Non
STD_2026_0436,IMTICIA,P3,79.84,Oui,Non
STD_2026_0436,ISAIA,P3,76.03,Oui,Non
STD_2026_0436,TEE,P4,57.57,Non,Non
STD_2026_0436,TEH,P4,50.69,Non,Non
STD_2026_0436,CAA,P5,81.09,Oui,Non
STD_2026_0436,DTJA,P5,50.46,Non,Non
STD_2026_0436,EMP,P5,84.77,Oui,Non
STD_2026_0436,FIC,P5,78.23,Oui,Non
STD_2026_0437,AEE,P1,79.38,Oui,Non
STD_2026_0437,IAA,P1,79.93,Oui,Non
STD_2026_0437,PIP,P1,80.86,Oui,Non
STD_2026_0437,EMII,P2,77.04,Oui,Non
STD_2026_0437,GCA,P2,80.04,Oui,Non
STD_2026_0437,ICMP,P2,84.84,Oui,Oui
STD_2026_0437,ESIIA,P3,54.44,Non,Non
STD_2026_0437,IGGLIA,P3,70.29,Sous condition,Non
STD_2026_0437,IMTICIA,P3,73.62,Sous condition,Non
STD_2026_0437,ISAIA,P3,72.18,Sous condition,Non
STD_2026_0437,TEE,P4,81.06,Oui,Non
STD_2026_0437,TEH,P4,74.63,Sous condition,Non
STD_2026_0437,CAA,P5,70.01,Sous condition,Non
STD_2026_0437,DTJA,P5,81.53,Oui,Non
STD_2026_0437,EMP,P5,69.22,Sous condition,Non
STD_2026_0437,FIC,P5,71.19,Sous condition,Non
STD_2026_0438,AEE,P1,83.7,Oui,Non
STD_2026_0438,IAA,P1,81.02,Oui,Non
STD_2026_0438,PIP,P1,84.26,Oui,Non
STD_2026_0438,EMII,P2,80.63,Oui,Non
STD_2026_0438,GCA,P2,78.95,Oui,Non
STD_2026_0438,ICMP,P2,89.08,Oui,Non
STD_2026_0438,ESIIA,P3,84.78,Oui,Oui
STD_2026_0438,IGGLIA,P3,80.48,Oui,Non
STD_2026_0438,IMTICIA,P3,83.57,Oui,Non
STD_2026_0438,ISAIA,P3,78.07,Oui,Non
STD_2026_0438,TEE,P4,80.38,Oui,Non
STD_2026_0438,TEH,P4,52.99,Non,Non
STD_2026_0438,CAA,P5,78.86,Oui,Non
STD_2026_0438,DTJA,P5,57.08,Non,Non
STD_2026_0438,EMP,P5,77.42,Oui,Non
STD_2026_0438,FIC,P5,76.08,Oui,Non
STD_2026_0439,AEE,P1,51.43,Non,Non
STD_2026_0439,IAA,P1,48.65,Non,Non
STD_2026_0439,PIP,P1,47.82,Non,Non
STD_2026_0439,EMII,P2,55.77,Non,Non
STD_2026_0439,GCA,P2,53.0,Non,Non
STD_2026_0439,ICMP,P2,45.05,Non,Non
STD_2026_0439,ESIIA,P3,50.38,Non,Non
STD_2026_0439,IGGLIA,P3,79.21,Oui,Oui
STD_2026_0439,IMTICIA,P3,74.38,Sous condition,Non
STD_2026_0439,ISAIA,P3,79.67,Oui,Non
STD_2026_0439,TEE,P4,77.36,Oui,Non
STD_2026_0439,TEH,P4,81.35,Oui,Non
STD_2026_0439,CAA,P5,76.49,Oui,Non
STD_2026_0439,DTJA,P5,65.8,Sous condition,Non
STD_2026_0439,EMP,P5,83.13,Oui,Non
STD_2026_0439,FIC,P5,81.58,Oui,Non
STD_2026_0440,AEE,P1,54.83,Non,Non
STD_2026_0440,IAA,P1,82.46,Oui,Non
STD_2026_0440,PIP,P1,54.65,Non,Non
STD_2026_0440,EMII,P2,88.65,Oui,Non
STD_2026_0440,GCA,P2,84.09,Oui,Non
STD_2026_0440,ICMP,P2,97.26,Oui,Non
STD_2026_0440,ESIIA,P3,85.66,Oui,Non
STD_2026_0440,IGGLIA,P3,86.59,Oui,Non
STD_2026_0440,IMTICIA,P3,82.23,Oui,Oui
STD_2026_0440,ISAIA,P3,57.05,Non,Non
STD_2026_0440,TEE,P4,47.34,Non,Non
STD_2026_0440,TEH,P4,47.55,Non,Non
STD_2026_0440,CAA,P5,63.8,Non,Non
STD_2026_0440,DTJA,P5,55.32,Non,Non
STD_2026_0440,EMP,P5,56.46,Non,Non
STD_2026_0440,FIC,P5,58.39,Non,Non
STD_2026_0441,AEE,P1,73.73,Sous condition,Non
STD_2026_0441,IAA,P1,47.94,Non,Non
STD_2026_0441,PIP,P1,51.74,Non,Non
STD_2026_0441,EMII,P2,47.19,Non,Non
STD_2026_0441,GCA,P2,52.25,Non,Non
STD_2026_0441,ICMP,P2,58.52,Non,Non
STD_2026_0441,ESIIA,P3,48.98,Non,Non
STD_2026_0441,IGGLIA,P3,72.27,Sous condition,Non
STD_2026_0441,IMTICIA,P3,74.6,Sous condition,Non
STD_2026_0441,ISAIA,P3,49.76,Non,Oui
STD_2026_0441,TEE,P4,76.68,Oui,Non
STD_2026_0441,TEH,P4,74.53,Sous condition,Non
STD_2026_0441,CAA,P5,72.24,Sous condition,Non
STD_2026_0441,DTJA,P5,77.85,Oui,Non
STD_2026_0441,EMP,P5,74.71,Sous condition,Non
STD_2026_0441,FIC,P5,56.33,Non,Non
STD_2026_0442,AEE,P1,73.14,Sous condition,Non
STD_2026_0442,IAA,P1,49.34,Non,Non
STD_2026_0442,PIP,P1,50.72,Non,Non
STD_2026_0442,EMII,P2,46.75,Non,Non
STD_2026_0442,GCA,P2,49.26,Non,Non
STD_2026_0442,ICMP,P2,34.82,Non,Non
STD_2026_0442,ESIIA,P3,50.91,Non,Non
STD_2026_0442,IGGLIA,P3,76.96,Oui,Non
STD_2026_0442,IMTICIA,P3,79.61,Oui,Non
STD_2026_0442,ISAIA,P3,55.41,Non,Non
STD_2026_0442,TEE,P4,79.76,Oui,Oui
STD_2026_0442,TEH,P4,78.93,Oui,Non
STD_2026_0442,CAA,P5,83.01,Oui,Non
STD_2026_0442,DTJA,P5,81.39,Oui,Non
STD_2026_0442,EMP,P5,80.32,Oui,Non
STD_2026_0442,FIC,P5,56.4,Non,Non
STD_2026_0443,AEE,P1,71.83,Sous condition,Non
STD_2026_0443,IAA,P1,47.53,Non,Non
STD_2026_0443,PIP,P1,47.14,Non,Non
STD_2026_0443,EMII,P2,44.46,Non,Non
STD_2026_0443,GCA,P2,54.16,Non,Non
STD_2026_0443,ICMP,P2,47.23,Non,Non
STD_2026_0443,ESIIA,P3,44.48,Non,Non
STD_2026_0443,IGGLIA,P3,73.18,Sous condition,Non
STD_2026_0443,IMTICIA,P3,69.71,Sous condition,Non
STD_2026_0443,ISAIA,P3,48.35,Non,Non
STD_2026_0443,TEE,P4,79.12,Oui,Non
STD_2026_0443,TEH,P4,84.44,Oui,Oui
STD_2026_0443,CAA,P5,74.22,Sous condition,Non
STD_2026_0443,DTJA,P5,81.5,Oui,Non
STD_2026_0443,EMP,P5,71.02,Sous condition,Non
STD_2026_0443,FIC,P5,54.13,Non,Non
STD_2026_0444,AEE,P1,56.67,Non,Non
STD_2026_0444,IAA,P1,58.68,Non,Non
STD_2026_0444,PIP,P1,64.99,Non,Non
STD_2026_0444,EMII,P2,47.77,Non,Non
STD_2026_0444,GCA,P2,53.05,Non,Non
STD_2026_0444,ICMP,P2,55.21,Non,Non
STD_2026_0444,ESIIA,P3,51.39,Non,Non
STD_2026_0444,IGGLIA,P3,52.18,Non,Non
STD_2026_0444,IMTICIA,P3,83.57,Oui,Non
STD_2026_0444,ISAIA,P3,56.71,Non,Non
STD_2026_0444,TEE,P4,88.23,Oui,Non
STD_2026_0444,TEH,P4,78.51,Oui,Non
STD_2026_0444,CAA,P5,80.15,Oui,Oui
STD_2026_0444,DTJA,P5,79.92,Oui,Non
STD_2026_0444,EMP,P5,60.24,Non,Non
STD_2026_0444,FIC,P5,66.69,Non,Non
STD_2026_0445,AEE,P1,76.97,Oui,Non
STD_2026_0445,IAA,P1,80.04,Oui,Non
STD_2026_0445,PIP,P1,82.25,Oui,Non
STD_2026_0445,EMII,P2,77.51,Oui,Non
STD_2026_0445,GCA,P2,78.0,Oui,Non
STD_2026_0445,ICMP,P2,86.39,Oui,Non
STD_2026_0445,ESIIA,P3,74.09,Sous condition,Non
STD_2026_0445,IGGLIA,P3,76.89,Oui,Non
STD_2026_0445,IMTICIA,P3,71.68,Sous condition,Non
STD_2026_0445,ISAIA,P3,72.48,Sous condition,Non
STD_2026_0445,TEE,P4,53.27,Non,Non
STD_2026_0445,TEH,P4,43.97,Non,Non
STD_2026_0445,CAA,P5,78.19,Oui,Non
STD_2026_0445,DTJA,P5,44.82,Non,Oui
STD_2026_0445,EMP,P5,67.4,Sous condition,Non
STD_2026_0445,FIC,P5,73.49,Sous condition,Non
STD_2026_0446,AEE,P1,86.03,Oui,Non
STD_2026_0446,IAA,P1,88.09,Oui,Non
STD_2026_0446,PIP,P1,84.81,Oui,Non
STD_2026_0446,EMII,P2,89.96,Oui,Non
STD_2026_0446,GCA,P2,78.89,Oui,Non
STD_2026_0446,ICMP,P2,88.42,Oui,Non
STD_2026_0446,ESIIA,P3,62.56,Non,Non
STD_2026_0446,IGGLIA,P3,78.3,Oui,Non
STD_2026_0446,IMTICIA,P3,76.41,Oui,Non
STD_2026_0446,ISAIA,P3,78.52,Oui,Non
STD_2026_0446,TEE,P4,71.22,Sous condition,Non
STD_2026_0446,TEH,P4,67.05,Sous condition,Non
STD_2026_0446,CAA,P5,82.21,Oui,Non
STD_2026_0446,DTJA,P5,72.39,Sous condition,Non
STD_2026_0446,EMP,P5,78.19,Oui,Oui
STD_2026_0446,FIC,P5,85.02,Oui,Non
STD_2026_0447,AEE,P1,88.46,Oui,Non
STD_2026_0447,IAA,P1,85.76,Oui,Non
STD_2026_0447,PIP,P1,88.38,Oui,Non
STD_2026_0447,EMII,P2,84.39,Oui,Non
STD_2026_0447,GCA,P2,78.13,Oui,Non
STD_2026_0447,ICMP,P2,85.53,Oui,Non
STD_2026_0447,ESIIA,P3,83.1,Oui,Non
STD_2026_0447,IGGLIA,P3,83.37,Oui,Non
STD_2026_0447,IMTICIA,P3,88.48,Oui,Non
STD_2026_0447,ISAIA,P3,83.54,Oui,Non
STD_2026_0447,TEE,P4,75.19,Oui,Non
STD_2026_0447,TEH,P4,53.33,Non,Non
STD_2026_0447,CAA,P5,81.48,Oui,Non
STD_2026_0447,DTJA,P5,50.63,Non,Non
STD_2026_0447,EMP,P5,83.93,Oui,Non
STD_2026_0447,FIC,P5,88.19,Oui,Oui
STD_2026_0448,AEE,P1,56.13,Non,Oui
STD_2026_0448,IAA,P1,53.25,Non,Non
STD_2026_0448,PIP,P1,49.47,Non,Non
STD_2026_0448,EMII,P2,51.93,Non,Non
STD_2026_0448,GCA,P2,54.43,Non,Non
STD_2026_0448,ICMP,P2,45.86,Non,Non
STD_2026_0448,ESIIA,P3,55.24,Non,Non
STD_2026_0448,IGGLIA,P3,77.4,Oui,Non
STD_2026_0448,IMTICIA,P3,76.52,Oui,Non
STD_2026_0448,ISAIA,P3,73.55,Sous condition,Non
STD_2026_0448,TEE,P4,75.88,Oui,Non
STD_2026_0448,TEH,P4,84.34,Oui,Non
STD_2026_0448,CAA,P5,73.68,Sous condition,Non
STD_2026_0448,DTJA,P5,76.25,Oui,Non
STD_2026_0448,EMP,P5,77.59,Oui,Non
STD_2026_0448,FIC,P5,78.46,Oui,Non
STD_2026_0449,AEE,P1,54.83,Non,Non
STD_2026_0449,IAA,P1,78.76,Oui,Oui
STD_2026_0449,PIP,P1,48.07,Non,Non
STD_2026_0449,EMII,P2,82.39,Oui,Non
STD_2026_0449,GCA,P2,86.06,Oui,Non
STD_2026_0449,ICMP,P2,91.34,Oui,Non
STD_2026_0449,ESIIA,P3,79.52,Oui,Non
STD_2026_0449,IGGLIA,P3,73.66,Sous condition,Non
STD_2026_0449,IMTICIA,P3,78.88,Oui,Non
STD_2026_0449,ISAIA,P3,50.62,Non,Non
STD_2026_0449,TEE,P4,41.44,Non,Non
STD_2026_0449,TEH,P4,46.82,Non,Non
STD_2026_0449,CAA,P5,50.52,Non,Non
STD_2026_0449,DTJA,P5,47.07,Non,Non
STD_2026_0449,EMP,P5,54.22,Non,Non
STD_2026_0449,FIC,P5,53.31,Non,Non
STD_2026_0450,AEE,P1,69.87,Sous condition,Non
STD_2026_0450,IAA,P1,51.53,Non,Non
STD_2026_0450,PIP,P1,49.12,Non,Oui
STD_2026_0450,EMII,P2,41.44,Non,Non
STD_2026_0450,GCA,P2,49.69,Non,Non
STD_2026_0450,ICMP,P2,39.95,Non,Non
STD_2026_0450,ESIIA,P3,46.32,Non,Non
STD_2026_0450,IGGLIA,P3,78.02,Oui,Non
STD_2026_0450,IMTICIA,P3,79.67,Oui,Non
STD_2026_0450,ISAIA,P3,53.41,Non,Non
STD_2026_0450,TEE,P4,80.88,Oui,Non
STD_2026_0450,TEH,P4,82.92,Oui,Non
STD_2026_0450,CAA,P5,79.68,Oui,Non
STD_2026_0450,DTJA,P5,84.26,Oui,Non
STD_2026_0450,EMP,P5,80.18,Oui,Non
STD_2026_0450,FIC,P5,57.78,Non,Non
STD_2026_0451,AEE,P1,72.45,Sous condition,Non
STD_2026_0451,IAA,P1,48.6,Non,Non
STD_2026_0451,PIP,P1,46.47,Non,Non
STD_2026_0451,EMII,P2,32.05,Non,Oui
STD_2026_0451,GCA,P2,37.18,Non,Non
STD_2026_0451,ICMP,P2,39.2,Non,Non
STD_2026_0451,ESIIA,P3,40.31,Non,Non
STD_2026_0451,IGGLIA,P3,71.48,Sous condition,Non
STD_2026_0451,IMTICIA,P3,68.49,Sous condition,Non
STD_2026_0451,ISAIA,P3,47.31,Non,Non
STD_2026_0451,TEE,P4,74.11,Sous condition,Non
STD_2026_0451,TEH,P4,76.77,Oui,Non
STD_2026_0451,CAA,P5,71.47,Sous condition,Non
STD_2026_0451,DTJA,P5,77.41,Oui,Non
STD_2026_0451,EMP,P5,72.6,Sous condition,Non
STD_2026_0451,FIC,P5,44.28,Non,Non
STD_2026_0452,AEE,P1,74.64,Sous condition,Non
STD_2026_0452,IAA,P1,48.71,Non,Non
STD_2026_0452,PIP,P1,45.74,Non,Non
STD_2026_0452,EMII,P2,38.43,Non,Non
STD_2026_0452,GCA,P2,45.57,Non,Oui
STD_2026_0452,ICMP,P2,44.83,Non,Non
STD_2026_0452,ESIIA,P3,46.75,Non,Non
STD_2026_0452,IGGLIA,P3,67.05,Sous condition,Non
STD_2026_0452,IMTICIA,P3,70.97,Sous condition,Non
STD_2026_0452,ISAIA,P3,49.95,Non,Non
STD_2026_0452,TEE,P4,75.51,Oui,Non
STD_2026_0452,TEH,P4,81.19,Oui,Non
STD_2026_0452,CAA,P5,73.64,Sous condition,Non
STD_2026_0452,DTJA,P5,77.37,Oui,Non
STD_2026_0452,EMP,P5,69.95,Sous condition,Non
STD_2026_0452,FIC,P5,46.31,Non,Non
STD_2026_0453,AEE,P1,51.57,Non,Non
STD_2026_0453,IAA,P1,43.56,Non,Non
STD_2026_0453,PIP,P1,48.49,Non,Non
STD_2026_0453,EMII,P2,50.09,Non,Non
STD_2026_0453,GCA,P2,53.83,Non,Non
STD_2026_0453,ICMP,P2,42.07,Non,Oui
STD_2026_0453,ESIIA,P3,39.84,Non,Non
STD_2026_0453,IGGLIA,P3,48.82,Non,Non
STD_2026_0453,IMTICIA,P3,75.81,Oui,Non
STD_2026_0453,ISAIA,P3,52.71,Non,Non
STD_2026_0453,TEE,P4,83.71,Oui,Non
STD_2026_0453,TEH,P4,84.77,Oui,Non
STD_2026_0453,CAA,P5,74.42,Sous condition,Non
STD_2026_0453,DTJA,P5,80.76,Oui,Non
STD_2026_0453,EMP,P5,49.58,Non,Non
STD_2026_0453,FIC,P5,48.08,Non,Non
STD_2026_0454,AEE,P1,75.59,Oui,Non
STD_2026_0454,IAA,P1,74.78,Sous condition,Non
STD_2026_0454,PIP,P1,76.67,Oui,Non
STD_2026_0454,EMII,P2,78.34,Oui,Non
STD_2026_0454,GCA,P2,79.75,Oui,Non
STD_2026_0454,ICMP,P2,79.57,Oui,Non
STD_2026_0454,ESIIA,P3,77.25,Oui,Oui
STD_2026_0454,IGGLIA,P3,72.13,Sous condition,Non
STD_2026_0454,IMTICIA,P3,73.27,Sous condition,Non
STD_2026_0454,ISAIA,P3,72.92,Sous condition,Non
STD_2026_0454,TEE,P4,52.48,Non,Non
STD_2026_0454,TEH,P4,49.82,Non,Non
STD_2026_0454,CAA,P5,70.0,Sous condition,Non
STD_2026_0454,DTJA,P5,39.29,Non,Non
STD_2026_0454,EMP,P5,68.69,Sous condition,Non
STD_2026_0454,FIC,P5,82.05,Oui,Non
STD_2026_0455,AEE,P1,82.43,Oui,Non
STD_2026_0455,IAA,P1,87.11,Oui,Non
STD_2026_0455,PIP,P1,85.28,Oui,Non
STD_2026_0455,EMII,P2,93.88,Oui,Non
STD_2026_0455,GCA,P2,78.25,Oui,Non
STD_2026_0455,ICMP,P2,85.98,Oui,Non
STD_2026_0455,ESIIA,P3,61.16,Non,Non
STD_2026_0455,IGGLIA,P3,77.04,Oui,Oui
STD_2026_0455,IMTICIA,P3,74.47,Sous condition,Non
STD_2026_0455,ISAIA,P3,75.42,Oui,Non
STD_2026_0455,TEE,P4,68.79,Sous condition,Non
STD_2026_0455,TEH,P4,73.98,Sous condition,Non
STD_2026_0455,CAA,P5,75.6,Oui,Non
STD_2026_0455,DTJA,P5,73.44,Sous condition,Non
STD_2026_0455,EMP,P5,79.59,Oui,Non
STD_2026_0455,FIC,P5,85.91,Oui,Non
STD_2026_0456,AEE,P1,90.61,Oui,Non
STD_2026_0456,IAA,P1,89.32,Oui,Non
STD_2026_0456,PIP,P1,91.6,Oui,Non
STD_2026_0456,EMII,P2,90.72,Oui,Non
STD_2026_0456,GCA,P2,88.97,Oui,Non
STD_2026_0456,ICMP,P2,87.94,Oui,Non
STD_2026_0456,ESIIA,P3,91.33,Oui,Non
STD_2026_0456,IGGLIA,P3,91.35,Oui,Non
STD_2026_0456,IMTICIA,P3,89.75,Oui,Oui
STD_2026_0456,ISAIA,P3,88.16,Oui,Non
STD_2026_0456,TEE,P4,75.61,Oui,Non
STD_2026_0456,TEH,P4,56.54,Non,Non
STD_2026_0456,CAA,P5,88.61,Oui,Non
STD_2026_0456,DTJA,P5,52.71,Non,Non
STD_2026_0456,EMP,P5,88.91,Oui,Non
STD_2026_0456,FIC,P5,91.57,Oui,Non
STD_2026_0457,AEE,P1,45.96,Non,Non
STD_2026_0457,IAA,P1,42.12,Non,Non
STD_2026_0457,PIP,P1,44.62,Non,Non
STD_2026_0457,EMII,P2,48.12,Non,Non
STD_2026_0457,GCA,P2,61.62,Non,Non
STD_2026_0457,ICMP,P2,56.18,Non,Non
STD_2026_0457,ESIIA,P3,48.5,Non,Non
STD_2026_0457,IGGLIA,P3,71.37,Sous condition,Non
STD_2026_0457,IMTICIA,P3,72.78,Sous condition,Non
STD_2026_0457,ISAIA,P3,66.32,Sous condition,Oui
STD_2026_0457,TEE,P4,66.27,Sous condition,Non
STD_2026_0457,TEH,P4,72.9,Sous condition,Non
STD_2026_0457,CAA,P5,77.1,Oui,Non
STD_2026_0457,DTJA,P5,73.66,Sous condition,Non
STD_2026_0457,EMP,P5,78.97,Oui,Non
STD_2026_0457,FIC,P5,80.97,Oui,Non
STD_2026_0458,AEE,P1,49.98,Non,Non
STD_2026_0458,IAA,P1,76.2,Oui,Non
STD_2026_0458,PIP,P1,50.04,Non,Non
STD_2026_0458,EMII,P2,88.65,Oui,Non
STD_2026_0458,GCA,P2,92.9,Oui,Non
STD_2026_0458,ICMP,P2,96.86,Oui,Non
STD_2026_0458,ESIIA,P3,84.17,Oui,Non
STD_2026_0458,IGGLIA,P3,74.52,Sous condition,Non
STD_2026_0458,IMTICIA,P3,78.74,Oui,Non
STD_2026_0458,ISAIA,P3,49.84,Non,Non
STD_2026_0458,TEE,P4,43.84,Non,Oui
STD_2026_0458,TEH,P4,43.89,Non,Non
STD_2026_0458,CAA,P5,59.06,Non,Non
STD_2026_0458,DTJA,P5,42.62,Non,Non
STD_2026_0458,EMP,P5,52.02,Non,Non
STD_2026_0458,FIC,P5,50.74,Non,Non
STD_2026_0459,AEE,P1,60.01,Sous condition,Non
STD_2026_0459,IAA,P1,43.09,Non,Non
STD_2026_0459,PIP,P1,34.7,Non,Non
STD_2026_0459,EMII,P2,32.24,Non,Non
STD_2026_0459,GCA,P2,55.13,Non,Non
STD_2026_0459,ICMP,P2,39.71,Non,Non
STD_2026_0459,ESIIA,P3,35.15,Non,Non
STD_2026_0459,IGGLIA,P3,62.7,Sous condition,Non
STD_2026_0459,IMTICIA,P3,65.19,Sous condition,Non
STD_2026_0459,ISAIA,P3,44.76,Non,Non
STD_2026_0459,TEE,P4,72.34,Sous condition,Non
STD_2026_0459,TEH,P4,70.94,Sous condition,Oui
STD_2026_0459,CAA,P5,64.99,Sous condition,Non
STD_2026_0459,DTJA,P5,68.87,Sous condition,Non
STD_2026_0459,EMP,P5,63.99,Sous condition,Non
STD_2026_0459,FIC,P5,50.08,Non,Non
STD_2026_0460,AEE,P1,80.26,Oui,Non
STD_2026_0460,IAA,P1,51.56,Non,Non
STD_2026_0460,PIP,P1,53.97,Non,Non
STD_2026_0460,EMII,P2,42.22,Non,Non
STD_2026_0460,GCA,P2,47.39,Non,Non
STD_2026_0460,ICMP,P2,44.59,Non,Non
STD_2026_0460,ESIIA,P3,43.96,Non,Non
STD_2026_0460,IGGLIA,P3,79.86,Oui,Non
STD_2026_0460,IMTICIA,P3,77.08,Oui,Non
STD_2026_0460,ISAIA,P3,54.13,Non,Non
STD_2026_0460,TEE,P4,79.77,Oui,Non
STD_2026_0460,TEH,P4,82.39,Oui,Non
STD_2026_0460,CAA,P5,73.99,Sous condition,Oui
STD_2026_0460,DTJA,P5,80.07,Oui,Non
STD_2026_0460,EMP,P5,83.36,Oui,Non
STD_2026_0460,FIC,P5,56.76,Non,Non
STD_2026_0461,AEE,P1,69.86,Sous condition,Non
STD_2026_0461,IAA,P1,54.83,Non,Non
STD_2026_0461,PIP,P1,50.39,Non,Non
STD_2026_0461,EMII,P2,57.92,Non,Non
STD_2026_0461,GCA,P2,55.06,Non,Non
STD_2026_0461,ICMP,P2,41.31,Non,Non
STD_2026_0461,ESIIA,P3,54.9,Non,Non
STD_2026_0461,IGGLIA,P3,83.82,Oui,Non
STD_2026_0461,IMTICIA,P3,80.14,Oui,Non
STD_2026_0461,ISAIA,P3,61.91,Non,Non
STD_2026_0461,TEE,P4,83.01,Oui,Non
STD_2026_0461,TEH,P4,87.53,Oui,Non
STD_2026_0461,CAA,P5,81.07,Oui,Non
STD_2026_0461,DTJA,P5,81.15,Oui,Oui
STD_2026_0461,EMP,P5,86.12,Oui,Non
STD_2026_0461,FIC,P5,56.57,Non,Non
STD_2026_0462,AEE,P1,55.15,Non,Non
STD_2026_0462,IAA,P1,56.62,Non,Non
STD_2026_0462,PIP,P1,57.69,Non,Non
STD_2026_0462,EMII,P2,48.08,Non,Non
STD_2026_0462,GCA,P2,50.65,Non,Non
STD_2026_0462,ICMP,P2,49.34,Non,Non
STD_2026_0462,ESIIA,P3,50.49,Non,Non
STD_2026_0462,IGGLIA,P3,56.79,Non,Non
STD_2026_0462,IMTICIA,P3,80.21,Oui,Non
STD_2026_0462,ISAIA,P3,59.86,Non,Non
STD_2026_0462,TEE,P4,82.22,Oui,Non
STD_2026_0462,TEH,P4,86.83,Oui,Non
STD_2026_0462,CAA,P5,82.56,Oui,Non
STD_2026_0462,DTJA,P5,87.25,Oui,Non
STD_2026_0462,EMP,P5,60.93,Non,Oui
STD_2026_0462,FIC,P5,66.88,Non,Non
STD_2026_0463,AEE,P1,81.26,Oui,Non
STD_2026_0463,IAA,P1,84.93,Oui,Non
STD_2026_0463,PIP,P1,78.55,Oui,Non
STD_2026_0463,EMII,P2,85.14,Oui,Non
STD_2026_0463,GCA,P2,82.37,Oui,Non
STD_2026_0463,ICMP,P2,86.91,Oui,Non
STD_2026_0463,ESIIA,P3,81.33,Oui,Non
STD_2026_0463,IGGLIA,P3,85.33,Oui,Non
STD_2026_0463,IMTICIA,P3,77.64,Oui,Non
STD_2026_0463,ISAIA,P3,84.7,Oui,Non
STD_2026_0463,TEE,P4,54.43,Non,Non
STD_2026_0463,TEH,P4,59.2,Non,Non
STD_2026_0463,CAA,P5,86.34,Oui,Non
STD_2026_0463,DTJA,P5,54.85,Non,Non
STD_2026_0463,EMP,P5,82.53,Oui,Non
STD_2026_0463,FIC,P5,79.91,Oui,Oui
STD_2026_0464,AEE,P1,79.85,Oui,Oui
STD_2026_0464,IAA,P1,80.0,Oui,Non
STD_2026_0464,PIP,P1,81.98,Oui,Non
STD_2026_0464,EMII,P2,83.97,Oui,Non
STD_2026_0464,GCA,P2,86.52,Oui,Non
STD_2026_0464,ICMP,P2,88.13,Oui,Non
STD_2026_0464,ESIIA,P3,59.58,Non,Non
STD_2026_0464,IGGLIA,P3,80.5,Oui,Non
STD_2026_0464,IMTICIA,P3,76.39,Oui,Non
STD_2026_0464,ISAIA,P3,80.57,Oui,Non
STD_2026_0464,TEE,P4,77.93,Oui,Non
STD_2026_0464,TEH,P4,72.58,Sous condition,Non
STD_2026_0464,CAA,P5,76.68,Oui,Non
STD_2026_0464,DTJA,P5,77.35,Oui,Non
STD_2026_0464,EMP,P5,78.87,Oui,Non
STD_2026_0464,FIC,P5,77.34,Oui,Non
STD_2026_0465,AEE,P1,76.95,Oui,Non
STD_2026_0465,IAA,P1,80.52,Oui,Oui
STD_2026_0465,PIP,P1,80.81,Oui,Non
STD_2026_0465,EMII,P2,81.82,Oui,Non
STD_2026_0465,GCA,P2,82.35,Oui,Non
STD_2026_0465,ICMP,P2,82.84,Oui,Non
STD_2026_0465,ESIIA,P3,85.67,Oui,Non
STD_2026_0465,IGGLIA,P3,80.69,Oui,Non
STD_2026_0465,IMTICIA,P3,76.82,Oui,Non
STD_2026_0465,ISAIA,P3,74.45,Sous condition,Non
STD_2026_0465,TEE,P4,80.68,Oui,Non
STD_2026_0465,TEH,P4,51.5,Non,Non
STD_2026_0465,CAA,P5,72.67,Sous condition,Non
STD_2026_0465,DTJA,P5,48.11,Non,Non
STD_2026_0465,EMP,P5,77.97,Oui,Non
STD_2026_0465,FIC,P5,74.83,Sous condition,Non
STD_2026_0466,AEE,P1,55.46,Non,Non
STD_2026_0466,IAA,P1,59.48,Non,Non
STD_2026_0466,PIP,P1,55.81,Non,Oui
STD_2026_0466,EMII,P2,53.95,Non,Non
STD_2026_0466,GCA,P2,57.04,Non,Non
STD_2026_0466,ICMP,P2,66.7,Non,Non
STD_2026_0466,ESIIA,P3,61.25,Non,Non
STD_2026_0466,IGGLIA,P3,81.72,Oui,Non
STD_2026_0466,IMTICIA,P3,88.15,Oui,Non
STD_2026_0466,ISAIA,P3,76.74,Oui,Non
STD_2026_0466,TEE,P4,71.83,Sous condition,Non
STD_2026_0466,TEH,P4,83.12,Oui,Non
STD_2026_0466,CAA,P5,86.58,Oui,Non
STD_2026_0466,DTJA,P5,65.73,Sous condition,Non
STD_2026_0466,EMP,P5,75.54,Oui,Non
STD_2026_0466,FIC,P5,88.96,Oui,Non
STD_2026_0467,AEE,P1,47.57,Non,Non
STD_2026_0467,IAA,P1,68.28,Sous condition,Non
STD_2026_0467,PIP,P1,53.94,Non,Non
STD_2026_0467,EMII,P2,78.85,Oui,Oui
STD_2026_0467,GCA,P2,68.45,Sous condition,Non
STD_2026_0467,ICMP,P2,69.3,Sous condition,Non
STD_2026_0467,ESIIA,P3,76.7,Oui,Non
STD_2026_0467,IGGLIA,P3,73.43,Sous condition,Non
STD_2026_0467,IMTICIA,P3,74.86,Sous condition,Non
STD_2026_0467,ISAIA,P3,52.3,Non,Non
STD_2026_0467,TEE,P4,53.28,Non,Non
STD_2026_0467,TEH,P4,50.11,Non,Non
STD_2026_0467,CAA,P5,49.13,Non,Non
STD_2026_0467,DTJA,P5,44.49,Non,Non
STD_2026_0467,EMP,P5,47.87,Non,Non
STD_2026_0467,FIC,P5,46.85,Non,Non
STD_2026_0468,AEE,P1,75.35,Oui,Non
STD_2026_0468,IAA,P1,54.03,Non,Non
STD_2026_0468,PIP,P1,50.4,Non,Non
STD_2026_0468,EMII,P2,55.95,Non,Non
STD_2026_0468,GCA,P2,44.65,Non,Oui
STD_2026_0468,ICMP,P2,44.05,Non,Non
STD_2026_0468,ESIIA,P3,52.99,Non,Non
STD_2026_0468,IGGLIA,P3,80.42,Oui,Non
STD_2026_0468,IMTICIA,P3,84.84,Oui,Non
STD_2026_0468,ISAIA,P3,54.36,Non,Non
STD_2026_0468,TEE,P4,70.66,Sous condition,Non
STD_2026_0468,TEH,P4,79.5,Oui,Non
STD_2026_0468,CAA,P5,76.52,Oui,Non
STD_2026_0468,DTJA,P5,79.23,Oui,Non
STD_2026_0468,EMP,P5,84.88,Oui,Non
STD_2026_0468,FIC,P5,56.33,Non,Non
STD_2026_0469,AEE,P1,73.85,Sous condition,Non
STD_2026_0469,IAA,P1,47.91,Non,Non
STD_2026_0469,PIP,P1,51.54,Non,Non
STD_2026_0469,EMII,P2,41.7,Non,Non
STD_2026_0469,GCA,P2,54.3,Non,Non
STD_2026_0469,ICMP,P2,45.89,Non,Oui
STD_2026_0469,ESIIA,P3,47.74,Non,Non
STD_2026_0469,IGGLIA,P3,72.0,Sous condition,Non
STD_2026_0469,IMTICIA,P3,81.28,Oui,Non
STD_2026_0469,ISAIA,P3,53.23,Non,Non
STD_2026_0469,TEE,P4,80.86,Oui,Non
STD_2026_0469,TEH,P4,79.3,Oui,Non
STD_2026_0469,CAA,P5,78.28,Oui,Non
STD_2026_0469,DTJA,P5,81.98,Oui,Non
STD_2026_0469,EMP,P5,78.65,Oui,Non
STD_2026_0469,FIC,P5,64.26,Non,Non
STD_2026_0470,AEE,P1,77.44,Oui,Non
STD_2026_0470,IAA,P1,53.61,Non,Non
STD_2026_0470,PIP,P1,54.31,Non,Non
STD_2026_0470,EMII,P2,56.44,Non,Non
STD_2026_0470,GCA,P2,43.75,Non,Non
STD_2026_0470,ICMP,P2,37.83,Non,Non
STD_2026_0470,ESIIA,P3,58.51,Non,Oui
STD_2026_0470,IGGLIA,P3,83.57,Oui,Non
STD_2026_0470,IMTICIA,P3,79.32,Oui,Non
STD_2026_0470,ISAIA,P3,58.87,Non,Non
STD_2026_0470,TEE,P4,80.42,Oui,Non
STD_2026_0470,TEH,P4,84.58,Oui,Non
STD_2026_0470,CAA,P5,84.35,Oui,Non
STD_2026_0470,DTJA,P5,82.51,Oui,Non
STD_2026_0470,EMP,P5,86.7,Oui,Non
STD_2026_0470,FIC,P5,46.25,Non,Non
STD_2026_0471,AEE,P1,48.39,Non,Non
STD_2026_0471,IAA,P1,44.62,Non,Non
STD_2026_0471,PIP,P1,48.66,Non,Non
STD_2026_0471,EMII,P2,43.47,Non,Non
STD_2026_0471,GCA,P2,50.62,Non,Non
STD_2026_0471,ICMP,P2,43.86,Non,Non
STD_2026_0471,ESIIA,P3,39.65,Non,Non
STD_2026_0471,IGGLIA,P3,50.72,Non,Oui
STD_2026_0471,IMTICIA,P3,72.73,Sous condition,Non
STD_2026_0471,ISAIA,P3,49.15,Non,Non
STD_2026_0471,TEE,P4,75.34,Oui,Non
STD_2026_0471,TEH,P4,75.52,Oui,Non
STD_2026_0471,CAA,P5,63.16,Sous condition,Non
STD_2026_0471,DTJA,P5,81.88,Oui,Non
STD_2026_0471,EMP,P5,45.96,Non,Non
STD_2026_0471,FIC,P5,49.64,Non,Non
STD_2026_0472,AEE,P1,83.18,Oui,Non
STD_2026_0472,IAA,P1,84.24,Oui,Non
STD_2026_0472,PIP,P1,79.41,Oui,Non
STD_2026_0472,EMII,P2,89.26,Oui,Non
STD_2026_0472,GCA,P2,79.58,Oui,Non
STD_2026_0472,ICMP,P2,89.06,Oui,Non
STD_2026_0472,ESIIA,P3,84.04,Oui,Non
STD_2026_0472,IGGLIA,P3,84.18,Oui,Non
STD_2026_0472,IMTICIA,P3,80.37,Oui,Oui
STD_2026_0472,ISAIA,P3,83.19,Oui,Non
STD_2026_0472,TEE,P4,49.73,Non,Non
STD_2026_0472,TEH,P4,48.08,Non,Non
STD_2026_0472,CAA,P5,78.69,Oui,Non
STD_2026_0472,DTJA,P5,47.56,Non,Non
STD_2026_0472,EMP,P5,85.32,Oui,Non
STD_2026_0472,FIC,P5,83.92,Oui,Non
STD_2026_0473,AEE,P1,84.31,Oui,Non
STD_2026_0473,IAA,P1,80.66,Oui,Non
STD_2026_0473,PIP,P1,82.16,Oui,Non
STD_2026_0473,EMII,P2,78.4,Oui,Non
STD_2026_0473,GCA,P2,84.75,Oui,Non
STD_2026_0473,ICMP,P2,88.77,Oui,Non
STD_2026_0473,ESIIA,P3,55.13,Non,Non
STD_2026_0473,IGGLIA,P3,77.8,Oui,Non
STD_2026_0473,IMTICIA,P3,76.71,Oui,Non
STD_2026_0473,ISAIA,P3,72.29,Sous condition,Oui
STD_2026_0473,TEE,P4,77.33,Oui,Non
STD_2026_0473,TEH,P4,74.15,Sous condition,Non
STD_2026_0473,CAA,P5,76.29,Oui,Non
STD_2026_0473,DTJA,P5,73.08,Sous condition,Non
STD_2026_0473,EMP,P5,75.7,Oui,Non
STD_2026_0473,FIC,P5,77.15,Oui,Non
STD_2026_0474,AEE,P1,82.42,Oui,Non
STD_2026_0474,IAA,P1,84.02,Oui,Non
STD_2026_0474,PIP,P1,89.1,Oui,Non
STD_2026_0474,EMII,P2,85.57,Oui,Non
STD_2026_0474,GCA,P2,78.11,Oui,Non
STD_2026_0474,ICMP,P2,81.64,Oui,Non
STD_2026_0474,ESIIA,P3,80.24,Oui,Non
STD_2026_0474,IGGLIA,P3,82.39,Oui,Non
STD_2026_0474,IMTICIA,P3,83.93,Oui,Non
STD_2026_0474,ISAIA,P3,81.58,Oui,Non
STD_2026_0474,TEE,P4,81.04,Oui,Oui
STD_2026_0474,TEH,P4,61.12,Non,Non
STD_2026_0474,CAA,P5,83.52,Oui,Non
STD_2026_0474,DTJA,P5,54.45,Non,Non
STD_2026_0474,EMP,P5,86.18,Oui,Non
STD_2026_0474,FIC,P5,84.16,Oui,Non
STD_2026_0475,AEE,P1,57.5,Non,Non
STD_2026_0475,IAA,P1,55.68,Non,Non
STD_2026_0475,PIP,P1,58.14,Non,Non
STD_2026_0475,EMII,P2,57.05,Non,Non
STD_2026_0475,GCA,P2,53.38,Non,Non
STD_2026_0475,ICMP,P2,51.75,Non,Non
STD_2026_0475,ESIIA,P3,60.71,Non,Non
STD_2026_0475,IGGLIA,P3,77.08,Oui,Non
STD_2026_0475,IMTICIA,P3,86.06,Oui,Non
STD_2026_0475,ISAIA,P3,81.76,Oui,Non
STD_2026_0475,TEE,P4,82.43,Oui,Non
STD_2026_0475,TEH,P4,79.28,Oui,Oui
STD_2026_0475,CAA,P5,84.21,Oui,Non
STD_2026_0475,DTJA,P5,78.48,Oui,Non
STD_2026_0475,EMP,P5,73.51,Sous condition,Non
STD_2026_0475,FIC,P5,80.37,Oui,Non
STD_2026_0476,AEE,P1,51.39,Non,Non
STD_2026_0476,IAA,P1,72.76,Sous condition,Non
STD_2026_0476,PIP,P1,53.28,Non,Non
STD_2026_0476,EMII,P2,85.91,Oui,Non
STD_2026_0476,GCA,P2,80.82,Oui,Non
STD_2026_0476,ICMP,P2,88.93,Oui,Non
STD_2026_0476,ESIIA,P3,90.53,Oui,Non
STD_2026_0476,IGGLIA,P3,74.43,Sous condition,Non
STD_2026_0476,IMTICIA,P3,80.92,Oui,Non
STD_2026_0476,ISAIA,P3,50.39,Non,Non
STD_2026_0476,TEE,P4,46.99,Non,Non
STD_2026_0476,TEH,P4,48.15,Non,Non
STD_2026_0476,CAA,P5,50.88,Non,Oui
STD_2026_0476,DTJA,P5,53.29,Non,Non
STD_2026_0476,EMP,P5,50.83,Non,Non
STD_2026_0476,FIC,P5,46.62,Non,Non
STD_2026_0477,AEE,P1,72.49,Sous condition,Non
STD_2026_0477,IAA,P1,47.6,Non,Non
STD_2026_0477,PIP,P1,45.01,Non,Non
STD_2026_0477,EMII,P2,49.87,Non,Non
STD_2026_0477,GCA,P2,50.27,Non,Non
STD_2026_0477,ICMP,P2,43.63,Non,Non
STD_2026_0477,ESIIA,P3,48.57,Non,Non
STD_2026_0477,IGGLIA,P3,77.95,Oui,Non
STD_2026_0477,IMTICIA,P3,74.56,Sous condition,Non
STD_2026_0477,ISAIA,P3,49.19,Non,Non
STD_2026_0477,TEE,P4,67.45,Sous condition,Non
STD_2026_0477,TEH,P4,74.35,Sous condition,Non
STD_2026_0477,CAA,P5,70.82,Sous condition,Non
STD_2026_0477,DTJA,P5,69.54,Sous condition,Oui
STD_2026_0477,EMP,P5,71.83,Sous condition,Non
STD_2026_0477,FIC,P5,52.59,Non,Non
STD_2026_0478,AEE,P1,78.84,Oui,Non
STD_2026_0478,IAA,P1,48.11,Non,Non
STD_2026_0478,PIP,P1,53.0,Non,Non
STD_2026_0478,EMII,P2,44.16,Non,Non
STD_2026_0478,GCA,P2,55.87,Non,Non
STD_2026_0478,ICMP,P2,47.94,Non,Non
STD_2026_0478,ESIIA,P3,39.35,Non,Non
STD_2026_0478,IGGLIA,P3,72.71,Sous condition,Non
STD_2026_0478,IMTICIA,P3,74.6,Sous condition,Non
STD_2026_0478,ISAIA,P3,52.14,Non,Non
STD_2026_0478,TEE,P4,80.52,Oui,Non
STD_2026_0478,TEH,P4,85.02,Oui,Non
STD_2026_0478,CAA,P5,79.42,Oui,Non
STD_2026_0478,DTJA,P5,79.43,Oui,Non
STD_2026_0478,EMP,P5,73.82,Sous condition,Oui
STD_2026_0478,FIC,P5,49.77,Non,Non
STD_2026_0479,AEE,P1,72.43,Sous condition,Non
STD_2026_0479,IAA,P1,60.39,Non,Non
STD_2026_0479,PIP,P1,61.32,Non,Non
STD_2026_0479,EMII,P2,43.47,Non,Non
STD_2026_0479,GCA,P2,39.7,Non,Non
STD_2026_0479,ICMP,P2,46.86,Non,Non
STD_2026_0479,ESIIA,P3,45.2,Non,Non
STD_2026_0479,IGGLIA,P3,79.8,Oui,Non
STD_2026_0479,IMTICIA,P3,85.69,Oui,Non
STD_2026_0479,ISAIA,P3,58.28,Non,Non
STD_2026_0479,TEE,P4,84.71,Oui,Non
STD_2026_0479,TEH,P4,80.22,Oui,Non
STD_2026_0479,CAA,P5,77.9,Oui,Non
STD_2026_0479,DTJA,P5,86.11,Oui,Non
STD_2026_0479,EMP,P5,79.84,Oui,Non
STD_2026_0479,FIC,P5,53.76,Non,Oui
STD_2026_0480,AEE,P1,48.46,Non,Oui
STD_2026_0480,IAA,P1,49.19,Non,Non
STD_2026_0480,PIP,P1,50.16,Non,Non
STD_2026_0480,EMII,P2,50.66,Non,Non
STD_2026_0480,GCA,P2,48.36,Non,Non
STD_2026_0480,ICMP,P2,38.53,Non,Non
STD_2026_0480,ESIIA,P3,44.14,Non,Non
STD_2026_0480,IGGLIA,P3,49.37,Non,Non
STD_2026_0480,IMTICIA,P3,78.55,Oui,Non
STD_2026_0480,ISAIA,P3,54.75,Non,Non
STD_2026_0480,TEE,P4,82.43,Oui,Non
STD_2026_0480,TEH,P4,75.14,Oui,Non
STD_2026_0480,CAA,P5,79.19,Oui,Non
STD_2026_0480,DTJA,P5,82.2,Oui,Non
STD_2026_0480,EMP,P5,51.6,Non,Non
STD_2026_0480,FIC,P5,53.85,Non,Non
STD_2026_0481,AEE,P1,83.0,Oui,Non
STD_2026_0481,IAA,P1,82.85,Oui,Oui
STD_2026_0481,PIP,P1,87.35,Oui,Non
STD_2026_0481,EMII,P2,82.93,Oui,Non
STD_2026_0481,GCA,P2,89.09,Oui,Non
STD_2026_0481,ICMP,P2,89.93,Oui,Non
STD_2026_0481,ESIIA,P3,90.84,Oui,Non
STD_2026_0481,IGGLIA,P3,69.84,Sous condition,Non
STD_2026_0481,IMTICIA,P3,75.19,Oui,Non
STD_2026_0481,ISAIA,P3,73.3,Sous condition,Non
STD_2026_0481,TEE,P4,49.71,Non,Non
STD_2026_0481,TEH,P4,47.75,Non,Non
STD_2026_0481,CAA,P5,75.8,Oui,Non
STD_2026_0481,DTJA,P5,54.89,Non,Non
STD_2026_0481,EMP,P5,72.96,Sous condition,Non
STD_2026_0481,FIC,P5,76.57,Oui,Non
STD_2026_0482,AEE,P1,77.63,Oui,Non
STD_2026_0482,IAA,P1,74.97,Sous condition,Non
STD_2026_0482,PIP,P1,79.43,Oui,Oui
STD_2026_0482,EMII,P2,74.09,Sous condition,Non
STD_2026_0482,GCA,P2,76.14,Oui,Non
STD_2026_0482,ICMP,P2,71.73,Sous condition,Non
STD_2026_0482,ESIIA,P3,48.9,Non,Non
STD_2026_0482,IGGLIA,P3,85.98,Oui,Non
STD_2026_0482,IMTICIA,P3,75.66,Oui,Non
STD_2026_0482,ISAIA,P3,82.38,Oui,Non
STD_2026_0482,TEE,P4,84.18,Oui,Non
STD_2026_0482,TEH,P4,80.66,Oui,Non
STD_2026_0482,CAA,P5,75.47,Oui,Non
STD_2026_0482,DTJA,P5,87.01,Oui,Non
STD_2026_0482,EMP,P5,78.96,Oui,Non
STD_2026_0482,FIC,P5,81.72,Oui,Non
STD_2026_0483,AEE,P1,82.44,Oui,Non
STD_2026_0483,IAA,P1,81.67,Oui,Non
STD_2026_0483,PIP,P1,74.27,Sous condition,Non
STD_2026_0483,EMII,P2,81.94,Oui,Oui
STD_2026_0483,GCA,P2,80.75,Oui,Non
STD_2026_0483,ICMP,P2,86.42,Oui,Non
STD_2026_0483,ESIIA,P3,76.94,Oui,Non
STD_2026_0483,IGGLIA,P3,75.88,Oui,Non
STD_2026_0483,IMTICIA,P3,72.92,Sous condition,Non
STD_2026_0483,ISAIA,P3,76.27,Oui,Non
STD_2026_0483,TEE,P4,81.67,Oui,Non
STD_2026_0483,TEH,P4,45.77,Non,Non
STD_2026_0483,CAA,P5,78.62,Oui,Non
STD_2026_0483,DTJA,P5,54.4,Non,Non
STD_2026_0483,EMP,P5,73.76,Sous condition,Non
STD_2026_0483,FIC,P5,81.87,Oui,Non
STD_2026_0484,AEE,P1,47.71,Non,Non
STD_2026_0484,IAA,P1,51.79,Non,Non
STD_2026_0484,PIP,P1,44.76,Non,Non
STD_2026_0484,EMII,P2,50.56,Non,Non
STD_2026_0484,GCA,P2,51.15,Non,Oui
STD_2026_0484,ICMP,P2,55.16,Non,Non
STD_2026_0484,ESIIA,P3,54.15,Non,Non
STD_2026_0484,IGGLIA,P3,73.91,Sous condition,Non
STD_2026_0484,IMTICIA,P3,71.18,Sous condition,Non
STD_2026_0484,ISAIA,P3,73.0,Sous condition,Non
STD_2026_0484,TEE,P4,76.0,Oui,Non
STD_2026_0484,TEH,P4,75.39,Oui,Non
STD_2026_0484,CAA,P5,74.14,Sous condition,Non
STD_2026_0484,DTJA,P5,71.28,Sous condition,Non
STD_2026_0484,EMP,P5,80.17,Oui,Non
STD_2026_0484,FIC,P5,75.43,Oui,Non
STD_2026_0485,AEE,P1,51.29,Non,Non
STD_2026_0485,IAA,P1,80.61,Oui,Non
STD_2026_0485,PIP,P1,58.74,Non,Non
STD_2026_0485,EMII,P2,82.26,Oui,Non
STD_2026_0485,GCA,P2,80.48,Oui,Non
STD_2026_0485,ICMP,P2,88.25,Oui,Oui
STD_2026_0485,ESIIA,P3,87.87,Oui,Non
STD_2026_0485,IGGLIA,P3,76.08,Oui,Non
STD_2026_0485,IMTICIA,P3,84.32,Oui,Non
STD_2026_0485,ISAIA,P3,51.81,Non,Non
STD_2026_0485,TEE,P4,50.54,Non,Non
STD_2026_0485,TEH,P4,42.17,Non,Non
STD_2026_0485,CAA,P5,55.61,Non,Non
STD_2026_0485,DTJA,P5,51.14,Non,Non
STD_2026_0485,EMP,P5,49.56,Non,Non
STD_2026_0485,FIC,P5,53.73,Non,Non
STD_2026_0486,AEE,P1,81.33,Oui,Non
STD_2026_0486,IAA,P1,56.83,Non,Non
STD_2026_0486,PIP,P1,54.45,Non,Non
STD_2026_0486,EMII,P2,51.45,Non,Non
STD_2026_0486,GCA,P2,53.88,Non,Non
STD_2026_0486,ICMP,P2,43.6,Non,Non
STD_2026_0486,ESIIA,P3,54.99,Non,Oui
STD_2026_0486,IGGLIA,P3,85.43,Oui,Non
STD_2026_0486,IMTICIA,P3,83.24,Oui,Non
STD_2026_0486,ISAIA,P3,60.88,Non,Non
STD_2026_0486,TEE,P4,76.4,Oui,Non
STD_2026_0486,TEH,P4,80.58,Oui,Non
STD_2026_0486,CAA,P5,87.07,Oui,Non
STD_2026_0486,DTJA,P5,92.42,Oui,Non
STD_2026_0486,EMP,P5,79.58,Oui,Non
STD_2026_0486,FIC,P5,55.23,Non,Non
STD_2026_0487,AEE,P1,68.38,Sous condition,Non
STD_2026_0487,IAA,P1,48.57,Non,Non
STD_2026_0487,PIP,P1,49.08,Non,Non
STD_2026_0487,EMII,P2,43.08,Non,Non
STD_2026_0487,GCA,P2,48.99,Non,Non
STD_2026_0487,ICMP,P2,46.43,Non,Non
STD_2026_0487,ESIIA,P3,48.7,Non,Non
STD_2026_0487,IGGLIA,P3,67.62,Sous condition,Oui
STD_2026_0487,IMTICIA,P3,72.95,Sous condition,Non
STD_2026_0487,ISAIA,P3,47.38,Non,Non
STD_2026_0487,TEE,P4,77.98,Oui,Non
STD_2026_0487,TEH,P4,72.96,Sous condition,Non
STD_2026_0487,CAA,P5,75.95,Oui,Non
STD_2026_0487,DTJA,P5,80.63,Oui,Non
STD_2026_0487,EMP,P5,70.42,Sous condition,Non
STD_2026_0487,FIC,P5,46.73,Non,Non
STD_2026_0488,AEE,P1,77.36,Oui,Non
STD_2026_0488,IAA,P1,52.58,Non,Non
STD_2026_0488,PIP,P1,55.66,Non,Non
STD_2026_0488,EMII,P2,47.71,Non,Non
STD_2026_0488,GCA,P2,41.11,Non,Non
STD_2026_0488,ICMP,P2,32.04,Non,Non
STD_2026_0488,ESIIA,P3,51.24,Non,Non
STD_2026_0488,IGGLIA,P3,76.54,Oui,Non
STD_2026_0488,IMTICIA,P3,87.78,Oui,Oui
STD_2026_0488,ISAIA,P3,59.64,Non,Non
STD_2026_0488,TEE,P4,80.87,Oui,Non
STD_2026_0488,TEH,P4,80.26,Oui,Non
STD_2026_0488,CAA,P5,79.23,Oui,Non
STD_2026_0488,DTJA,P5,74.92,Sous condition,Non
STD_2026_0488,EMP,P5,78.1,Oui,Non
STD_2026_0488,FIC,P5,52.93,Non,Non
STD_2026_0489,AEE,P1,52.53,Non,Non
STD_2026_0489,IAA,P1,49.05,Non,Non
STD_2026_0489,PIP,P1,57.58,Non,Non
STD_2026_0489,EMII,P2,45.65,Non,Non
STD_2026_0489,GCA,P2,44.73,Non,Non
STD_2026_0489,ICMP,P2,48.47,Non,Non
STD_2026_0489,ESIIA,P3,48.32,Non,Non
STD_2026_0489,IGGLIA,P3,58.94,Non,Non
STD_2026_0489,IMTICIA,P3,79.78,Oui,Non
STD_2026_0489,ISAIA,P3,48.69,Non,Oui
STD_2026_0489,TEE,P4,77.23,Oui,Non
STD_2026_0489,TEH,P4,78.07,Oui,Non
STD_2026_0489,CAA,P5,79.72,Oui,Non
STD_2026_0489,DTJA,P5,78.77,Oui,Non
STD_2026_0489,EMP,P5,56.87,Non,Non
STD_2026_0489,FIC,P5,51.85,Non,Non
STD_2026_0490,AEE,P1,70.67,Sous condition,Non
STD_2026_0490,IAA,P1,69.14,Sous condition,Non
STD_2026_0490,PIP,P1,69.27,Sous condition,Non
STD_2026_0490,EMII,P2,70.77,Sous condition,Non
STD_2026_0490,GCA,P2,80.1,Oui,Non
STD_2026_0490,ICMP,P2,86.62,Oui,Non
STD_2026_0490,ESIIA,P3,64.84,Sous condition,Non
STD_2026_0490,IGGLIA,P3,64.3,Sous condition,Non
STD_2026_0490,IMTICIA,P3,64.98,Sous condition,Non
STD_2026_0490,ISAIA,P3,67.61,Sous condition,Non
STD_2026_0490,TEE,P4,48.13,Non,Oui
STD_2026_0490,TEH,P4,46.48,Non,Non
STD_2026_0490,CAA,P5,59.51,Sous condition,Non
STD_2026_0490,DTJA,P5,38.55,Non,Non
STD_2026_0490,EMP,P5,68.66,Sous condition,Non
STD_2026_0490,FIC,P5,63.6,Sous condition,Non
STD_2026_0491,AEE,P1,81.65,Oui,Non
STD_2026_0491,IAA,P1,86.02,Oui,Non
STD_2026_0491,PIP,P1,83.01,Oui,Non
STD_2026_0491,EMII,P2,84.39,Oui,Non
STD_2026_0491,GCA,P2,82.63,Oui,Non
STD_2026_0491,ICMP,P2,88.66,Oui,Non
STD_2026_0491,ESIIA,P3,60.69,Non,Non
STD_2026_0491,IGGLIA,P3,86.06,Oui,Non
STD_2026_0491,IMTICIA,P3,89.31,Oui,Non
STD_2026_0491,ISAIA,P3,81.51,Oui,Non
STD_2026_0491,TEE,P4,84.15,Oui,Non
STD_2026_0491,TEH,P4,77.84,Oui,Oui
STD_2026_0491,CAA,P5,82.79,Oui,Non
STD_2026_0491,DTJA,P5,80.77,Oui,Non
STD_2026_0491,EMP,P5,83.46,Oui,Non
STD_2026_0491,FIC,P5,85.02,Oui,Non
STD_2026_0492,AEE,P1,77.13,Oui,Non
STD_2026_0492,IAA,P1,74.97,Sous condition,Non
STD_2026_0492,PIP,P1,73.79,Sous condition,Non
STD_2026_0492,EMII,P2,76.98,Oui,Non
STD_2026_0492,GCA,P2,85.74,Oui,Non
STD_2026_0492,ICMP,P2,83.8,Oui,Non
STD_2026_0492,ESIIA,P3,77.76,Oui,Non
STD_2026_0492,IGGLIA,P3,76.92,Oui,Non
STD_2026_0492,IMTICIA,P3,66.16,Sous condition,Non
STD_2026_0492,ISAIA,P3,75.76,Oui,Non
STD_2026_0492,TEE,P4,69.86,Sous condition,Non
STD_2026_0492,TEH,P4,46.6,Non,Non
STD_2026_0492,CAA,P5,70.73,Sous condition,Oui
STD_2026_0492,DTJA,P5,52.73,Non,Non
STD_2026_0492,EMP,P5,69.4,Sous condition,Non
STD_2026_0492,FIC,P5,73.05,Sous condition,Non
STD_2026_0493,AEE,P1,55.26,Non,Non
STD_2026_0493,IAA,P1,59.74,Non,Non
STD_2026_0493,PIP,P1,51.42,Non,Non
STD_2026_0493,EMII,P2,59.33,Non,Non
STD_2026_0493,GCA,P2,59.75,Non,Non
STD_2026_0493,ICMP,P2,59.99,Non,Non
STD_2026_0493,ESIIA,P3,63.53,Non,Non
STD_2026_0493,IGGLIA,P3,74.46,Sous condition,Non
STD_2026_0493,IMTICIA,P3,76.08,Oui,Non
STD_2026_0493,ISAIA,P3,75.38,Oui,Non
STD_2026_0493,TEE,P4,77.3,Oui,Non
STD_2026_0493,TEH,P4,82.88,Oui,Non
STD_2026_0493,CAA,P5,82.54,Oui,Non
STD_2026_0493,DTJA,P5,78.25,Oui,Oui
STD_2026_0493,EMP,P5,85.83,Oui,Non
STD_2026_0493,FIC,P5,81.99,Oui,Non
STD_2026_0494,AEE,P1,62.65,Non,Non
STD_2026_0494,IAA,P1,87.48,Oui,Non
STD_2026_0494,PIP,P1,57.33,Non,Non
STD_2026_0494,EMII,P2,86.82,Oui,Non
STD_2026_0494,GCA,P2,81.55,Oui,Non
STD_2026_0494,ICMP,P2,92.23,Oui,Non
STD_2026_0494,ESIIA,P3,89.84,Oui,Non
STD_2026_0494,IGGLIA,P3,87.78,Oui,Non
STD_2026_0494,IMTICIA,P3,89.65,Oui,Non
STD_2026_0494,ISAIA,P3,59.88,Non,Non
STD_2026_0494,TEE,P4,56.11,Non,Non
STD_2026_0494,TEH,P4,58.66,Non,Non
STD_2026_0494,CAA,P5,60.03,Non,Non
STD_2026_0494,DTJA,P5,51.63,Non,Non
STD_2026_0494,EMP,P5,60.76,Non,Oui
STD_2026_0494,FIC,P5,62.05,Non,Non
STD_2026_0495,AEE,P1,82.48,Oui,Non
STD_2026_0495,IAA,P1,52.99,Non,Non
STD_2026_0495,PIP,P1,57.77,Non,Non
STD_2026_0495,EMII,P2,51.54,Non,Non
STD_2026_0495,GCA,P2,52.96,Non,Non
STD_2026_0495,ICMP,P2,47.71,Non,Non
STD_2026_0495,ESIIA,P3,56.3,Non,Non
STD_2026_0495,IGGLIA,P3,77.07,Oui,Non
STD_2026_0495,IMTICIA,P3,80.57,Oui,Non
STD_2026_0495,ISAIA,P3,54.32,Non,Non
STD_2026_0495,TEE,P4,86.29,Oui,Non
STD_2026_0495,TEH,P4,88.47,Oui,Non
STD_2026_0495,CAA,P5,77.86,Oui,Non
STD_2026_0495,DTJA,P5,85.6,Oui,Non
STD_2026_0495,EMP,P5,81.34,Oui,Non
STD_2026_0495,FIC,P5,54.19,Non,Oui
STD_2026_0496,AEE,P1,74.22,Sous condition,Oui
STD_2026_0496,IAA,P1,42.59,Non,Non
STD_2026_0496,PIP,P1,49.36,Non,Non
STD_2026_0496,EMII,P2,38.24,Non,Non
STD_2026_0496,GCA,P2,52.35,Non,Non
STD_2026_0496,ICMP,P2,42.95,Non,Non
STD_2026_0496,ESIIA,P3,37.48,Non,Non
STD_2026_0496,IGGLIA,P3,74.2,Sous condition,Non
STD_2026_0496,IMTICIA,P3,74.75,Sous condition,Non
STD_2026_0496,ISAIA,P3,53.35,Non,Non
STD_2026_0496,TEE,P4,78.86,Oui,Non
STD_2026_0496,TEH,P4,84.92,Oui,Non
STD_2026_0496,CAA,P5,79.28,Oui,Non
STD_2026_0496,DTJA,P5,77.44,Oui,Non
STD_2026_0496,EMP,P5,80.49,Oui,Non
STD_2026_0496,FIC,P5,61.09,Non,Non
STD_2026_0497,AEE,P1,64.22,Sous condition,Non
STD_2026_0497,IAA,P1,37.83,Non,Oui
STD_2026_0497,PIP,P1,44.5,Non,Non
STD_2026_0497,EMII,P2,47.2,Non,Non
STD_2026_0497,GCA,P2,40.46,Non,Non
STD_2026_0497,ICMP,P2,43.53,Non,Non
STD_2026_0497,ESIIA,P3,46.17,Non,Non
STD_2026_0497,IGGLIA,P3,69.34,Sous condition,Non
STD_2026_0497,IMTICIA,P3,75.22,Oui,Non
STD_2026_0497,ISAIA,P3,44.28,Non,Non
STD_2026_0497,TEE,P4,68.9,Sous condition,Non
STD_2026_0497,TEH,P4,75.63,Oui,Non
STD_2026_0497,CAA,P5,78.91,Oui,Non
STD_2026_0497,DTJA,P5,83.5,Oui,Non
STD_2026_0497,EMP,P5,72.45,Sous condition,Non
STD_2026_0497,FIC,P5,40.61,Non,Non
STD_2026_0498,AEE,P1,48.19,Non,Non
STD_2026_0498,IAA,P1,52.22,Non,Non
STD_2026_0498,PIP,P1,54.27,Non,Oui
STD_2026_0498,EMII,P2,48.88,Non,Non
STD_2026_0498,GCA,P2,50.58,Non,Non
STD_2026_0498,ICMP,P2,37.92,Non,Non
STD_2026_0498,ESIIA,P3,51.57,Non,Non
STD_2026_0498,IGGLIA,P3,48.67,Non,Non
STD_2026_0498,IMTICIA,P3,70.52,Sous condition,Non
STD_2026_0498,ISAIA,P3,53.45,Non,Non
STD_2026_0498,TEE,P4,80.41,Oui,Non
STD_2026_0498,TEH,P4,85.3,Oui,Non
STD_2026_0498,CAA,P5,77.01,Oui,Non
STD_2026_0498,DTJA,P5,75.77,Oui,Non
STD_2026_0498,EMP,P5,52.46,Non,Non
STD_2026_0498,FIC,P5,50.72,Non,Non
STD_2026_0499,AEE,P1,77.24,Oui,Non
STD_2026_0499,IAA,P1,80.33,Oui,Non
STD_2026_0499,PIP,P1,86.58,Oui,Non
STD_2026_0499,EMII,P2,77.11,Oui,Oui
STD_2026_0499,GCA,P2,68.74,Sous condition,Non
STD_2026_0499,ICMP,P2,83.32,Oui,Non
STD_2026_0499,ESIIA,P3,80.16,Oui,Non
STD_2026_0499,IGGLIA,P3,80.03,Oui,Non
STD_2026_0499,IMTICIA,P3,73.78,Sous condition,Non
STD_2026_0499,ISAIA,P3,78.97,Oui,Non
STD_2026_0499,TEE,P4,45.41,Non,Non
STD_2026_0499,TEH,P4,42.76,Non,Non
STD_2026_0499,CAA,P5,74.96,Sous condition,Non
STD_2026_0499,DTJA,P5,46.61,Non,Non
STD_2026_0499,EMP,P5,73.19,Sous condition,Non
STD_2026_0499,FIC,P5,75.81,Oui,Non
STD_2026_0500,AEE,P1,91.5,Oui,Non
STD_2026_0500,IAA,P1,94.63,Oui,Non
STD_2026_0500,PIP,P1,98.16,Oui,Non
STD_2026_0500,EMII,P2,89.46,Oui,Non
STD_2026_0500,GCA,P2,91.28,Oui,Oui
STD_2026_0500,ICMP,P2,95.39,Oui,Non
STD_2026_0500,ESIIA,P3,64.12,Non,Non
STD_2026_0500,IGGLIA,P3,93.07,Oui,Non
STD_2026_0500,IMTICIA,P3,90.92,Oui,Non
STD_2026_0500,ISAIA,P3,87.43,Oui,Non
STD_2026_0500,TEE,P4,78.63,Oui,Non
STD_2026_0500,TEH,P4,83.65,Oui,Non
STD_2026_0500,CAA,P5,97.4,Oui,Non
STD_2026_0500,DTJA,P5,80.8,Oui,Non
STD_2026_0500,EMP,P5,87.69,Oui,Non
STD_2026_0500,FIC,P5,96.48,Oui,Non
STD_2026_0501,AEE,P1,71.4,Sous condition,Non
STD_2026_0501,IAA,P1,79.17,Oui,Non
STD_2026_0501,PIP,P1,81.08,Oui,Non
STD_2026_0501,EMII,P2,74.53,Sous condition,Non
STD_2026_0501,GCA,P2,80.14,Oui,Non
STD_2026_0501,ICMP,P2,79.12,Oui,Oui
STD_2026_0501,ESIIA,P3,79.3,Oui,Non
STD_2026_0501,IGGLIA,P3,73.44,Sous condition,Non
STD_2026_0501,IMTICIA,P3,69.95,Sous condition,Non
STD_2026_0501,ISAIA,P3,72.29,Sous condition,Non
STD_2026_0501,TEE,P4,76.87,Oui,Non
STD_2026_0501,TEH,P4,47.7,Non,Non
STD_2026_0501,CAA,P5,77.62,Oui,Non
STD_2026_0501,DTJA,P5,45.36,Non,Non
STD_2026_0501,EMP,P5,76.01,Oui,Non
STD_2026_0501,FIC,P5,79.06,Oui,Non
STD_2026_0502,AEE,P1,53.75,Non,Non
STD_2026_0502,IAA,P1,56.45,Non,Non
STD_2026_0502,PIP,P1,54.85,Non,Non
STD_2026_0502,EMII,P2,54.26,Non,Non
STD_2026_0502,GCA,P2,48.33,Non,Non
STD_2026_0502,ICMP,P2,60.28,Non,Non
STD_2026_0502,ESIIA,P3,52.64,Non,Oui
STD_2026_0502,IGGLIA,P3,79.65,Oui,Non
STD_2026_0502,IMTICIA,P3,83.12,Oui,Non
STD_2026_0502,ISAIA,P3,79.34,Oui,Non
STD_2026_0502,TEE,P4,70.37,Sous condition,Non
STD_2026_0502,TEH,P4,72.54,Sous condition,Non
STD_2026_0502,CAA,P5,80.15,Oui,Non
STD_2026_0502,DTJA,P5,69.0,Sous condition,Non
STD_2026_0502,EMP,P5,77.6,Oui,Non
STD_2026_0502,FIC,P5,88.59,Oui,Non
STD_2026_0503,AEE,P1,52.73,Non,Non
STD_2026_0503,IAA,P1,65.84,Sous condition,Non
STD_2026_0503,PIP,P1,51.42,Non,Non
STD_2026_0503,EMII,P2,78.8,Oui,Non
STD_2026_0503,GCA,P2,80.23,Oui,Non
STD_2026_0503,ICMP,P2,89.86,Oui,Non
STD_2026_0503,ESIIA,P3,73.19,Sous condition,Non
STD_2026_0503,IGGLIA,P3,74.82,Sous condition,Oui
STD_2026_0503,IMTICIA,P3,71.61,Sous condition,Non
STD_2026_0503,ISAIA,P3,48.44,Non,Non
STD_2026_0503,TEE,P4,40.8,Non,Non
STD_2026_0503,TEH,P4,40.93,Non,Non
STD_2026_0503,CAA,P5,48.21,Non,Non
STD_2026_0503,DTJA,P5,46.46,Non,Non
STD_2026_0503,EMP,P5,48.82,Non,Non
STD_2026_0503,FIC,P5,53.73,Non,Non
STD_2026_0504,AEE,P1,72.93,Sous condition,Non
STD_2026_0504,IAA,P1,44.97,Non,Non
STD_2026_0504,PIP,P1,41.56,Non,Non
STD_2026_0504,EMII,P2,46.96,Non,Non
STD_2026_0504,GCA,P2,35.0,Non,Non
STD_2026_0504,ICMP,P2,35.98,Non,Non
STD_2026_0504,ESIIA,P3,43.41,Non,Non
STD_2026_0504,IGGLIA,P3,72.39,Sous condition,Non
STD_2026_0504,IMTICIA,P3,73.97,Sous condition,Oui
STD_2026_0504,ISAIA,P3,49.87,Non,Non
STD_2026_0504,TEE,P4,74.41,Sous condition,Non
STD_2026_0504,TEH,P4,82.19,Oui,Non
STD_2026_0504,CAA,P5,71.96,Sous condition,Non
STD_2026_0504,DTJA,P5,82.24,Oui,Non
STD_2026_0504,EMP,P5,72.38,Sous condition,Non
STD_2026_0504,FIC,P5,47.35,Non,Non
STD_2026_0505,AEE,P1,79.81,Oui,Non
STD_2026_0505,IAA,P1,52.18,Non,Non
STD_2026_0505,PIP,P1,54.86,Non,Non
STD_2026_0505,EMII,P2,49.39,Non,Non
STD_2026_0505,GCA,P2,34.8,Non,Non
STD_2026_0505,ICMP,P2,38.28,Non,Non
STD_2026_0505,ESIIA,P3,48.64,Non,Non
STD_2026_0505,IGGLIA,P3,76.21,Oui,Non
STD_2026_0505,IMTICIA,P3,72.81,Sous condition,Non
STD_2026_0505,ISAIA,P3,48.43,Non,Oui
STD_2026_0505,TEE,P4,82.3,Oui,Non
STD_2026_0505,TEH,P4,84.36,Oui,Non
STD_2026_0505,CAA,P5,76.04,Oui,Non
STD_2026_0505,DTJA,P5,78.76,Oui,Non
STD_2026_0505,EMP,P5,74.32,Sous condition,Non
STD_2026_0505,FIC,P5,42.65,Non,Non
STD_2026_0506,AEE,P1,76.63,Oui,Non
STD_2026_0506,IAA,P1,56.0,Non,Non
STD_2026_0506,PIP,P1,52.96,Non,Non
STD_2026_0506,EMII,P2,47.61,Non,Non
STD_2026_0506,GCA,P2,49.63,Non,Non
STD_2026_0506,ICMP,P2,48.61,Non,Non
STD_2026_0506,ESIIA,P3,40.35,Non,Non
STD_2026_0506,IGGLIA,P3,75.54,Oui,Non
STD_2026_0506,IMTICIA,P3,79.1,Oui,Non
STD_2026_0506,ISAIA,P3,52.2,Non,Non
STD_2026_0506,TEE,P4,80.5,Oui,Oui
STD_2026_0506,TEH,P4,79.14,Oui,Non
STD_2026_0506,CAA,P5,76.97,Oui,Non
STD_2026_0506,DTJA,P5,79.43,Oui,Non
STD_2026_0506,EMP,P5,73.41,Sous condition,Non
STD_2026_0506,FIC,P5,48.74,Non,Non
STD_2026_0507,AEE,P1,54.6,Non,Non
STD_2026_0507,IAA,P1,47.78,Non,Non
STD_2026_0507,PIP,P1,50.38,Non,Non
STD_2026_0507,EMII,P2,48.4,Non,Non
STD_2026_0507,GCA,P2,44.81,Non,Non
STD_2026_0507,ICMP,P2,51.41,Non,Non
STD_2026_0507,ESIIA,P3,44.84,Non,Non
STD_2026_0507,IGGLIA,P3,54.06,Non,Non
STD_2026_0507,IMTICIA,P3,74.69,Sous condition,Non
STD_2026_0507,ISAIA,P3,55.57,Non,Non
STD_2026_0507,TEE,P4,85.09,Oui,Non
STD_2026_0507,TEH,P4,87.64,Oui,Oui
STD_2026_0507,CAA,P5,73.94,Sous condition,Non
STD_2026_0507,DTJA,P5,74.35,Sous condition,Non
STD_2026_0507,EMP,P5,54.19,Non,Non
STD_2026_0507,FIC,P5,56.04,Non,Non
STD_2026_0508,AEE,P1,83.06,Oui,Non
STD_2026_0508,IAA,P1,82.99,Oui,Non
STD_2026_0508,PIP,P1,83.14,Oui,Non
STD_2026_0508,EMII,P2,79.19,Oui,Non
STD_2026_0508,GCA,P2,76.2,Oui,Non
STD_2026_0508,ICMP,P2,87.43,Oui,Non
STD_2026_0508,ESIIA,P3,74.87,Sous condition,Non
STD_2026_0508,IGGLIA,P3,76.05,Oui,Non
STD_2026_0508,IMTICIA,P3,79.3,Oui,Non
STD_2026_0508,ISAIA,P3,81.47,Oui,Non
STD_2026_0508,TEE,P4,61.8,Non,Non
STD_2026_0508,TEH,P4,51.22,Non,Non
STD_2026_0508,CAA,P5,75.89,Oui,Oui
STD_2026_0508,DTJA,P5,54.56,Non,Non
STD_2026_0508,EMP,P5,79.16,Oui,Non
STD_2026_0508,FIC,P5,75.86,Oui,Non
STD_2026_0509,AEE,P1,84.15,Oui,Non
STD_2026_0509,IAA,P1,82.68,Oui,Non
STD_2026_0509,PIP,P1,80.93,Oui,Non
STD_2026_0509,EMII,P2,79.44,Oui,Non
STD_2026_0509,GCA,P2,85.7,Oui,Non
STD_2026_0509,ICMP,P2,86.39,Oui,Non
STD_2026_0509,ESIIA,P3,58.4,Non,Non
STD_2026_0509,IGGLIA,P3,75.66,Oui,Non
STD_2026_0509,IMTICIA,P3,75.27,Oui,Non
STD_2026_0509,ISAIA,P3,71.22,Sous condition,Non
STD_2026_0509,TEE,P4,74.56,Sous condition,Non
STD_2026_0509,TEH,P4,70.31,Sous condition,Non
STD_2026_0509,CAA,P5,76.17,Oui,Non
STD_2026_0509,DTJA,P5,73.77,Sous condition,Oui
STD_2026_0509,EMP,P5,69.77,Sous condition,Non
STD_2026_0509,FIC,P5,75.2,Oui,Non
STD_2026_0510,AEE,P1,76.87,Oui,Non
STD_2026_0510,IAA,P1,78.03,Oui,Non
STD_2026_0510,PIP,P1,79.88,Oui,Non
STD_2026_0510,EMII,P2,77.5,Oui,Non
STD_2026_0510,GCA,P2,75.59,Oui,Non
STD_2026_0510,ICMP,P2,76.35,Oui,Non
STD_2026_0510,ESIIA,P3,72.64,Sous condition,Non
STD_2026_0510,IGGLIA,P3,80.78,Oui,Non
STD_2026_0510,IMTICIA,P3,79.59,Oui,Non
STD_2026_0510,ISAIA,P3,72.35,Sous condition,Non
STD_2026_0510,TEE,P4,74.94,Sous condition,Non
STD_2026_0510,TEH,P4,50.39,Non,Non
STD_2026_0510,CAA,P5,80.35,Oui,Non
STD_2026_0510,DTJA,P5,49.14,Non,Non
STD_2026_0510,EMP,P5,79.94,Oui,Oui
STD_2026_0510,FIC,P5,83.71,Oui,Non
STD_2026_0511,AEE,P1,52.75,Non,Non
STD_2026_0511,IAA,P1,54.07,Non,Non
STD_2026_0511,PIP,P1,52.26,Non,Non
STD_2026_0511,EMII,P2,47.01,Non,Non
STD_2026_0511,GCA,P2,45.09,Non,Non
STD_2026_0511,ICMP,P2,45.74,Non,Non
STD_2026_0511,ESIIA,P3,51.59,Non,Non
STD_2026_0511,IGGLIA,P3,77.67,Oui,Non
STD_2026_0511,IMTICIA,P3,78.88,Oui,Non
STD_2026_0511,ISAIA,P3,76.54,Oui,Non
STD_2026_0511,TEE,P4,76.29,Oui,Non
STD_2026_0511,TEH,P4,83.15,Oui,Non
STD_2026_0511,CAA,P5,84.06,Oui,Non
STD_2026_0511,DTJA,P5,76.31,Oui,Non
STD_2026_0511,EMP,P5,83.57,Oui,Non
STD_2026_0511,FIC,P5,83.93,Oui,Oui
STD_2026_0512,AEE,P1,58.62,Non,Oui
STD_2026_0512,IAA,P1,78.64,Oui,Non
STD_2026_0512,PIP,P1,47.01,Non,Non
STD_2026_0512,EMII,P2,80.5,Oui,Non
STD_2026_0512,GCA,P2,92.79,Oui,Non
STD_2026_0512,ICMP,P2,87.23,Oui,Non
STD_2026_0512,ESIIA,P3,86.93,Oui,Non
STD_2026_0512,IGGLIA,P3,77.89,Oui,Non
STD_2026_0512,IMTICIA,P3,82.73,Oui,Non
STD_2026_0512,ISAIA,P3,50.15,Non,Non
STD_2026_0512,TEE,P4,46.0,Non,Non
STD_2026_0512,TEH,P4,46.07,Non,Non
STD_2026_0512,CAA,P5,49.05,Non,Non
STD_2026_0512,DTJA,P5,46.2,Non,Non
STD_2026_0512,EMP,P5,53.55,Non,Non
STD_2026_0512,FIC,P5,50.04,Non,Non
STD_2026_0513,AEE,P1,68.96,Sous condition,Non
STD_2026_0513,IAA,P1,46.12,Non,Oui
STD_2026_0513,PIP,P1,40.52,Non,Non
STD_2026_0513,EMII,P2,43.65,Non,Non
STD_2026_0513,GCA,P2,45.54,Non,Non
STD_2026_0513,ICMP,P2,41.27,Non,Non
STD_2026_0513,ESIIA,P3,47.89,Non,Non
STD_2026_0513,IGGLIA,P3,71.36,Sous condition,Non
STD_2026_0513,IMTICIA,P3,69.29,Sous condition,Non
STD_2026_0513,ISAIA,P3,40.24,Non,Non
STD_2026_0513,TEE,P4,66.68,Sous condition,Non
STD_2026_0513,TEH,P4,66.62,Sous condition,Non
STD_2026_0513,CAA,P5,68.13,Sous condition,Non
STD_2026_0513,DTJA,P5,67.98,Sous condition,Non
STD_2026_0513,EMP,P5,67.89,Sous condition,Non
STD_2026_0513,FIC,P5,47.2,Non,Non
STD_2026_0514,AEE,P1,71.0,Sous condition,Non
STD_2026_0514,IAA,P1,44.53,Non,Non
STD_2026_0514,PIP,P1,52.71,Non,Oui
STD_2026_0514,EMII,P2,45.73,Non,Non
STD_2026_0514,GCA,P2,49.9,Non,Non
STD_2026_0514,ICMP,P2,48.06,Non,Non
STD_2026_0514,ESIIA,P3,47.49,Non,Non
STD_2026_0514,IGGLIA,P3,75.48,Oui,Non
STD_2026_0514,IMTICIA,P3,73.21,Sous condition,Non
STD_2026_0514,ISAIA,P3,49.13,Non,Non
STD_2026_0514,TEE,P4,76.19,Oui,Non
STD_2026_0514,TEH,P4,77.31,Oui,Non
STD_2026_0514,CAA,P5,78.78,Oui,Non
STD_2026_0514,DTJA,P5,78.22,Oui,Non
STD_2026_0514,EMP,P5,74.05,Sous condition,Non
STD_2026_0514,FIC,P5,48.84,Non,Non
STD_2026_0515,AEE,P1,76.87,Oui,Non
STD_2026_0515,IAA,P1,48.7,Non,Non
STD_2026_0515,PIP,P1,57.07,Non,Non
STD_2026_0515,EMII,P2,43.62,Non,Oui
STD_2026_0515,GCA,P2,50.91,Non,Non
STD_2026_0515,ICMP,P2,48.4,Non,Non
STD_2026_0515,ESIIA,P3,43.41,Non,Non
STD_2026_0515,IGGLIA,P3,73.62,Sous condition,Non
STD_2026_0515,IMTICIA,P3,76.59,Oui,Non
STD_2026_0515,ISAIA,P3,49.74,Non,Non
STD_2026_0515,TEE,P4,73.69,Sous condition,Non
STD_2026_0515,TEH,P4,82.87,Oui,Non
STD_2026_0515,CAA,P5,77.63,Oui,Non
STD_2026_0515,DTJA,P5,78.91,Oui,Non
STD_2026_0515,EMP,P5,70.56,Sous condition,Non
STD_2026_0515,FIC,P5,51.69,Non,Non
STD_2026_0516,AEE,P1,52.42,Non,Non
STD_2026_0516,IAA,P1,47.38,Non,Non
STD_2026_0516,PIP,P1,44.45,Non,Non
STD_2026_0516,EMII,P2,40.89,Non,Non
STD_2026_0516,GCA,P2,48.39,Non,Oui
STD_2026_0516,ICMP,P2,29.03,Non,Non
STD_2026_0516,ESIIA,P3,41.29,Non,Non
STD_2026_0516,IGGLIA,P3,50.72,Non,Non
STD_2026_0516,IMTICIA,P3,83.22,Oui,Non
STD_2026_0516,ISAIA,P3,47.04,Non,Non
STD_2026_0516,TEE,P4,80.78,Oui,Non
STD_2026_0516,TEH,P4,83.66,Oui,Non
STD_2026_0516,CAA,P5,73.02,Sous condition,Non
STD_2026_0516,DTJA,P5,80.21,Oui,Non
STD_2026_0516,EMP,P5,47.11,Non,Non
STD_2026_0516,FIC,P5,45.33,Non,Non
STD_2026_0517,AEE,P1,86.66,Oui,Non
STD_2026_0517,IAA,P1,84.29,Oui,Non
STD_2026_0517,PIP,P1,77.8,Oui,Non
STD_2026_0517,EMII,P2,77.82,Oui,Non
STD_2026_0517,GCA,P2,80.57,Oui,Non
STD_2026_0517,ICMP,P2,89.43,Oui,Oui
STD_2026_0517,ESIIA,P3,82.42,Oui,Non
STD_2026_0517,IGGLIA,P3,77.43,Oui,Non
STD_2026_0517,IMTICIA,P3,80.62,Oui,Non
STD_2026_0517,ISAIA,P3,74.31,Sous condition,Non
STD_2026_0517,TEE,P4,56.39,Non,Non
STD_2026_0517,TEH,P4,53.8,Non,Non
STD_2026_0517,CAA,P5,78.19,Oui,Non
STD_2026_0517,DTJA,P5,58.18,Non,Non
STD_2026_0517,EMP,P5,79.99,Oui,Non
STD_2026_0517,FIC,P5,79.61,Oui,Non
STD_2026_0518,AEE,P1,86.45,Oui,Non
STD_2026_0518,IAA,P1,79.72,Oui,Non
STD_2026_0518,PIP,P1,82.29,Oui,Non
STD_2026_0518,EMII,P2,89.36,Oui,Non
STD_2026_0518,GCA,P2,86.34,Oui,Non
STD_2026_0518,ICMP,P2,87.72,Oui,Non
STD_2026_0518,ESIIA,P3,63.11,Non,Oui
STD_2026_0518,IGGLIA,P3,88.15,Oui,Non
STD_2026_0518,IMTICIA,P3,87.79,Oui,Non
STD_2026_0518,ISAIA,P3,85.11,Oui,Non
STD_2026_0518,TEE,P4,81.94,Oui,Non
STD_2026_0518,TEH,P4,83.96,Oui,Non
STD_2026_0518,CAA,P5,88.48,Oui,Non
STD_2026_0518,DTJA,P5,83.75,Oui,Non
STD_2026_0518,EMP,P5,90.34,Oui,Non
STD_2026_0518,FIC,P5,90.89,Oui,Non
STD_2026_0519,AEE,P1,77.93,Oui,Non
STD_2026_0519,IAA,P1,83.32,Oui,Non
STD_2026_0519,PIP,P1,84.3,Oui,Non
STD_2026_0519,EMII,P2,77.93,Oui,Non
STD_2026_0519,GCA,P2,81.03,Oui,Non
STD_2026_0519,ICMP,P2,83.95,Oui,Non
STD_2026_0519,ESIIA,P3,77.77,Oui,Non
STD_2026_0519,IGGLIA,P3,76.33,Oui,Oui
STD_2026_0519,IMTICIA,P3,75.82,Oui,Non
STD_2026_0519,ISAIA,P3,77.86,Oui,Non
STD_2026_0519,TEE,P4,81.21,Oui,Non
STD_2026_0519,TEH,P4,53.91,Non,Non
STD_2026_0519,CAA,P5,84.54,Oui,Non
STD_2026_0519,DTJA,P5,52.76,Non,Non
STD_2026_0519,EMP,P5,80.06,Oui,Non
STD_2026_0519,FIC,P5,74.49,Sous condition,Non
STD_2026_0520,AEE,P1,51.01,Non,Non
STD_2026_0520,IAA,P1,53.53,Non,Non
STD_2026_0520,PIP,P1,46.26,Non,Non
STD_2026_0520,EMII,P2,48.98,Non,Non
STD_2026_0520,GCA,P2,48.54,Non,Non
STD_2026_0520,ICMP,P2,50.73,Non,Non
STD_2026_0520,ESIIA,P3,48.91,Non,Non
STD_2026_0520,IGGLIA,P3,75.46,Oui,Non
STD_2026_0520,IMTICIA,P3,74.98,Sous condition,Oui
STD_2026_0520,ISAIA,P3,76.08,Oui,Non
STD_2026_0520,TEE,P4,67.96,Sous condition,Non
STD_2026_0520,TEH,P4,80.43,Oui,Non
STD_2026_0520,CAA,P5,83.2,Oui,Non
STD_2026_0520,DTJA,P5,73.73,Sous condition,Non
STD_2026_0520,EMP,P5,78.18,Oui,Non
STD_2026_0520,FIC,P5,88.88,Oui,Non
STD_2026_0521,AEE,P1,61.71,Non,Non
STD_2026_0521,IAA,P1,78.45,Oui,Non
STD_2026_0521,PIP,P1,62.6,Non,Non
STD_2026_0521,EMII,P2,86.63,Oui,Non
STD_2026_0521,GCA,P2,75.31,Oui,Non
STD_2026_0521,ICMP,P2,84.67,Oui,Non
STD_2026_0521,ESIIA,P3,90.7,Oui,Non
STD_2026_0521,IGGLIA,P3,83.04,Oui,Non
STD_2026_0521,IMTICIA,P3,91.13,Oui,Non
STD_2026_0521,ISAIA,P3,58.63,Non,Oui
STD_2026_0521,TEE,P4,62.23,Non,Non
STD_2026_0521,TEH,P4,59.37,Non,Non
STD_2026_0521,CAA,P5,62.64,Non,Non
STD_2026_0521,DTJA,P5,53.25,Non,Non
STD_2026_0521,EMP,P5,61.36,Non,Non
STD_2026_0521,FIC,P5,58.97,Non,Non
STD_2026_0522,AEE,P1,68.96,Sous condition,Non
STD_2026_0522,IAA,P1,43.63,Non,Non
STD_2026_0522,PIP,P1,42.6,Non,Non
STD_2026_0522,EMII,P2,39.14,Non,Non
STD_2026_0522,GCA,P2,40.54,Non,Non
STD_2026_0522,ICMP,P2,39.71,Non,Non
STD_2026_0522,ESIIA,P3,46.98,Non,Non
STD_2026_0522,IGGLIA,P3,67.06,Sous condition,Non
STD_2026_0522,IMTICIA,P3,64.28,Sous condition,Non
STD_2026_0522,ISAIA,P3,41.58,Non,Non
STD_2026_0522,TEE,P4,69.89,Sous condition,Oui
STD_2026_0522,TEH,P4,72.65,Sous condition,Non
STD_2026_0522,CAA,P5,73.59,Sous condition,Non
STD_2026_0522,DTJA,P5,76.0,Oui,Non
STD_2026_0522,EMP,P5,68.12,Sous condition,Non
STD_2026_0522,FIC,P5,39.16,Non,Non
STD_2026_0523,AEE,P1,74.2,Sous condition,Non
STD_2026_0523,IAA,P1,54.51,Non,Non
STD_2026_0523,PIP,P1,59.74,Non,Non
STD_2026_0523,EMII,P2,56.47,Non,Non
STD_2026_0523,GCA,P2,52.12,Non,Non
STD_2026_0523,ICMP,P2,54.95,Non,Non
STD_2026_0523,ESIIA,P3,49.06,Non,Non
STD_2026_0523,IGGLIA,P3,77.55,Oui,Non
STD_2026_0523,IMTICIA,P3,79.15,Oui,Non
STD_2026_0523,ISAIA,P3,60.68,Non,Non
STD_2026_0523,TEE,P4,81.5,Oui,Non
STD_2026_0523,TEH,P4,86.19,Oui,Oui
STD_2026_0523,CAA,P5,86.04,Oui,Non
STD_2026_0523,DTJA,P5,77.96,Oui,Non
STD_2026_0523,EMP,P5,82.23,Oui,Non
STD_2026_0523,FIC,P5,65.28,Non,Non
STD_2026_0524,AEE,P1,75.17,Oui,Non
STD_2026_0524,IAA,P1,45.6,Non,Non
STD_2026_0524,PIP,P1,45.65,Non,Non
STD_2026_0524,EMII,P2,42.64,Non,Non
STD_2026_0524,GCA,P2,40.28,Non,Non
STD_2026_0524,ICMP,P2,40.55,Non,Non
STD_2026_0524,ESIIA,P3,42.35,Non,Non
STD_2026_0524,IGGLIA,P3,70.6,Sous condition,Non
STD_2026_0524,IMTICIA,P3,75.27,Oui,Non
STD_2026_0524,ISAIA,P3,48.53,Non,Non
STD_2026_0524,TEE,P4,75.89,Oui,Non
STD_2026_0524,TEH,P4,72.88,Sous condition,Non
STD_2026_0524,CAA,P5,72.22,Sous condition,Oui
STD_2026_0524,DTJA,P5,74.95,Sous condition,Non
STD_2026_0524,EMP,P5,77.95,Oui,Non
STD_2026_0524,FIC,P5,46.98,Non,Non
STD_2026_0525,AEE,P1,50.8,Non,Non
STD_2026_0525,IAA,P1,50.48,Non,Non
STD_2026_0525,PIP,P1,47.17,Non,Non
STD_2026_0525,EMII,P2,40.53,Non,Non
STD_2026_0525,GCA,P2,51.31,Non,Non
STD_2026_0525,ICMP,P2,60.27,Non,Non
STD_2026_0525,ESIIA,P3,54.44,Non,Non
STD_2026_0525,IGGLIA,P3,53.31,Non,Non
STD_2026_0525,IMTICIA,P3,78.35,Oui,Non
STD_2026_0525,ISAIA,P3,54.95,Non,Non
STD_2026_0525,TEE,P4,72.3,Sous condition,Non
STD_2026_0525,TEH,P4,70.17,Sous condition,Non
STD_2026_0525,CAA,P5,71.79,Sous condition,Non
STD_2026_0525,DTJA,P5,71.74,Sous condition,Oui
STD_2026_0525,EMP,P5,51.13,Non,Non
STD_2026_0525,FIC,P5,57.83,Non,Non
STD_2026_0526,AEE,P1,86.59,Oui,Non
STD_2026_0526,IAA,P1,84.79,Oui,Non
STD_2026_0526,PIP,P1,77.12,Oui,Non
STD_2026_0526,EMII,P2,73.62,Sous condition,Non
STD_2026_0526,GCA,P2,73.76,Sous condition,Non
STD_2026_0526,ICMP,P2,84.72,Oui,Non
STD_2026_0526,ESIIA,P3,71.36,Sous condition,Non
STD_2026_0526,IGGLIA,P3,76.67,Oui,Non
STD_2026_0526,IMTICIA,P3,76.94,Oui,Non
STD_2026_0526,ISAIA,P3,79.83,Oui,Non
STD_2026_0526,TEE,P4,59.05,Non,Non
STD_2026_0526,TEH,P4,51.26,Non,Non
STD_2026_0526,CAA,P5,80.15,Oui,Non
STD_2026_0526,DTJA,P5,44.86,Non,Non
STD_2026_0526,EMP,P5,83.3,Oui,Oui
STD_2026_0526,FIC,P5,92.6,Oui,Non
STD_2026_0527,AEE,P1,76.29,Oui,Non
STD_2026_0527,IAA,P1,83.05,Oui,Non
STD_2026_0527,PIP,P1,71.84,Sous condition,Non
STD_2026_0527,EMII,P2,74.26,Sous condition,Non
STD_2026_0527,GCA,P2,70.61,Sous condition,Non
STD_2026_0527,ICMP,P2,83.39,Oui,Non
STD_2026_0527,ESIIA,P3,56.67,Non,Non
STD_2026_0527,IGGLIA,P3,79.03,Oui,Non
STD_2026_0527,IMTICIA,P3,75.84,Oui,Non
STD_2026_0527,ISAIA,P3,79.89,Oui,Non
STD_2026_0527,TEE,P4,69.59,Sous condition,Non
STD_2026_0527,TEH,P4,66.37,Sous condition,Non
STD_2026_0527,CAA,P5,71.19,Sous condition,Non
STD_2026_0527,DTJA,P5,75.96,Oui,Non
STD_2026_0527,EMP,P5,79.46,Oui,Non
STD_2026_0527,FIC,P5,78.45,Oui,Oui
STD_2026_0528,AEE,P1,80.36,Oui,Oui
STD_2026_0528,IAA,P1,77.06,Oui,Non
STD_2026_0528,PIP,P1,84.53,Oui,Non
STD_2026_0528,EMII,P2,79.86,Oui,Non
STD_2026_0528,GCA,P2,77.55,Oui,Non
STD_2026_0528,ICMP,P2,80.24,Oui,Non
STD_2026_0528,ESIIA,P3,81.36,Oui,Non
STD_2026_0528,IGGLIA,P3,81.64,Oui,Non
STD_2026_0528,IMTICIA,P3,79.34,Oui,Non
STD_2026_0528,ISAIA,P3,85.18,Oui,Non
STD_2026_0528,TEE,P4,77.91,Oui,Non
STD_2026_0528,TEH,P4,54.43,Non,Non
STD_2026_0528,CAA,P5,85.91,Oui,Non
STD_2026_0528,DTJA,P5,52.88,Non,Non
STD_2026_0528,EMP,P5,80.78,Oui,Non
STD_2026_0528,FIC,P5,82.18,Oui,Non
STD_2026_0529,AEE,P1,54.31,Non,Non
STD_2026_0529,IAA,P1,58.85,Non,Oui
STD_2026_0529,PIP,P1,57.06,Non,Non
STD_2026_0529,EMII,P2,58.67,Non,Non
STD_2026_0529,GCA,P2,57.19,Non,Non
STD_2026_0529,ICMP,P2,76.21,Non,Non
STD_2026_0529,ESIIA,P3,61.61,Non,Non
STD_2026_0529,IGGLIA,P3,82.42,Oui,Non
STD_2026_0529,IMTICIA,P3,82.25,Oui,Non
STD_2026_0529,ISAIA,P3,76.56,Oui,Non
STD_2026_0529,TEE,P4,71.75,Sous condition,Non
STD_2026_0529,TEH,P4,73.35,Sous condition,Non
STD_2026_0529,CAA,P5,83.39,Oui,Non
STD_2026_0529,DTJA,P5,73.62,Sous condition,Non
STD_2026_0529,EMP,P5,86.45,Oui,Non
STD_2026_0529,FIC,P5,89.37,Oui,Non
STD_2026_0530,AEE,P1,56.51,Non,Non
STD_2026_0530,IAA,P1,79.81,Oui,Non
STD_2026_0530,PIP,P1,58.31,Non,Oui
STD_2026_0530,EMII,P2,82.68,Oui,Non
STD_2026_0530,GCA,P2,88.1,Oui,Non
STD_2026_0530,ICMP,P2,86.51,Oui,Non
STD_2026_0530,ESIIA,P3,86.71,Oui,Non
STD_2026_0530,IGGLIA,P3,83.76,Oui,Non
STD_2026_0530,IMTICIA,P3,81.42,Oui,Non
STD_2026_0530,ISAIA,P3,57.69,Non,Non
STD_2026_0530,TEE,P4,53.37,Non,Non
STD_2026_0530,TEH,P4,54.64,Non,Non
STD_2026_0530,CAA,P5,60.59,Non,Non
STD_2026_0530,DTJA,P5,51.29,Non,Non
STD_2026_0530,EMP,P5,55.55,Non,Non
STD_2026_0530,FIC,P5,62.65,Non,Non
STD_2026_0531,AEE,P1,72.86,Sous condition,Non
STD_2026_0531,IAA,P1,55.03,Non,Non
STD_2026_0531,PIP,P1,48.57,Non,Non
STD_2026_0531,EMII,P2,44.95,Non,Oui
STD_2026_0531,GCA,P2,50.3,Non,Non
STD_2026_0531,ICMP,P2,44.63,Non,Non
STD_2026_0531,ESIIA,P3,47.39,Non,Non
STD_2026_0531,IGGLIA,P3,77.25,Oui,Non
STD_2026_0531,IMTICIA,P3,73.8,Sous condition,Non
STD_2026_0531,ISAIA,P3,52.29,Non,Non
STD_2026_0531,TEE,P4,79.26,Oui,Non
STD_2026_0531,TEH,P4,81.71,Oui,Non
STD_2026_0531,CAA,P5,78.58,Oui,Non
STD_2026_0531,DTJA,P5,86.78,Oui,Non
STD_2026_0531,EMP,P5,72.85,Sous condition,Non
STD_2026_0531,FIC,P5,55.27,Non,Non
STD_2026_0532,AEE,P1,71.23,Sous condition,Non
STD_2026_0532,IAA,P1,50.5,Non,Non
STD_2026_0532,PIP,P1,47.59,Non,Non
STD_2026_0532,EMII,P2,51.08,Non,Non
STD_2026_0532,GCA,P2,49.4,Non,Oui
STD_2026_0532,ICMP,P2,42.06,Non,Non
STD_2026_0532,ESIIA,P3,41.77,Non,Non
STD_2026_0532,IGGLIA,P3,74.7,Sous condition,Non
STD_2026_0532,IMTICIA,P3,72.73,Sous condition,Non
STD_2026_0532,ISAIA,P3,50.01,Non,Non
STD_2026_0532,TEE,P4,74.46,Sous condition,Non
STD_2026_0532,TEH,P4,76.1,Oui,Non
STD_2026_0532,CAA,P5,71.06,Sous condition,Non
STD_2026_0532,DTJA,P5,82.51,Oui,Non
STD_2026_0532,EMP,P5,72.51,Sous condition,Non
STD_2026_0532,FIC,P5,53.94,Non,Non
STD_2026_0533,AEE,P1,69.67,Sous condition,Non
STD_2026_0533,IAA,P1,47.98,Non,Non
STD_2026_0533,PIP,P1,49.85,Non,Non
STD_2026_0533,EMII,P2,50.18,Non,Non
STD_2026_0533,GCA,P2,47.53,Non,Non
STD_2026_0533,ICMP,P2,47.24,Non,Oui
STD_2026_0533,ESIIA,P3,47.63,Non,Non
STD_2026_0533,IGGLIA,P3,76.0,Oui,Non
STD_2026_0533,IMTICIA,P3,73.35,Sous condition,Non
STD_2026_0533,ISAIA,P3,51.07,Non,Non
STD_2026_0533,TEE,P4,79.56,Oui,Non
STD_2026_0533,TEH,P4,74.35,Sous condition,Non
STD_2026_0533,CAA,P5,77.92,Oui,Non
STD_2026_0533,DTJA,P5,82.49,Oui,Non
STD_2026_0533,EMP,P5,72.52,Sous condition,Non
STD_2026_0533,FIC,P5,49.41,Non,Non
STD_2026_0534,AEE,P1,49.65,Non,Non
STD_2026_0534,IAA,P1,56.1,Non,Non
STD_2026_0534,PIP,P1,56.15,Non,Non
STD_2026_0534,EMII,P2,54.96,Non,Non
STD_2026_0534,GCA,P2,52.83,Non,Non
STD_2026_0534,ICMP,P2,55.44,Non,Non
STD_2026_0534,ESIIA,P3,52.92,Non,Oui
STD_2026_0534,IGGLIA,P3,53.46,Non,Non
STD_2026_0534,IMTICIA,P3,77.97,Oui,Non
STD_2026_0534,ISAIA,P3,49.28,Non,Non
STD_2026_0534,TEE,P4,77.08,Oui,Non
STD_2026_0534,TEH,P4,75.93,Oui,Non
STD_2026_0534,CAA,P5,73.95,Sous condition,Non
STD_2026_0534,DTJA,P5,77.74,Oui,Non
STD_2026_0534,EMP,P5,54.29,Non,Non
STD_2026_0534,FIC,P5,54.03,Non,Non
STD_2026_0535,AEE,P1,81.94,Oui,Non
STD_2026_0535,IAA,P1,79.24,Oui,Non
STD_2026_0535,PIP,P1,78.99,Oui,Non
STD_2026_0535,EMII,P2,77.93,Oui,Non
STD_2026_0535,GCA,P2,78.39,Oui,Non
STD_2026_0535,ICMP,P2,88.13,Oui,Non
STD_2026_0535,ESIIA,P3,81.74,Oui,Non
STD_2026_0535,IGGLIA,P3,77.51,Oui,Oui
STD_2026_0535,IMTICIA,P3,76.66,Oui,Non
STD_2026_0535,ISAIA,P3,79.03,Oui,Non
STD_2026_0535,TEE,P4,46.59,Non,Non
STD_2026_0535,TEH,P4,40.03,Non,Non
STD_2026_0535,CAA,P5,74.97,Sous condition,Non
STD_2026_0535,DTJA,P5,50.6,Non,Non
STD_2026_0535,EMP,P5,73.58,Sous condition,Non
STD_2026_0535,FIC,P5,78.08,Oui,Non
STD_2026_0536,AEE,P1,84.8,Oui,Non
STD_2026_0536,IAA,P1,79.31,Oui,Non
STD_2026_0536,PIP,P1,79.05,Oui,Non
STD_2026_0536,EMII,P2,81.91,Oui,Non
STD_2026_0536,GCA,P2,81.46,Oui,Non
STD_2026_0536,ICMP,P2,82.38,Oui,Non
STD_2026_0536,ESIIA,P3,61.93,Non,Non
STD_2026_0536,IGGLIA,P3,82.52,Oui,Non
STD_2026_0536,IMTICIA,P3,75.47,Oui,Oui
STD_2026_0536,ISAIA,P3,69.22,Sous condition,Non
STD_2026_0536,TEE,P4,79.27,Oui,Non
STD_2026_0536,TEH,P4,81.86,Oui,Non
STD_2026_0536,CAA,P5,74.72,Sous condition,Non
STD_2026_0536,DTJA,P5,75.68,Oui,Non
STD_2026_0536,EMP,P5,72.89,Sous condition,Non
STD_2026_0536,FIC,P5,74.26,Sous condition,Non
STD_2026_0537,AEE,P1,81.8,Oui,Non
STD_2026_0537,IAA,P1,78.04,Oui,Non
STD_2026_0537,PIP,P1,82.34,Oui,Non
STD_2026_0537,EMII,P2,84.82,Oui,Non
STD_2026_0537,GCA,P2,83.31,Oui,Non
STD_2026_0537,ICMP,P2,84.07,Oui,Non
STD_2026_0537,ESIIA,P3,80.44,Oui,Non
STD_2026_0537,IGGLIA,P3,76.81,Oui,Non
STD_2026_0537,IMTICIA,P3,77.68,Oui,Non
STD_2026_0537,ISAIA,P3,80.53,Oui,Oui
STD_2026_0537,TEE,P4,76.73,Oui,Non
STD_2026_0537,TEH,P4,45.73,Non,Non
STD_2026_0537,CAA,P5,76.78,Oui,Non
STD_2026_0537,DTJA,P5,46.68,Non,Non
STD_2026_0537,EMP,P5,77.27,Oui,Non
STD_2026_0537,FIC,P5,91.08,Oui,Non
STD_2026_0538,AEE,P1,58.28,Non,Non
STD_2026_0538,IAA,P1,53.18,Non,Non
STD_2026_0538,PIP,P1,51.23,Non,Non
STD_2026_0538,EMII,P2,44.4,Non,Non
STD_2026_0538,GCA,P2,50.45,Non,Non
STD_2026_0538,ICMP,P2,51.55,Non,Non
STD_2026_0538,ESIIA,P3,49.54,Non,Non
STD_2026_0538,IGGLIA,P3,78.95,Oui,Non
STD_2026_0538,IMTICIA,P3,80.49,Oui,Non
STD_2026_0538,ISAIA,P3,81.68,Oui,Non
STD_2026_0538,TEE,P4,78.8,Oui,Oui
STD_2026_0538,TEH,P4,74.24,Sous condition,Non
STD_2026_0538,CAA,P5,77.1,Oui,Non
STD_2026_0538,DTJA,P5,72.92,Sous condition,Non
STD_2026_0538,EMP,P5,80.79,Oui,Non
STD_2026_0538,FIC,P5,83.87,Oui,Non
STD_2026_0539,AEE,P1,57.22,Non,Non
STD_2026_0539,IAA,P1,80.22,Oui,Non
STD_2026_0539,PIP,P1,54.58,Non,Non
STD_2026_0539,EMII,P2,82.27,Oui,Non
STD_2026_0539,GCA,P2,89.38,Oui,Non
STD_2026_0539,ICMP,P2,94.85,Oui,Non
STD_2026_0539,ESIIA,P3,87.23,Oui,Non
STD_2026_0539,IGGLIA,P3,80.5,Oui,Non
STD_2026_0539,IMTICIA,P3,77.46,Oui,Non
STD_2026_0539,ISAIA,P3,57.93,Non,Non
STD_2026_0539,TEE,P4,55.62,Non,Non
STD_2026_0539,TEH,P4,50.9,Non,Oui
STD_2026_0539,CAA,P5,59.81,Non,Non
STD_2026_0539,DTJA,P5,56.73,Non,Non
STD_2026_0539,EMP,P5,54.94,Non,Non
STD_2026_0539,FIC,P5,49.38,Non,Non
STD_2026_0540,AEE,P1,69.72,Sous condition,Non
STD_2026_0540,IAA,P1,42.85,Non,Non
STD_2026_0540,PIP,P1,47.0,Non,Non
STD_2026_0540,EMII,P2,41.1,Non,Non
STD_2026_0540,GCA,P2,42.96,Non,Non
STD_2026_0540,ICMP,P2,38.59,Non,Non
STD_2026_0540,ESIIA,P3,42.81,Non,Non
STD_2026_0540,IGGLIA,P3,66.66,Sous condition,Non
STD_2026_0540,IMTICIA,P3,70.83,Sous condition,Non
STD_2026_0540,ISAIA,P3,44.69,Non,Non
STD_2026_0540,TEE,P4,73.8,Sous condition,Non
STD_2026_0540,TEH,P4,77.3,Oui,Non
STD_2026_0540,CAA,P5,67.98,Sous condition,Oui
STD_2026_0540,DTJA,P5,70.34,Sous condition,Non
STD_2026_0540,EMP,P5,66.33,Sous condition,Non
STD_2026_0540,FIC,P5,43.44,Non,Non
STD_2026_0541,AEE,P1,70.39,Sous condition,Non
STD_2026_0541,IAA,P1,44.55,Non,Non
STD_2026_0541,PIP,P1,45.9,Non,Non
STD_2026_0541,EMII,P2,49.31,Non,Non
STD_2026_0541,GCA,P2,42.3,Non,Non
STD_2026_0541,ICMP,P2,45.49,Non,Non
STD_2026_0541,ESIIA,P3,46.03,Non,Non
STD_2026_0541,IGGLIA,P3,70.11,Sous condition,Non
STD_2026_0541,IMTICIA,P3,76.33,Oui,Non
STD_2026_0541,ISAIA,P3,46.24,Non,Non
STD_2026_0541,TEE,P4,74.9,Sous condition,Non
STD_2026_0541,TEH,P4,71.06,Sous condition,Non
STD_2026_0541,CAA,P5,65.46,Sous condition,Non
STD_2026_0541,DTJA,P5,72.38,Sous condition,Oui
STD_2026_0541,EMP,P5,69.15,Sous condition,Non
STD_2026_0541,FIC,P5,43.54,Non,Non
STD_2026_0542,AEE,P1,78.45,Oui,Non
STD_2026_0542,IAA,P1,51.74,Non,Non
STD_2026_0542,PIP,P1,48.01,Non,Non
STD_2026_0542,EMII,P2,46.96,Non,Non
STD_2026_0542,GCA,P2,40.86,Non,Non
STD_2026_0542,ICMP,P2,45.75,Non,Non
STD_2026_0542,ESIIA,P3,53.84,Non,Non
STD_2026_0542,IGGLIA,P3,82.54,Oui,Non
STD_2026_0542,IMTICIA,P3,81.2,Oui,Non
STD_2026_0542,ISAIA,P3,50.46,Non,Non
STD_2026_0542,TEE,P4,71.03,Sous condition,Non
STD_2026_0542,TEH,P4,74.71,Sous condition,Non
STD_2026_0542,CAA,P5,75.97,Oui,Non
STD_2026_0542,DTJA,P5,74.93,Sous condition,Non
STD_2026_0542,EMP,P5,83.56,Oui,Oui
STD_2026_0542,FIC,P5,60.13,Non,Non
STD_2026_0543,AEE,P1,39.29,Non,Non
STD_2026_0543,IAA,P1,36.24,Non,Non
STD_2026_0543,PIP,P1,38.19,Non,Non
STD_2026_0543,EMII,P2,31.64,Non,Non
STD_2026_0543,GCA,P2,30.96,Non,Non
STD_2026_0543,ICMP,P2,22.65,Non,Non
STD_2026_0543,ESIIA,P3,33.94,Non,Non
STD_2026_0543,IGGLIA,P3,33.33,Non,Non
STD_2026_0543,IMTICIA,P3,70.53,Sous condition,Non
STD_2026_0543,ISAIA,P3,38.23,Non,Non
STD_2026_0543,TEE,P4,75.96,Oui,Non
STD_2026_0543,TEH,P4,74.42,Sous condition,Non
STD_2026_0543,CAA,P5,63.93,Sous condition,Non
STD_2026_0543,DTJA,P5,71.81,Sous condition,Non
STD_2026_0543,EMP,P5,35.77,Non,Non
STD_2026_0543,FIC,P5,37.43,Non,Oui
STD_2026_0544,AEE,P1,75.63,Oui,Oui
STD_2026_0544,IAA,P1,81.55,Oui,Non
STD_2026_0544,PIP,P1,82.31,Oui,Non
STD_2026_0544,EMII,P2,78.07,Oui,Non
STD_2026_0544,GCA,P2,76.48,Oui,Non
STD_2026_0544,ICMP,P2,80.46,Oui,Non
STD_2026_0544,ESIIA,P3,76.51,Oui,Non
STD_2026_0544,IGGLIA,P3,74.29,Sous condition,Non
STD_2026_0544,IMTICIA,P3,76.65,Oui,Non
STD_2026_0544,ISAIA,P3,76.96,Oui,Non
STD_2026_0544,TEE,P4,45.53,Non,Non
STD_2026_0544,TEH,P4,48.23,Non,Non
STD_2026_0544,CAA,P5,77.35,Oui,Non
STD_2026_0544,DTJA,P5,50.22,Non,Non
STD_2026_0544,EMP,P5,81.45,Oui,Non
STD_2026_0544,FIC,P5,71.46,Sous condition,Non
STD_2026_0545,AEE,P1,73.56,Sous condition,Non
STD_2026_0545,IAA,P1,77.81,Oui,Oui
STD_2026_0545,PIP,P1,81.75,Oui,Non
STD_2026_0545,EMII,P2,81.41,Oui,Non
STD_2026_0545,GCA,P2,73.81,Sous condition,Non
STD_2026_0545,ICMP,P2,78.16,Oui,Non
STD_2026_0545,ESIIA,P3,58.25,Non,Non
STD_2026_0545,IGGLIA,P3,82.41,Oui,Non
STD_2026_0545,IMTICIA,P3,72.67,Sous condition,Non
STD_2026_0545,ISAIA,P3,80.02,Oui,Non
STD_2026_0545,TEE,P4,79.51,Oui,Non
STD_2026_0545,TEH,P4,79.09,Oui,Non
STD_2026_0545,CAA,P5,79.76,Oui,Non
STD_2026_0545,DTJA,P5,77.61,Oui,Non
STD_2026_0545,EMP,P5,79.59,Oui,Non
STD_2026_0545,FIC,P5,76.22,Oui,Non
STD_2026_0546,AEE,P1,77.72,Oui,Non
STD_2026_0546,IAA,P1,76.0,Oui,Non
STD_2026_0546,PIP,P1,82.02,Oui,Oui
STD_2026_0546,EMII,P2,79.4,Oui,Non
STD_2026_0546,GCA,P2,88.51,Oui,Non
STD_2026_0546,ICMP,P2,80.42,Oui,Non
STD_2026_0546,ESIIA,P3,78.62,Oui,Non
STD_2026_0546,IGGLIA,P3,71.63,Sous condition,Non
STD_2026_0546,IMTICIA,P3,70.54,Sous condition,Non
STD_2026_0546,ISAIA,P3,70.09,Sous condition,Non
STD_2026_0546,TEE,P4,79.24,Oui,Non
STD_2026_0546,TEH,P4,47.4,Non,Non
STD_2026_0546,CAA,P5,71.27,Sous condition,Non
STD_2026_0546,DTJA,P5,48.51,Non,Non
STD_2026_0546,EMP,P5,73.75,Sous condition,Non
STD_2026_0546,FIC,P5,82.06,Oui,Non
STD_2026_0547,AEE,P1,65.89,Non,Non
STD_2026_0547,IAA,P1,61.0,Non,Non
STD_2026_0547,PIP,P1,62.53,Non,Non
STD_2026_0547,EMII,P2,68.94,Non,Oui
STD_2026_0547,GCA,P2,60.11,Non,Non
STD_2026_0547,ICMP,P2,64.14,Non,Non
STD_2026_0547,ESIIA,P3,61.58,Non,Non
STD_2026_0547,IGGLIA,P3,88.59,Oui,Non
STD_2026_0547,IMTICIA,P3,95.07,Oui,Non
STD_2026_0547,ISAIA,P3,85.72,Oui,Non
STD_2026_0547,TEE,P4,82.05,Oui,Non
STD_2026_0547,TEH,P4,84.16,Oui,Non
STD_2026_0547,CAA,P5,82.79,Oui,Non
STD_2026_0547,DTJA,P5,82.4,Oui,Non
STD_2026_0547,EMP,P5,84.97,Oui,Non
STD_2026_0547,FIC,P5,84.74,Oui,Non
STD_2026_0548,AEE,P1,39.06,Non,Non
STD_2026_0548,IAA,P1,72.36,Sous condition,Non
STD_2026_0548,PIP,P1,44.54,Non,Non
STD_2026_0548,EMII,P2,81.61,Oui,Non
STD_2026_0548,GCA,P2,72.94,Sous condition,Oui
STD_2026_0548,ICMP,P2,74.77,Sous condition,Non
STD_2026_0548,ESIIA,P3,80.32,Oui,Non
STD_2026_0548,IGGLIA,P3,72.94,Sous condition,Non
STD_2026_0548,IMTICIA,P3,79.05,Oui,Non
STD_2026_0548,ISAIA,P3,50.77,Non,Non
STD_2026_0548,TEE,P4,48.03,Non,Non
STD_2026_0548,TEH,P4,52.01,Non,Non
STD_2026_0548,CAA,P5,47.55,Non,Non
STD_2026_0548,DTJA,P5,44.06,Non,Non
STD_2026_0548,EMP,P5,44.11,Non,Non
STD_2026_0548,FIC,P5,38.22,Non,Non
STD_2026_0549,AEE,P1,67.38,Sous condition,Non
STD_2026_0549,IAA,P1,45.79,Non,Non
STD_2026_0549,PIP,P1,49.59,Non,Non
STD_2026_0549,EMII,P2,44.58,Non,Non
STD_2026_0549,GCA,P2,50.4,Non,Non
STD_2026_0549,ICMP,P2,44.24,Non,Oui
STD_2026_0549,ESIIA,P3,51.98,Non,Non
STD_2026_0549,IGGLIA,P3,74.56,Sous condition,Non
STD_2026_0549,IMTICIA,P3,75.22,Oui,Non
STD_2026_0549,ISAIA,P3,47.09,Non,Non
STD_2026_0549,TEE,P4,78.18,Oui,Non
STD_2026_0549,TEH,P4,76.46,Oui,Non
STD_2026_0549,CAA,P5,74.18,Sous condition,Non
STD_2026_0549,DTJA,P5,79.14,Oui,Non
STD_2026_0549,EMP,P5,66.49,Sous condition,Non
STD_2026_0549,FIC,P5,48.55,Non,Non
STD_2026_0550,AEE,P1,78.13,Oui,Non
STD_2026_0550,IAA,P1,43.53,Non,Non
STD_2026_0550,PIP,P1,46.35,Non,Non
STD_2026_0550,EMII,P2,55.17,Non,Non
STD_2026_0550,GCA,P2,58.97,Non,Non
STD_2026_0550,ICMP,P2,53.81,Non,Non
STD_2026_0550,ESIIA,P3,60.27,Non,Oui
STD_2026_0550,IGGLIA,P3,80.69,Oui,Non
STD_2026_0550,IMTICIA,P3,78.63,Oui,Non
STD_2026_0550,ISAIA,P3,53.08,Non,Non
STD_2026_0550,TEE,P4,79.5,Oui,Non
STD_2026_0550,TEH,P4,79.7,Oui,Non
STD_2026_0550,CAA,P5,75.6,Oui,Non
STD_2026_0550,DTJA,P5,81.61,Oui,Non
STD_2026_0550,EMP,P5,74.73,Sous condition,Non
STD_2026_0550,FIC,P5,54.26,Non,Non
STD_2026_0551,AEE,P1,76.18,Oui,Non
STD_2026_0551,IAA,P1,52.54,Non,Non
STD_2026_0551,PIP,P1,49.88,Non,Non
STD_2026_0551,EMII,P2,46.39,Non,Non
STD_2026_0551,GCA,P2,47.63,Non,Non
STD_2026_0551,ICMP,P2,48.14,Non,Non
STD_2026_0551,ESIIA,P3,49.29,Non,Non
STD_2026_0551,IGGLIA,P3,77.07,Oui,Oui
STD_2026_0551,IMTICIA,P3,77.8,Oui,Non
STD_2026_0551,ISAIA,P3,52.86,Non,Non
STD_2026_0551,TEE,P4,83.8,Oui,Non
STD_2026_0551,TEH,P4,76.34,Oui,Non
STD_2026_0551,CAA,P5,78.0,Oui,Non
STD_2026_0551,DTJA,P5,72.27,Sous condition,Non
STD_2026_0551,EMP,P5,74.99,Sous condition,Non
STD_2026_0551,FIC,P5,50.44,Non,Non
STD_2026_0552,AEE,P1,50.13,Non,Non
STD_2026_0552,IAA,P1,53.86,Non,Non
STD_2026_0552,PIP,P1,55.98,Non,Non
STD_2026_0552,EMII,P2,46.22,Non,Non
STD_2026_0552,GCA,P2,46.05,Non,Non
STD_2026_0552,ICMP,P2,57.0,Non,Non
STD_2026_0552,ESIIA,P3,48.14,Non,Non
STD_2026_0552,IGGLIA,P3,43.29,Non,Non
STD_2026_0552,IMTICIA,P3,71.53,Sous condition,Oui
STD_2026_0552,ISAIA,P3,48.61,Non,Non
STD_2026_0552,TEE,P4,69.46,Sous condition,Non
STD_2026_0552,TEH,P4,69.64,Sous condition,Non
STD_2026_0552,CAA,P5,72.78,Sous condition,Non
STD_2026_0552,DTJA,P5,77.23,Oui,Non
STD_2026_0552,EMP,P5,52.22,Non,Non
STD_2026_0552,FIC,P5,56.7,Non,Non
STD_2026_0553,AEE,P1,82.0,Oui,Non
STD_2026_0553,IAA,P1,86.13,Oui,Non
STD_2026_0553,PIP,P1,84.21,Oui,Non
STD_2026_0553,EMII,P2,84.49,Oui,Non
STD_2026_0553,GCA,P2,81.77,Oui,Non
STD_2026_0553,ICMP,P2,87.59,Oui,Non
STD_2026_0553,ESIIA,P3,80.61,Oui,Non
STD_2026_0553,IGGLIA,P3,84.18,Oui,Non
STD_2026_0553,IMTICIA,P3,79.71,Oui,Non
STD_2026_0553,ISAIA,P3,81.15,Oui,Oui
STD_2026_0553,TEE,P4,53.51,Non,Non
STD_2026_0553,TEH,P4,58.18,Non,Non
STD_2026_0553,CAA,P5,81.16,Oui,Non
STD_2026_0553,DTJA,P5,53.95,Non,Non
STD_2026_0553,EMP,P5,78.4,Oui,Non
STD_2026_0553,FIC,P5,86.95,Oui,Non
STD_2026_0554,AEE,P1,86.97,Oui,Non
STD_2026_0554,IAA,P1,87.08,Oui,Non
STD_2026_0554,PIP,P1,86.36,Oui,Non
STD_2026_0554,EMII,P2,81.07,Oui,Non
STD_2026_0554,GCA,P2,86.68,Oui,Non
STD_2026_0554,ICMP,P2,91.64,Oui,Non
STD_2026_0554,ESIIA,P3,52.08,Non,Non
STD_2026_0554,IGGLIA,P3,86.81,Oui,Non
STD_2026_0554,IMTICIA,P3,83.72,Oui,Non
STD_2026_0554,ISAIA,P3,85.61,Oui,Non
STD_2026_0554,TEE,P4,76.26,Oui,Oui
STD_2026_0554,TEH,P4,71.13,Sous condition,Non
STD_2026_0554,CAA,P5,90.49,Oui,Non
STD_2026_0554,DTJA,P5,82.51,Oui,Non
STD_2026_0554,EMP,P5,89.94,Oui,Non
STD_2026_0554,FIC,P5,88.98,Oui,Non
STD_2026_0555,AEE,P1,70.8,Sous condition,Non
STD_2026_0555,IAA,P1,68.12,Sous condition,Non
STD_2026_0555,PIP,P1,75.75,Oui,Non
STD_2026_0555,EMII,P2,76.33,Oui,Non
STD_2026_0555,GCA,P2,90.38,Oui,Non
STD_2026_0555,ICMP,P2,78.31,Oui,Non
STD_2026_0555,ESIIA,P3,77.78,Oui,Non
STD_2026_0555,IGGLIA,P3,65.31,Sous condition,Non
STD_2026_0555,IMTICIA,P3,64.01,Sous condition,Non
STD_2026_0555,ISAIA,P3,65.55,Sous condition,Non
STD_2026_0555,TEE,P4,69.27,Sous condition,Non
STD_2026_0555,TEH,P4,52.16,Non,Oui
STD_2026_0555,CAA,P5,69.22,Sous condition,Non
STD_2026_0555,DTJA,P5,49.76,Non,Non
STD_2026_0555,EMP,P5,69.63,Sous condition,Non
STD_2026_0555,FIC,P5,67.62,Sous condition,Non
STD_2026_0556,AEE,P1,53.59,Non,Non
STD_2026_0556,IAA,P1,50.99,Non,Non
STD_2026_0556,PIP,P1,51.36,Non,Non
STD_2026_0556,EMII,P2,56.21,Non,Non
STD_2026_0556,GCA,P2,62.92,Non,Non
STD_2026_0556,ICMP,P2,63.48,Non,Non
STD_2026_0556,ESIIA,P3,51.85,Non,Non
STD_2026_0556,IGGLIA,P3,75.76,Oui,Non
STD_2026_0556,IMTICIA,P3,76.66,Oui,Non
STD_2026_0556,ISAIA,P3,83.22,Oui,Non
STD_2026_0556,TEE,P4,79.75,Oui,Non
STD_2026_0556,TEH,P4,81.1,Oui,Non
STD_2026_0556,CAA,P5,82.35,Oui,Oui
STD_2026_0556,DTJA,P5,75.94,Oui,Non
STD_2026_0556,EMP,P5,82.52,Oui,Non
STD_2026_0556,FIC,P5,89.14,Oui,Non
STD_2026_0557,AEE,P1,56.37,Non,Non
STD_2026_0557,IAA,P1,77.19,Oui,Non
STD_2026_0557,PIP,P1,53.7,Non,Non
STD_2026_0557,EMII,P2,82.02,Oui,Non
STD_2026_0557,GCA,P2,82.07,Oui,Non
STD_2026_0557,ICMP,P2,81.45,Oui,Non
STD_2026_0557,ESIIA,P3,84.35,Oui,Non
STD_2026_0557,IGGLIA,P3,77.24,Oui,Non
STD_2026_0557,IMTICIA,P3,82.54,Oui,Non
STD_2026_0557,ISAIA,P3,58.54,Non,Non
STD_2026_0557,TEE,P4,47.34,Non,Non
STD_2026_0557,TEH,P4,53.05,Non,Non
STD_2026_0557,CAA,P5,52.34,Non,Non
STD_2026_0557,DTJA,P5,58.51,Non,Oui
STD_2026_0557,EMP,P5,55.64,Non,Non
STD_2026_0557,FIC,P5,59.37,Non,Non
STD_2026_0558,AEE,P1,75.16,Oui,Non
STD_2026_0558,IAA,P1,53.72,Non,Non
STD_2026_0558,PIP,P1,48.99,Non,Non
STD_2026_0558,EMII,P2,47.11,Non,Non
STD_2026_0558,GCA,P2,54.05,Non,Non
STD_2026_0558,ICMP,P2,54.72,Non,Non
STD_2026_0558,ESIIA,P3,52.19,Non,Non
STD_2026_0558,IGGLIA,P3,79.49,Oui,Non
STD_2026_0558,IMTICIA,P3,77.3,Oui,Non
STD_2026_0558,ISAIA,P3,62.12,Non,Non
STD_2026_0558,TEE,P4,79.29,Oui,Non
STD_2026_0558,TEH,P4,76.54,Oui,Non
STD_2026_0558,CAA,P5,79.39,Oui,Non
STD_2026_0558,DTJA,P5,78.77,Oui,Non
STD_2026_0558,EMP,P5,83.93,Oui,Oui
STD_2026_0558,FIC,P5,59.84,Non,Non
STD_2026_0559,AEE,P1,81.23,Oui,Non
STD_2026_0559,IAA,P1,47.68,Non,Non
STD_2026_0559,PIP,P1,51.85,Non,Non
STD_2026_0559,EMII,P2,51.01,Non,Non
STD_2026_0559,GCA,P2,48.7,Non,Non
STD_2026_0559,ICMP,P2,46.26,Non,Non
STD_2026_0559,ESIIA,P3,50.93,Non,Non
STD_2026_0559,IGGLIA,P3,81.13,Oui,Non
STD_2026_0559,IMTICIA,P3,82.07,Oui,Non
STD_2026_0559,ISAIA,P3,57.9,Non,Non
STD_2026_0559,TEE,P4,77.74,Oui,Non
STD_2026_0559,TEH,P4,81.06,Oui,Non
STD_2026_0559,CAA,P5,81.77,Oui,Non
STD_2026_0559,DTJA,P5,79.19,Oui,Non
STD_2026_0559,EMP,P5,79.48,Oui,Non
STD_2026_0559,FIC,P5,53.11,Non,Oui
STD_2026_0560,AEE,P1,76.66,Oui,Oui
STD_2026_0560,IAA,P1,55.62,Non,Non
STD_2026_0560,PIP,P1,50.84,Non,Non
STD_2026_0560,EMII,P2,57.39,Non,Non
STD_2026_0560,GCA,P2,54.33,Non,Non
STD_2026_0560,ICMP,P2,46.18,Non,Non
STD_2026_0560,ESIIA,P3,61.74,Non,Non
STD_2026_0560,IGGLIA,P3,78.92,Oui,Non
STD_2026_0560,IMTICIA,P3,74.38,Sous condition,Non
STD_2026_0560,ISAIA,P3,53.37,Non,Non
STD_2026_0560,TEE,P4,78.4,Oui,Non
STD_2026_0560,TEH,P4,77.17,Oui,Non
STD_2026_0560,CAA,P5,75.08,Oui,Non
STD_2026_0560,DTJA,P5,83.85,Oui,Non
STD_2026_0560,EMP,P5,78.16,Oui,Non
STD_2026_0560,FIC,P5,51.11,Non,Non
STD_2026_0561,AEE,P1,53.38,Non,Non
STD_2026_0561,IAA,P1,54.98,Non,Oui
STD_2026_0561,PIP,P1,49.24,Non,Non
STD_2026_0561,EMII,P2,51.31,Non,Non
STD_2026_0561,GCA,P2,48.45,Non,Non
STD_2026_0561,ICMP,P2,54.08,Non,Non
STD_2026_0561,ESIIA,P3,51.21,Non,Non
STD_2026_0561,IGGLIA,P3,57.45,Non,Non
STD_2026_0561,IMTICIA,P3,73.24,Sous condition,Non
STD_2026_0561,ISAIA,P3,50.26,Non,Non
STD_2026_0561,TEE,P4,77.33,Oui,Non
STD_2026_0561,TEH,P4,74.78,Sous condition,Non
STD_2026_0561,CAA,P5,76.39,Oui,Non
STD_2026_0561,DTJA,P5,73.26,Sous condition,Non
STD_2026_0561,EMP,P5,57.95,Non,Non
STD_2026_0561,FIC,P5,57.84,Non,Non
STD_2026_0562,AEE,P1,87.66,Oui,Non
STD_2026_0562,IAA,P1,80.32,Oui,Non
STD_2026_0562,PIP,P1,82.39,Oui,Oui
STD_2026_0562,EMII,P2,88.39,Oui,Non
STD_2026_0562,GCA,P2,86.2,Oui,Non
STD_2026_0562,ICMP,P2,84.46,Oui,Non
STD_2026_0562,ESIIA,P3,77.73,Oui,Non
STD_2026_0562,IGGLIA,P3,78.98,Oui,Non
STD_2026_0562,IMTICIA,P3,71.85,Sous condition,Non
STD_2026_0562,ISAIA,P3,76.09,Oui,Non
STD_2026_0562,TEE,P4,62.49,Non,Non
STD_2026_0562,TEH,P4,60.9,Non,Non
STD_2026_0562,CAA,P5,79.27,Oui,Non
STD_2026_0562,DTJA,P5,61.32,Non,Non
STD_2026_0562,EMP,P5,78.45,Oui,Non
STD_2026_0562,FIC,P5,72.05,Sous condition,Non
STD_2026_0563,AEE,P1,79.82,Oui,Non
STD_2026_0563,IAA,P1,81.39,Oui,Non
STD_2026_0563,PIP,P1,76.09,Oui,Non
STD_2026_0563,EMII,P2,68.99,Sous condition,Oui
STD_2026_0563,GCA,P2,77.7,Oui,Non
STD_2026_0563,ICMP,P2,82.73,Oui,Non
STD_2026_0563,ESIIA,P3,53.78,Non,Non
STD_2026_0563,IGGLIA,P3,70.98,Sous condition,Non
STD_2026_0563,IMTICIA,P3,77.78,Oui,Non
STD_2026_0563,ISAIA,P3,74.8,Sous condition,Non
STD_2026_0563,TEE,P4,76.62,Oui,Non
STD_2026_0563,TEH,P4,70.26,Sous condition,Non
STD_2026_0563,CAA,P5,73.21,Sous condition,Non
STD_2026_0563,DTJA,P5,67.56,Sous condition,Non
STD_2026_0563,EMP,P5,74.65,Sous condition,Non
STD_2026_0563,FIC,P5,75.2,Oui,Non
STD_2026_0564,AEE,P1,75.2,Oui,Non
STD_2026_0564,IAA,P1,75.33,Oui,Non
STD_2026_0564,PIP,P1,79.85,Oui,Non
STD_2026_0564,EMII,P2,80.09,Oui,Non
STD_2026_0564,GCA,P2,87.26,Oui,Oui
STD_2026_0564,ICMP,P2,80.94,Oui,Non
STD_2026_0564,ESIIA,P3,78.56,Oui,Non
STD_2026_0564,IGGLIA,P3,78.08,Oui,Non
STD_2026_0564,IMTICIA,P3,81.84,Oui,Non
STD_2026_0564,ISAIA,P3,73.69,Sous condition,Non
STD_2026_0564,TEE,P4,78.03,Oui,Non
STD_2026_0564,TEH,P4,55.49,Non,Non
STD_2026_0564,CAA,P5,71.73,Sous condition,Non
STD_2026_0564,DTJA,P5,44.31,Non,Non
STD_2026_0564,EMP,P5,77.64,Oui,Non
STD_2026_0564,FIC,P5,81.56,Oui,Non
STD_2026_0565,AEE,P1,49.34,Non,Non
STD_2026_0565,IAA,P1,50.8,Non,Non
STD_2026_0565,PIP,P1,52.22,Non,Non
STD_2026_0565,EMII,P2,45.29,Non,Non
STD_2026_0565,GCA,P2,43.27,Non,Non
STD_2026_0565,ICMP,P2,46.44,Non,Oui
STD_2026_0565,ESIIA,P3,49.77,Non,Non
STD_2026_0565,IGGLIA,P3,74.64,Sous condition,Non
STD_2026_0565,IMTICIA,P3,73.31,Sous condition,Non
STD_2026_0565,ISAIA,P3,75.57,Oui,Non
STD_2026_0565,TEE,P4,81.27,Oui,Non
STD_2026_0565,TEH,P4,81.67,Oui,Non
STD_2026_0565,CAA,P5,81.47,Oui,Non
STD_2026_0565,DTJA,P5,77.89,Oui,Non
STD_2026_0565,EMP,P5,78.09,Oui,Non
STD_2026_0565,FIC,P5,81.3,Oui,Non
STD_2026_0566,AEE,P1,47.6,Non,Non
STD_2026_0566,IAA,P1,72.08,Sous condition,Non
STD_2026_0566,PIP,P1,49.64,Non,Non
STD_2026_0566,EMII,P2,78.42,Oui,Non
STD_2026_0566,GCA,P2,79.84,Oui,Non
STD_2026_0566,ICMP,P2,90.4,Oui,Non
STD_2026_0566,ESIIA,P3,76.11,Oui,Oui
STD_2026_0566,IGGLIA,P3,73.55,Sous condition,Non
STD_2026_0566,IMTICIA,P3,76.04,Oui,Non
STD_2026_0566,ISAIA,P3,48.3,Non,Non
STD_2026_0566,TEE,P4,43.33,Non,Non
STD_2026_0566,TEH,P4,40.23,Non,Non
STD_2026_0566,CAA,P5,50.39,Non,Non
STD_2026_0566,DTJA,P5,48.05,Non,Non
STD_2026_0566,EMP,P5,49.6,Non,Non
STD_2026_0566,FIC,P5,53.47,Non,Non
STD_2026_0567,AEE,P1,70.39,Sous condition,Non
STD_2026_0567,IAA,P1,48.84,Non,Non
STD_2026_0567,PIP,P1,49.73,Non,Non
STD_2026_0567,EMII,P2,37.49,Non,Non
STD_2026_0567,GCA,P2,36.2,Non,Non
STD_2026_0567,ICMP,P2,40.69,Non,Non
STD_2026_0567,ESIIA,P3,41.16,Non,Non
STD_2026_0567,IGGLIA,P3,69.22,Sous condition,Oui
STD_2026_0567,IMTICIA,P3,73.42,Sous condition,Non
STD_2026_0567,ISAIA,P3,44.68,Non,Non
STD_2026_0567,TEE,P4,78.37,Oui,Non
STD_2026_0567,TEH,P4,72.39,Sous condition,Non
STD_2026_0567,CAA,P5,74.81,Sous condition,Non
STD_2026_0567,DTJA,P5,74.09,Sous condition,Non
STD_2026_0567,EMP,P5,73.49,Sous condition,Non
STD_2026_0567,FIC,P5,53.69,Non,Non
STD_2026_0568,AEE,P1,68.42,Sous condition,Non
STD_2026_0568,IAA,P1,45.34,Non,Non
STD_2026_0568,PIP,P1,41.33,Non,Non
STD_2026_0568,EMII,P2,44.69,Non,Non
STD_2026_0568,GCA,P2,50.79,Non,Non
STD_2026_0568,ICMP,P2,36.48,Non,Non
STD_2026_0568,ESIIA,P3,43.63,Non,Non
STD_2026_0568,IGGLIA,P3,70.6,Sous condition,Non
STD_2026_0568,IMTICIA,P3,71.07,Sous condition,Oui
STD_2026_0568,ISAIA,P3,44.59,Non,Non
STD_2026_0568,TEE,P4,82.19,Oui,Non
STD_2026_0568,TEH,P4,77.22,Oui,Non
STD_2026_0568,CAA,P5,79.02,Oui,Non
STD_2026_0568,DTJA,P5,76.19,Oui,Non
STD_2026_0568,EMP,P5,70.54,Sous condition,Non
STD_2026_0568,FIC,P5,49.27,Non,Non
STD_2026_0569,AEE,P1,64.13,Sous condition,Non
STD_2026_0569,IAA,P1,40.88,Non,Non
STD_2026_0569,PIP,P1,39.06,Non,Non
STD_2026_0569,EMII,P2,33.83,Non,Non
STD_2026_0569,GCA,P2,38.11,Non,Non
STD_2026_0569,ICMP,P2,41.14,Non,Non
STD_2026_0569,ESIIA,P3,26.92,Non,Non
STD_2026_0569,IGGLIA,P3,60.71,Sous condition,Non
STD_2026_0569,IMTICIA,P3,65.57,Sous condition,Non
STD_2026_0569,ISAIA,P3,37.01,Non,Oui
STD_2026_0569,TEE,P4,67.72,Sous condition,Non
STD_2026_0569,TEH,P4,70.35,Sous condition,Non
STD_2026_0569,CAA,P5,61.42,Sous condition,Non
STD_2026_0569,DTJA,P5,73.73,Sous condition,Non
STD_2026_0569,EMP,P5,59.94,Sous condition,Non
STD_2026_0569,FIC,P5,39.9,Non,Non
STD_2026_0570,AEE,P1,45.64,Non,Non
STD_2026_0570,IAA,P1,43.82,Non,Non
STD_2026_0570,PIP,P1,43.63,Non,Non
STD_2026_0570,EMII,P2,38.44,Non,Non
STD_2026_0570,GCA,P2,36.82,Non,Non
STD_2026_0570,ICMP,P2,32.47,Non,Non
STD_2026_0570,ESIIA,P3,38.37,Non,Non
STD_2026_0570,IGGLIA,P3,40.23,Non,Non
STD_2026_0570,IMTICIA,P3,69.45,Sous condition,Non
STD_2026_0570,ISAIA,P3,38.79,Non,Non
STD_2026_0570,TEE,P4,75.71,Oui,Oui
STD_2026_0570,TEH,P4,72.26,Sous condition,Non
STD_2026_0570,CAA,P5,67.28,Sous condition,Non
STD_2026_0570,DTJA,P5,73.28,Sous condition,Non
STD_2026_0570,EMP,P5,46.9,Non,Non
STD_2026_0570,FIC,P5,35.38,Non,Non
STD_2026_0571,AEE,P1,80.05,Oui,Non
STD_2026_0571,IAA,P1,78.47,Oui,Non
STD_2026_0571,PIP,P1,78.95,Oui,Non
STD_2026_0571,EMII,P2,78.88,Oui,Non
STD_2026_0571,GCA,P2,73.98,Sous condition,Non
STD_2026_0571,ICMP,P2,83.59,Oui,Non
STD_2026_0571,ESIIA,P3,70.89,Sous condition,Non
STD_2026_0571,IGGLIA,P3,80.66,Oui,Non
STD_2026_0571,IMTICIA,P3,77.54,Oui,Non
STD_2026_0571,ISAIA,P3,81.3,Oui,Non
STD_2026_0571,TEE,P4,52.61,Non,Non
STD_2026_0571,TEH,P4,50.5,Non,Oui
STD_2026_0571,CAA,P5,78.68,Oui,Non
STD_2026_0571,DTJA,P5,51.69,Non,Non
STD_2026_0571,EMP,P5,85.37,Oui,Non
STD_2026_0571,FIC,P5,84.54,Oui,Non
STD_2026_0572,AEE,P1,81.59,Oui,Non
STD_2026_0572,IAA,P1,83.95,Oui,Non
STD_2026_0572,PIP,P1,76.81,Oui,Non
STD_2026_0572,EMII,P2,81.21,Oui,Non
STD_2026_0572,GCA,P2,81.63,Oui,Non
STD_2026_0572,ICMP,P2,82.81,Oui,Non
STD_2026_0572,ESIIA,P3,54.82,Non,Non
STD_2026_0572,IGGLIA,P3,77.06,Oui,Non
STD_2026_0572,IMTICIA,P3,83.01,Oui,Non
STD_2026_0572,ISAIA,P3,76.27,Oui,Non
STD_2026_0572,TEE,P4,76.74,Oui,Non
STD_2026_0572,TEH,P4,73.28,Sous condition,Non
STD_2026_0572,CAA,P5,74.94,Sous condition,Oui
STD_2026_0572,DTJA,P5,75.07,Oui,Non
STD_2026_0572,EMP,P5,80.94,Oui,Non
STD_2026_0572,FIC,P5,80.73,Oui,Non
STD_2026_0573,AEE,P1,85.48,Oui,Non
STD_2026_0573,IAA,P1,85.91,Oui,Non
STD_2026_0573,PIP,P1,88.78,Oui,Non
STD_2026_0573,EMII,P2,88.77,Oui,Non
STD_2026_0573,GCA,P2,89.98,Oui,Non
STD_2026_0573,ICMP,P2,95.17,Oui,Non
STD_2026_0573,ESIIA,P3,88.36,Oui,Non
STD_2026_0573,IGGLIA,P3,79.14,Oui,Non
STD_2026_0573,IMTICIA,P3,80.72,Oui,Non
STD_2026_0573,ISAIA,P3,81.67,Oui,Non
STD_2026_0573,TEE,P4,82.47,Oui,Non
STD_2026_0573,TEH,P4,60.59,Non,Non
STD_2026_0573,CAA,P5,82.53,Oui,Non
STD_2026_0573,DTJA,P5,54.7,Non,Oui
STD_2026_0573,EMP,P5,84.0,Oui,Non
STD_2026_0573,FIC,P5,84.85,Oui,Non
STD_2026_0574,AEE,P1,59.52,Non,Non
STD_2026_0574,IAA,P1,59.3,Non,Non
STD_2026_0574,PIP,P1,55.59,Non,Non
STD_2026_0574,EMII,P2,56.23,Non,Non
STD_2026_0574,GCA,P2,44.44,Non,Non
STD_2026_0574,ICMP,P2,59.62,Non,Non
STD_2026_0574,ESIIA,P3,60.64,Non,Non
STD_2026_0574,IGGLIA,P3,75.1,Oui,Non
STD_2026_0574,IMTICIA,P3,78.9,Oui,Non
STD_2026_0574,ISAIA,P3,81.05,Oui,Non
STD_2026_0574,TEE,P4,71.94,Sous condition,Non
STD_2026_0574,TEH,P4,76.46,Oui,Non
STD_2026_0574,CAA,P5,84.93,Oui,Non
STD_2026_0574,DTJA,P5,75.18,Oui,Non
STD_2026_0574,EMP,P5,80.65,Oui,Oui
STD_2026_0574,FIC,P5,87.62,Oui,Non
STD_2026_0575,AEE,P1,52.62,Non,Non
STD_2026_0575,IAA,P1,75.3,Oui,Non
STD_2026_0575,PIP,P1,58.84,Non,Non
STD_2026_0575,EMII,P2,88.89,Oui,Non
STD_2026_0575,GCA,P2,80.67,Oui,Non
STD_2026_0575,ICMP,P2,90.74,Oui,Non
STD_2026_0575,ESIIA,P3,84.79,Oui,Non
STD_2026_0575,IGGLIA,P3,73.6,Sous condition,Non
STD_2026_0575,IMTICIA,P3,77.94,Oui,Non
STD_2026_0575,ISAIA,P3,49.27,Non,Non
STD_2026_0575,TEE,P4,45.37,Non,Non
STD_2026_0575,TEH,P4,46.41,Non,Non
STD_2026_0575,CAA,P5,56.34,Non,Non
STD_2026_0575,DTJA,P5,52.62,Non,Non
STD_2026_0575,EMP,P5,58.58,Non,Non
STD_2026_0575,FIC,P5,57.16,Non,Oui
STD_2026_0576,AEE,P1,74.35,Sous condition,Oui
STD_2026_0576,IAA,P1,57.46,Non,Non
STD_2026_0576,PIP,P1,49.54,Non,Non
STD_2026_0576,EMII,P2,57.58,Non,Non
STD_2026_0576,GCA,P2,51.34,Non,Non
STD_2026_0576,ICMP,P2,34.22,Non,Non
STD_2026_0576,ESIIA,P3,48.96,Non,Non
STD_2026_0576,IGGLIA,P3,79.85,Oui,Non
STD_2026_0576,IMTICIA,P3,73.14,Sous condition,Non
STD_2026_0576,ISAIA,P3,54.85,Non,Non
STD_2026_0576,TEE,P4,77.56,Oui,Non
STD_2026_0576,TEH,P4,86.95,Oui,Non
STD_2026_0576,CAA,P5,81.36,Oui,Non
STD_2026_0576,DTJA,P5,85.52,Oui,Non
STD_2026_0576,EMP,P5,81.06,Oui,Non
STD_2026_0576,FIC,P5,52.06,Non,Non
STD_2026_0577,AEE,P1,67.74,Sous condition,Non
STD_2026_0577,IAA,P1,45.89,Non,Oui
STD_2026_0577,PIP,P1,48.46,Non,Non
STD_2026_0577,EMII,P2,40.6,Non,Non
STD_2026_0577,GCA,P2,42.85,Non,Non
STD_2026_0577,ICMP,P2,40.49,Non,Non
STD_2026_0577,ESIIA,P3,50.56,Non,Non
STD_2026_0577,IGGLIA,P3,75.91,Oui,Non
STD_2026_0577,IMTICIA,P3,74.3,Sous condition,Non
STD_2026_0577,ISAIA,P3,51.51,Non,Non
STD_2026_0577,TEE,P4,74.93,Sous condition,Non
STD_2026_0577,TEH,P4,73.61,Sous condition,Non
STD_2026_0577,CAA,P5,75.35,Oui,Non
STD_2026_0577,DTJA,P5,76.74,Oui,Non
STD_2026_0577,EMP,P5,81.16,Oui,Non
STD_2026_0577,FIC,P5,52.07,Non,Non
STD_2026_0578,AEE,P1,75.39,Oui,Non
STD_2026_0578,IAA,P1,53.94,Non,Non
STD_2026_0578,PIP,P1,50.69,Non,Oui
STD_2026_0578,EMII,P2,50.93,Non,Non
STD_2026_0578,GCA,P2,49.89,Non,Non
STD_2026_0578,ICMP,P2,44.06,Non,Non
STD_2026_0578,ESIIA,P3,49.85,Non,Non
STD_2026_0578,IGGLIA,P3,78.61,Oui,Non
STD_2026_0578,IMTICIA,P3,79.49,Oui,Non
STD_2026_0578,ISAIA,P3,51.32,Non,Non
STD_2026_0578,TEE,P4,81.24,Oui,Non
STD_2026_0578,TEH,P4,88.77,Oui,Non
STD_2026_0578,CAA,P5,77.42,Oui,Non
STD_2026_0578,DTJA,P5,85.06,Oui,Non
STD_2026_0578,EMP,P5,82.29,Oui,Non
STD_2026_0578,FIC,P5,56.62,Non,Non
STD_2026_0579,AEE,P1,53.69,Non,Non
STD_2026_0579,IAA,P1,56.16,Non,Non
STD_2026_0579,PIP,P1,52.51,Non,Non
STD_2026_0579,EMII,P2,49.72,Non,Oui
STD_2026_0579,GCA,P2,48.21,Non,Non
STD_2026_0579,ICMP,P2,41.33,Non,Non
STD_2026_0579,ESIIA,P3,50.76,Non,Non
STD_2026_0579,IGGLIA,P3,54.29,Non,Non
STD_2026_0579,IMTICIA,P3,73.27,Sous condition,Non
STD_2026_0579,ISAIA,P3,55.06,Non,Non
STD_2026_0579,TEE,P4,74.69,Sous condition,Non
STD_2026_0579,TEH,P4,79.86,Oui,Non
STD_2026_0579,CAA,P5,82.06,Oui,Non
STD_2026_0579,DTJA,P5,79.66,Oui,Non
STD_2026_0579,EMP,P5,55.18,Non,Non
STD_2026_0579,FIC,P5,56.7,Non,Non
STD_2026_0580,AEE,P1,87.15,Oui,Non
STD_2026_0580,IAA,P1,86.73,Oui,Non
STD_2026_0580,PIP,P1,78.74,Oui,Non
STD_2026_0580,EMII,P2,83.36,Oui,Non
STD_2026_0580,GCA,P2,79.44,Oui,Oui
STD_2026_0580,ICMP,P2,80.74,Oui,Non
STD_2026_0580,ESIIA,P3,78.36,Oui,Non
STD_2026_0580,IGGLIA,P3,79.63,Oui,Non
STD_2026_0580,IMTICIA,P3,79.98,Oui,Non
STD_2026_0580,ISAIA,P3,86.6,Oui,Non
STD_2026_0580,TEE,P4,51.8,Non,Non
STD_2026_0580,TEH,P4,57.0,Non,Non
STD_2026_0580,CAA,P5,77.39,Oui,Non
STD_2026_0580,DTJA,P5,45.6,Non,Non
STD_2026_0580,EMP,P5,82.12,Oui,Non
STD_2026_0580,FIC,P5,85.88,Oui,Non
STD_2026_0581,AEE,P1,83.13,Oui,Non
STD_2026_0581,IAA,P1,77.63,Oui,Non
STD_2026_0581,PIP,P1,80.58,Oui,Non
STD_2026_0581,EMII,P2,80.38,Oui,Non
STD_2026_0581,GCA,P2,84.41,Oui,Non
STD_2026_0581,ICMP,P2,86.16,Oui,Oui
STD_2026_0581,ESIIA,P3,56.49,Non,Non
STD_2026_0581,IGGLIA,P3,77.94,Oui,Non
STD_2026_0581,IMTICIA,P3,70.64,Sous condition,Non
STD_2026_0581,ISAIA,P3,72.84,Sous condition,Non
STD_2026_0581,TEE,P4,81.45,Oui,Non
STD_2026_0581,TEH,P4,77.21,Oui,Non
STD_2026_0581,CAA,P5,72.95,Sous condition,Non
STD_2026_0581,DTJA,P5,74.25,Sous condition,Non
STD_2026_0581,EMP,P5,73.99,Sous condition,Non
STD_2026_0581,FIC,P5,71.24,Sous condition,Non
STD_2026_0582,AEE,P1,72.93,Sous condition,Non
STD_2026_0582,IAA,P1,75.58,Oui,Non
STD_2026_0582,PIP,P1,74.53,Sous condition,Non
STD_2026_0582,EMII,P2,78.76,Oui,Non
STD_2026_0582,GCA,P2,77.07,Oui,Non
STD_2026_0582,ICMP,P2,85.87,Oui,Non
STD_2026_0582,ESIIA,P3,80.2,Oui,Oui
STD_2026_0582,IGGLIA,P3,74.12,Sous condition,Non
STD_2026_0582,IMTICIA,P3,71.88,Sous condition,Non
STD_2026_0582,ISAIA,P3,68.96,Sous condition,Non
STD_2026_0582,TEE,P4,68.53,Sous condition,Non
STD_2026_0582,TEH,P4,46.06,Non,Non
STD_2026_0582,CAA,P5,71.99,Sous condition,Non
STD_2026_0582,DTJA,P5,35.04,Non,Non
STD_2026_0582,EMP,P5,70.6,Sous condition,Non
STD_2026_0582,FIC,P5,72.21,Sous condition,Non
STD_2026_0583,AEE,P1,54.21,Non,Non
STD_2026_0583,IAA,P1,52.4,Non,Non
STD_2026_0583,PIP,P1,50.74,Non,Non
STD_2026_0583,EMII,P2,58.78,Non,Non
STD_2026_0583,GCA,P2,58.86,Non,Non
STD_2026_0583,ICMP,P2,61.16,Non,Non
STD_2026_0583,ESIIA,P3,59.25,Non,Non
STD_2026_0583,IGGLIA,P3,78.47,Oui,Oui
STD_2026_0583,IMTICIA,P3,78.87,Oui,Non
STD_2026_0583,ISAIA,P3,76.43,Oui,Non
STD_2026_0583,TEE,P4,76.05,Oui,Non
STD_2026_0583,TEH,P4,78.0,Oui,Non
STD_2026_0583,CAA,P5,75.29,Oui,Non
STD_2026_0583,DTJA,P5,74.78,Sous condition,Non
STD_2026_0583,EMP,P5,74.55,Sous condition,Non
STD_2026_0583,FIC,P5,74.69,Sous condition,Non
STD_2026_0584,AEE,P1,59.8,Non,Non
STD_2026_0584,IAA,P1,83.57,Oui,Non
STD_2026_0584,PIP,P1,56.27,Non,Non
STD_2026_0584,EMII,P2,87.97,Oui,Non
STD_2026_0584,GCA,P2,84.31,Oui,Non
STD_2026_0584,ICMP,P2,99.01,Oui,Non
STD_2026_0584,ESIIA,P3,87.08,Oui,Non
STD_2026_0584,IGGLIA,P3,83.34,Oui,Non
STD_2026_0584,IMTICIA,P3,86.25,Oui,Oui
STD_2026_0584,ISAIA,P3,62.94,Non,Non
STD_2026_0584,TEE,P4,56.31,Non,Non
STD_2026_0584,TEH,P4,47.03,Non,Non
STD_2026_0584,CAA,P5,56.87,Non,Non
STD_2026_0584,DTJA,P5,48.56,Non,Non
STD_2026_0584,EMP,P5,56.24,Non,Non
STD_2026_0584,FIC,P5,64.6,Non,Non
STD_2026_0585,AEE,P1,76.13,Oui,Non
STD_2026_0585,IAA,P1,46.21,Non,Non
STD_2026_0585,PIP,P1,48.28,Non,Non
STD_2026_0585,EMII,P2,47.8,Non,Non
STD_2026_0585,GCA,P2,53.67,Non,Non
STD_2026_0585,ICMP,P2,41.14,Non,Non
STD_2026_0585,ESIIA,P3,48.05,Non,Non
STD_2026_0585,IGGLIA,P3,84.66,Oui,Non
STD_2026_0585,IMTICIA,P3,74.65,Sous condition,Non
STD_2026_0585,ISAIA,P3,56.95,Non,Oui
STD_2026_0585,TEE,P4,82.94,Oui,Non
STD_2026_0585,TEH,P4,85.2,Oui,Non
STD_2026_0585,CAA,P5,77.44,Oui,Non
STD_2026_0585,DTJA,P5,80.01,Oui,Non
STD_2026_0585,EMP,P5,77.07,Oui,Non
STD_2026_0585,FIC,P5,56.32,Non,Non
STD_2026_0586,AEE,P1,77.34,Oui,Non
STD_2026_0586,IAA,P1,50.86,Non,Non
STD_2026_0586,PIP,P1,57.16,Non,Non
STD_2026_0586,EMII,P2,57.12,Non,Non
STD_2026_0586,GCA,P2,52.29,Non,Non
STD_2026_0586,ICMP,P2,44.93,Non,Non
STD_2026_0586,ESIIA,P3,55.61,Non,Non
STD_2026_0586,IGGLIA,P3,78.7,Oui,Non
STD_2026_0586,IMTICIA,P3,80.77,Oui,Non
STD_2026_0586,ISAIA,P3,60.06,Non,Non
STD_2026_0586,TEE,P4,75.66,Oui,Oui
STD_2026_0586,TEH,P4,79.26,Oui,Non
STD_2026_0586,CAA,P5,80.21,Oui,Non
STD_2026_0586,DTJA,P5,75.16,Oui,Non
STD_2026_0586,EMP,P5,79.3,Oui,Non
STD_2026_0586,FIC,P5,53.08,Non,Non
STD_2026_0587,AEE,P1,65.57,Sous condition,Non
STD_2026_0587,IAA,P1,55.73,Non,Non
STD_2026_0587,PIP,P1,40.9,Non,Non
STD_2026_0587,EMII,P2,49.15,Non,Non
STD_2026_0587,GCA,P2,46.71,Non,Non
STD_2026_0587,ICMP,P2,43.29,Non,Non
STD_2026_0587,ESIIA,P3,45.42,Non,Non
STD_2026_0587,IGGLIA,P3,76.59,Oui,Non
STD_2026_0587,IMTICIA,P3,75.78,Oui,Non
STD_2026_0587,ISAIA,P3,51.11,Non,Non
STD_2026_0587,TEE,P4,77.35,Oui,Non
STD_2026_0587,TEH,P4,80.68,Oui,Oui
STD_2026_0587,CAA,P5,80.13,Oui,Non
STD_2026_0587,DTJA,P5,78.2,Oui,Non
STD_2026_0587,EMP,P5,76.8,Oui,Non
STD_2026_0587,FIC,P5,47.87,Non,Non
STD_2026_0588,AEE,P1,49.09,Non,Non
STD_2026_0588,IAA,P1,51.65,Non,Non
STD_2026_0588,PIP,P1,51.6,Non,Non
STD_2026_0588,EMII,P2,50.06,Non,Non
STD_2026_0588,GCA,P2,43.75,Non,Non
STD_2026_0588,ICMP,P2,34.1,Non,Non
STD_2026_0588,ESIIA,P3,45.91,Non,Non
STD_2026_0588,IGGLIA,P3,50.09,Non,Non
STD_2026_0588,IMTICIA,P3,74.99,Sous condition,Non
STD_2026_0588,ISAIA,P3,50.91,Non,Non
STD_2026_0588,TEE,P4,82.21,Oui,Non
STD_2026_0588,TEH,P4,84.33,Oui,Non
STD_2026_0588,CAA,P5,74.12,Sous condition,Oui
STD_2026_0588,DTJA,P5,75.43,Oui,Non
STD_2026_0588,EMP,P5,51.2,Non,Non
STD_2026_0588,FIC,P5,42.31,Non,Non
STD_2026_0589,AEE,P1,79.38,Oui,Non
STD_2026_0589,IAA,P1,84.94,Oui,Non
STD_2026_0589,PIP,P1,83.31,Oui,Non
STD_2026_0589,EMII,P2,77.49,Oui,Non
STD_2026_0589,GCA,P2,80.6,Oui,Non
STD_2026_0589,ICMP,P2,89.37,Oui,Non
STD_2026_0589,ESIIA,P3,83.68,Oui,Non
STD_2026_0589,IGGLIA,P3,82.65,Oui,Non
STD_2026_0589,IMTICIA,P3,74.32,Sous condition,Non
STD_2026_0589,ISAIA,P3,79.59,Oui,Non
STD_2026_0589,TEE,P4,54.03,Non,Non
STD_2026_0589,TEH,P4,46.71,Non,Non
STD_2026_0589,CAA,P5,78.31,Oui,Non
STD_2026_0589,DTJA,P5,51.82,Non,Oui
STD_2026_0589,EMP,P5,78.31,Oui,Non
STD_2026_0589,FIC,P5,85.59,Oui,Non
STD_2026_0590,AEE,P1,74.88,Sous condition,Non
STD_2026_0590,IAA,P1,77.44,Oui,Non
STD_2026_0590,PIP,P1,75.16,Oui,Non
STD_2026_0590,EMII,P2,70.98,Sous condition,Non
STD_2026_0590,GCA,P2,65.32,Sous condition,Non
STD_2026_0590,ICMP,P2,76.19,Oui,Non
STD_2026_0590,ESIIA,P3,53.48,Non,Non
STD_2026_0590,IGGLIA,P3,73.21,Sous condition,Non
STD_2026_0590,IMTICIA,P3,77.56,Oui,Non
STD_2026_0590,ISAIA,P3,76.66,Oui,Non
STD_2026_0590,TEE,P4,75.83,Oui,Non
STD_2026_0590,TEH,P4,78.92,Oui,Non
STD_2026_0590,CAA,P5,72.0,Sous condition,Non
STD_2026_0590,DTJA,P5,70.52,Sous condition,Non
STD_2026_0590,EMP,P5,75.95,Oui,Oui
STD_2026_0590,FIC,P5,79.02,Oui,Non
STD_2026_0591,AEE,P1,88.91,Oui,Non
STD_2026_0591,IAA,P1,86.22,Oui,Non
STD_2026_0591,PIP,P1,81.45,Oui,Non
STD_2026_0591,EMII,P2,90.4,Oui,Non
STD_2026_0591,GCA,P2,80.79,Oui,Non
STD_2026_0591,ICMP,P2,89.22,Oui,Non
STD_2026_0591,ESIIA,P3,85.91,Oui,Non
STD_2026_0591,IGGLIA,P3,90.29,Oui,Non
STD_2026_0591,IMTICIA,P3,88.29,Oui,Non
STD_2026_0591,ISAIA,P3,84.28,Oui,Non
STD_2026_0591,TEE,P4,87.82,Oui,Non
STD_2026_0591,TEH,P4,61.97,Non,Non
STD_2026_0591,CAA,P5,82.65,Oui,Non
STD_2026_0591,DTJA,P5,53.71,Non,Non
STD_2026_0591,EMP,P5,87.62,Oui,Non
STD_2026_0591,FIC,P5,89.18,Oui,Oui
STD_2026_0592,AEE,P1,52.57,Non,Oui
STD_2026_0592,IAA,P1,42.18,Non,Non
STD_2026_0592,PIP,P1,52.1,Non,Non
STD_2026_0592,EMII,P2,45.63,Non,Non
STD_2026_0592,GCA,P2,61.86,Non,Non
STD_2026_0592,ICMP,P2,54.0,Non,Non
STD_2026_0592,ESIIA,P3,50.97,Non,Non
STD_2026_0592,IGGLIA,P3,72.79,Sous condition,Non
STD_2026_0592,IMTICIA,P3,71.48,Sous condition,Non
STD_2026_0592,ISAIA,P3,73.08,Sous condition,Non
STD_2026_0592,TEE,P4,83.79,Oui,Non
STD_2026_0592,TEH,P4,79.22,Oui,Non
STD_2026_0592,CAA,P5,77.96,Oui,Non
STD_2026_0592,DTJA,P5,80.76,Oui,Non
STD_2026_0592,EMP,P5,68.51,Sous condition,Non
STD_2026_0592,FIC,P5,81.4,Oui,Non
STD_2026_0593,AEE,P1,62.32,Non,Non
STD_2026_0593,IAA,P1,90.58,Oui,Oui
STD_2026_0593,PIP,P1,65.18,Non,Non
STD_2026_0593,EMII,P2,94.77,Oui,Non
STD_2026_0593,GCA,P2,78.98,Oui,Non
STD_2026_0593,ICMP,P2,91.91,Oui,Non
STD_2026_0593,ESIIA,P3,93.47,Oui,Non
STD_2026_0593,IGGLIA,P3,93.16,Oui,Non
STD_2026_0593,IMTICIA,P3,92.12,Oui,Non
STD_2026_0593,ISAIA,P3,66.87,Non,Non
STD_2026_0593,TEE,P4,70.92,Non,Non
STD_2026_0593,TEH,P4,64.01,Non,Non
STD_2026_0593,CAA,P5,71.37,Non,Non
STD_2026_0593,DTJA,P5,54.02,Non,Non
STD_2026_0593,EMP,P5,68.67,Non,Non
STD_2026_0593,FIC,P5,68.75,Non,Non
STD_2026_0594,AEE,P1,74.78,Sous condition,Non
STD_2026_0594,IAA,P1,47.4,Non,Non
STD_2026_0594,PIP,P1,51.55,Non,Oui
STD_2026_0594,EMII,P2,51.45,Non,Non
STD_2026_0594,GCA,P2,52.79,Non,Non
STD_2026_0594,ICMP,P2,53.16,Non,Non
STD_2026_0594,ESIIA,P3,48.25,Non,Non
STD_2026_0594,IGGLIA,P3,76.69,Oui,Non
STD_2026_0594,IMTICIA,P3,74.17,Sous condition,Non
STD_2026_0594,ISAIA,P3,49.81,Non,Non
STD_2026_0594,TEE,P4,80.59,Oui,Non
STD_2026_0594,TEH,P4,82.57,Oui,Non
STD_2026_0594,CAA,P5,72.46,Sous condition,Non
STD_2026_0594,DTJA,P5,81.02,Oui,Non
STD_2026_0594,EMP,P5,78.11,Oui,Non
STD_2026_0594,FIC,P5,50.8,Non,Non
STD_2026_0595,AEE,P1,84.08,Oui,Non
STD_2026_0595,IAA,P1,52.79,Non,Non
STD_2026_0595,PIP,P1,47.12,Non,Non
STD_2026_0595,EMII,P2,47.87,Non,Oui
STD_2026_0595,GCA,P2,45.18,Non,Non
STD_2026_0595,ICMP,P2,47.55,Non,Non
STD_2026_0595,ESIIA,P3,52.03,Non,Non
STD_2026_0595,IGGLIA,P3,75.23,Oui,Non
STD_2026_0595,IMTICIA,P3,77.8,Oui,Non
STD_2026_0595,ISAIA,P3,53.82,Non,Non
STD_2026_0595,TEE,P4,78.02,Oui,Non
STD_2026_0595,TEH,P4,80.87,Oui,Non
STD_2026_0595,CAA,P5,77.45,Oui,Non
STD_2026_0595,DTJA,P5,78.31,Oui,Non
STD_2026_0595,EMP,P5,75.31,Oui,Non
STD_2026_0595,FIC,P5,50.48,Non,Non
STD_2026_0596,AEE,P1,68.91,Sous condition,Non
STD_2026_0596,IAA,P1,44.09,Non,Non
STD_2026_0596,PIP,P1,45.9,Non,Non
STD_2026_0596,EMII,P2,52.63,Non,Non
STD_2026_0596,GCA,P2,49.43,Non,Oui
STD_2026_0596,ICMP,P2,37.58,Non,Non
STD_2026_0596,ESIIA,P3,51.63,Non,Non
STD_2026_0596,IGGLIA,P3,74.81,Sous condition,Non
STD_2026_0596,IMTICIA,P3,78.5,Oui,Non
STD_2026_0596,ISAIA,P3,51.56,Non,Non
STD_2026_0596,TEE,P4,75.24,Oui,Non
STD_2026_0596,TEH,P4,81.56,Oui,Non
STD_2026_0596,CAA,P5,71.78,Sous condition,Non
STD_2026_0596,DTJA,P5,74.97,Sous condition,Non
STD_2026_0596,EMP,P5,77.37,Oui,Non
STD_2026_0596,FIC,P5,47.34,Non,Non
STD_2026_0597,AEE,P1,49.8,Non,Non
STD_2026_0597,IAA,P1,45.36,Non,Non
STD_2026_0597,PIP,P1,46.81,Non,Non
STD_2026_0597,EMII,P2,41.69,Non,Non
STD_2026_0597,GCA,P2,45.54,Non,Non
STD_2026_0597,ICMP,P2,30.99,Non,Oui
STD_2026_0597,ESIIA,P3,38.75,Non,Non
STD_2026_0597,IGGLIA,P3,50.28,Non,Non
STD_2026_0597,IMTICIA,P3,74.2,Sous condition,Non
STD_2026_0597,ISAIA,P3,48.85,Non,Non
STD_2026_0597,TEE,P4,84.75,Oui,Non
STD_2026_0597,TEH,P4,89.85,Oui,Non
STD_2026_0597,CAA,P5,71.23,Sous condition,Non
STD_2026_0597,DTJA,P5,74.64,Sous condition,Non
STD_2026_0597,EMP,P5,43.96,Non,Non
STD_2026_0597,FIC,P5,39.84,Non,Non
STD_2026_0598,AEE,P1,79.43,Oui,Non
STD_2026_0598,IAA,P1,82.04,Oui,Non
STD_2026_0598,PIP,P1,78.78,Oui,Non
STD_2026_0598,EMII,P2,87.14,Oui,Non
STD_2026_0598,GCA,P2,85.14,Oui,Non
STD_2026_0598,ICMP,P2,85.77,Oui,Non
STD_2026_0598,ESIIA,P3,82.38,Oui,Oui
STD_2026_0598,IGGLIA,P3,83.35,Oui,Non
STD_2026_0598,IMTICIA,P3,81.02,Oui,Non
STD_2026_0598,ISAIA,P3,79.06,Oui,Non
STD_2026_0598,TEE,P4,52.67,Non,Non
STD_2026_0598,TEH,P4,52.7,Non,Non
STD_2026_0598,CAA,P5,80.17,Oui,Non
STD_2026_0598,DTJA,P5,52.23,Non,Non
STD_2026_0598,EMP,P5,79.59,Oui,Non
STD_2026_0598,FIC,P5,77.68,Oui,Non
STD_2026_0599,AEE,P1,83.41,Oui,Non
STD_2026_0599,IAA,P1,86.06,Oui,Non
STD_2026_0599,PIP,P1,84.81,Oui,Non
STD_2026_0599,EMII,P2,91.82,Oui,Non
STD_2026_0599,GCA,P2,81.99,Oui,Non
STD_2026_0599,ICMP,P2,90.63,Oui,Non
STD_2026_0599,ESIIA,P3,59.82,Non,Non
STD_2026_0599,IGGLIA,P3,81.48,Oui,Oui
STD_2026_0599,IMTICIA,P3,78.73,Oui,Non
STD_2026_0599,ISAIA,P3,81.05,Oui,Non
STD_2026_0599,TEE,P4,85.71,Oui,Non
STD_2026_0599,TEH,P4,81.33,Oui,Non
STD_2026_0599,CAA,P5,81.98,Oui,Non
STD_2026_0599,DTJA,P5,79.14,Oui,Non
STD_2026_0599,EMP,P5,81.65,Oui,Non
STD_2026_0599,FIC,P5,71.55,Sous condition,Non
STD_2026_0600,AEE,P1,77.3,Oui,Non
STD_2026_0600,IAA,P1,77.46,Oui,Non
STD_2026_0600,PIP,P1,78.39,Oui,Non
STD_2026_0600,EMII,P2,72.92,Sous condition,Non
STD_2026_0600,GCA,P2,74.67,Sous condition,Non
STD_2026_0600,ICMP,P2,81.08,Oui,Non
STD_2026_0600,ESIIA,P3,71.72,Sous condition,Non
STD_2026_0600,IGGLIA,P3,76.86,Oui,Non
STD_2026_0600,IMTICIA,P3,79.37,Oui,Oui
STD_2026_0600,ISAIA,P3,81.09,Oui,Non
STD_2026_0600,TEE,P4,81.25,Oui,Non
STD_2026_0600,TEH,P4,55.16,Non,Non
STD_2026_0600,CAA,P5,74.37,Sous condition,Non
STD_2026_0600,DTJA,P5,53.69,Non,Non
STD_2026_0600,EMP,P5,78.22,Oui,Non
STD_2026_0600,FIC,P5,75.04,Oui,Non
STD_2026_0601,AEE,P1,58.44,Non,Non
STD_2026_0601,IAA,P1,54.87,Non,Non
STD_2026_0601,PIP,P1,55.11,Non,Non
STD_2026_0601,EMII,P2,56.1,Non,Non
STD_2026_0601,GCA,P2,54.9,Non,Non
STD_2026_0601,ICMP,P2,49.29,Non,Non
STD_2026_0601,ESIIA,P3,55.68,Non,Non
STD_2026_0601,IGGLIA,P3,76.3,Oui,Non
STD_2026_0601,IMTICIA,P3,79.01,Oui,Non
STD_2026_0601,ISAIA,P3,78.25,Oui,Oui
STD_2026_0601,TEE,P4,79.98,Oui,Non
STD_2026_0601,TEH,P4,79.17,Oui,Non
STD_2026_0601,CAA,P5,82.13,Oui,Non
STD_2026_0601,DTJA,P5,81.69,Oui,Non
STD_2026_0601,EMP,P5,83.26,Oui,Non
STD_2026_0601,FIC,P5,85.89,Oui,Non
STD_2026_0602,AEE,P1,58.93,Non,Non
STD_2026_0602,IAA,P1,80.56,Oui,Non
STD_2026_0602,PIP,P1,61.46,Non,Non
STD_2026_0602,EMII,P2,83.75,Oui,Non
STD_2026_0602,GCA,P2,70.93,Sous condition,Non
STD_2026_0602,ICMP,P2,84.09,Oui,Non
STD_2026_0602,ESIIA,P3,81.86,Oui,Non
STD_2026_0602,IGGLIA,P3,86.0,Oui,Non
STD_2026_0602,IMTICIA,P3,78.94,Oui,Non
STD_2026_0602,ISAIA,P3,60.65,Non,Non
STD_2026_0602,TEE,P4,59.18,Non,Oui
STD_2026_0602,TEH,P4,55.26,Non,Non
STD_2026_0602,CAA,P5,62.0,Non,Non
STD_2026_0602,DTJA,P5,48.05,Non,Non
STD_2026_0602,EMP,P5,58.73,Non,Non
STD_2026_0602,FIC,P5,59.18,Non,Non
STD_2026_0603,AEE,P1,70.6,Sous condition,Non
STD_2026_0603,IAA,P1,44.63,Non,Non
STD_2026_0603,PIP,P1,45.38,Non,Non
STD_2026_0603,EMII,P2,46.55,Non,Non
STD_2026_0603,GCA,P2,52.42,Non,Non
STD_2026_0603,ICMP,P2,39.62,Non,Non
STD_2026_0603,ESIIA,P3,40.67,Non,Non
STD_2026_0603,IGGLIA,P3,66.64,Sous condition,Non
STD_2026_0603,IMTICIA,P3,64.61,Sous condition,Non
STD_2026_0603,ISAIA,P3,48.97,Non,Non
STD_2026_0603,TEE,P4,69.87,Sous condition,Non
STD_2026_0603,TEH,P4,74.2,Sous condition,Oui
STD_2026_0603,CAA,P5,69.43,Sous condition,Non
STD_2026_0603,DTJA,P5,75.85,Oui,Non
STD_2026_0603,EMP,P5,65.92,Sous condition,Non
STD_2026_0603,FIC,P5,39.06,Non,Non
STD_2026_0604,AEE,P1,78.96,Oui,Non
STD_2026_0604,IAA,P1,53.8,Non,Non
STD_2026_0604,PIP,P1,50.7,Non,Non
STD_2026_0604,EMII,P2,50.54,Non,Non
STD_2026_0604,GCA,P2,39.23,Non,Non
STD_2026_0604,ICMP,P2,45.71,Non,Non
STD_2026_0604,ESIIA,P3,49.12,Non,Non
STD_2026_0604,IGGLIA,P3,73.48,Sous condition,Non
STD_2026_0604,IMTICIA,P3,74.96,Sous condition,Non
STD_2026_0604,ISAIA,P3,57.76,Non,Non
STD_2026_0604,TEE,P4,75.6,Oui,Non
STD_2026_0604,TEH,P4,79.2,Oui,Non
STD_2026_0604,CAA,P5,77.89,Oui,Oui
STD_2026_0604,DTJA,P5,78.82,Oui,Non
STD_2026_0604,EMP,P5,78.78,Oui,Non
STD_2026_0604,FIC,P5,52.56,Non,Non
STD_2026_0605,AEE,P1,75.69,Oui,Non
STD_2026_0605,IAA,P1,49.91,Non,Non
STD_2026_0605,PIP,P1,50.05,Non,Non
STD_2026_0605,EMII,P2,44.39,Non,Non
STD_2026_0605,GCA,P2,48.58,Non,Non
STD_2026_0605,ICMP,P2,42.77,Non,Non
STD_2026_0605,ESIIA,P3,44.01,Non,Non
STD_2026_0605,IGGLIA,P3,77.95,Oui,Non
STD_2026_0605,IMTICIA,P3,79.77,Oui,Non
STD_2026_0605,ISAIA,P3,52.62,Non,Non
STD_2026_0605,TEE,P4,76.58,Oui,Non
STD_2026_0605,TEH,P4,77.85,Oui,Non
STD_2026_0605,CAA,P5,79.5,Oui,Non
STD_2026_0605,DTJA,P5,84.5,Oui,Oui
STD_2026_0605,EMP,P5,79.15,Oui,Non
STD_2026_0605,FIC,P5,57.29,Non,Non
STD_2026_0606,AEE,P1,58.82,Non,Non
STD_2026_0606,IAA,P1,49.49,Non,Non
STD_2026_0606,PIP,P1,51.72,Non,Non
STD_2026_0606,EMII,P2,53.03,Non,Non
STD_2026_0606,GCA,P2,49.19,Non,Non
STD_2026_0606,ICMP,P2,49.69,Non,Non
STD_2026_0606,ESIIA,P3,49.85,Non,Non
STD_2026_0606,IGGLIA,P3,49.34,Non,Non
STD_2026_0606,IMTICIA,P3,82.96,Oui,Non
STD_2026_0606,ISAIA,P3,52.39,Non,Non
STD_2026_0606,TEE,P4,87.28,Oui,Non
STD_2026_0606,TEH,P4,79.96,Oui,Non
STD_2026_0606,CAA,P5,76.34,Oui,Non
STD_2026_0606,DTJA,P5,76.78,Oui,Non
STD_2026_0606,EMP,P5,54.87,Non,Oui
STD_2026_0606,FIC,P5,54.79,Non,Non
STD_2026_0607,AEE,P1,91.82,Oui,Non
STD_2026_0607,IAA,P1,87.12,Oui,Non
STD_2026_0607,PIP,P1,87.48,Oui,Non
STD_2026_0607,EMII,P2,84.14,Oui,Non
STD_2026_0607,GCA,P2,92.67,Oui,Non
STD_2026_0607,ICMP,P2,92.41,Oui,Non
STD_2026_0607,ESIIA,P3,92.07,Oui,Non
STD_2026_0607,IGGLIA,P3,89.79,Oui,Non
STD_2026_0607,IMTICIA,P3,90.57,Oui,Non
STD_2026_0607,ISAIA,P3,86.22,Oui,Non
STD_2026_0607,TEE,P4,58.07,Non,Non
STD_2026_0607,TEH,P4,57.34,Non,Non
STD_2026_0607,CAA,P5,85.0,Oui,Non
STD_2026_0607,DTJA,P5,57.04,Non,Non
STD_2026_0607,EMP,P5,86.85,Oui,Non
STD_2026_0607,FIC,P5,92.71,Oui,Oui
STD_2026_0608,AEE,P1,83.61,Oui,Oui
STD_2026_0608,IAA,P1,81.7,Oui,Non
STD_2026_0608,PIP,P1,81.37,Oui,Non
STD_2026_0608,EMII,P2,83.28,Oui,Non
STD_2026_0608,GCA,P2,82.81,Oui,Non
STD_2026_0608,ICMP,P2,90.2,Oui,Non
STD_2026_0608,ESIIA,P3,55.47,Non,Non
STD_2026_0608,IGGLIA,P3,82.07,Oui,Non
STD_2026_0608,IMTICIA,P3,84.88,Oui,Non
STD_2026_0608,ISAIA,P3,81.27,Oui,Non
STD_2026_0608,TEE,P4,79.12,Oui,Non
STD_2026_0608,TEH,P4,77.61,Oui,Non
STD_2026_0608,CAA,P5,86.02,Oui,Non
STD_2026_0608,DTJA,P5,67.97,Sous condition,Non
STD_2026_0608,EMP,P5,80.21,Oui,Non
STD_2026_0608,FIC,P5,85.29,Oui,Non
STD_2026_0609,AEE,P1,81.48,Oui,Non
STD_2026_0609,IAA,P1,81.12,Oui,Oui
STD_2026_0609,PIP,P1,78.85,Oui,Non
STD_2026_0609,EMII,P2,82.11,Oui,Non
STD_2026_0609,GCA,P2,88.12,Oui,Non
STD_2026_0609,ICMP,P2,79.05,Oui,Non
STD_2026_0609,ESIIA,P3,80.93,Oui,Non
STD_2026_0609,IGGLIA,P3,78.15,Oui,Non
STD_2026_0609,IMTICIA,P3,70.41,Sous condition,Non
STD_2026_0609,ISAIA,P3,73.58,Sous condition,Non
STD_2026_0609,TEE,P4,75.94,Oui,Non
STD_2026_0609,TEH,P4,52.85,Non,Non
STD_2026_0609,CAA,P5,83.9,Oui,Non
STD_2026_0609,DTJA,P5,43.7,Non,Non
STD_2026_0609,EMP,P5,79.42,Oui,Non
STD_2026_0609,FIC,P5,82.28,Oui,Non
STD_2026_0610,AEE,P1,51.17,Non,Non
STD_2026_0610,IAA,P1,50.45,Non,Non
STD_2026_0610,PIP,P1,54.26,Non,Oui
STD_2026_0610,EMII,P2,60.17,Non,Non
STD_2026_0610,GCA,P2,59.28,Non,Non
STD_2026_0610,ICMP,P2,53.21,Non,Non
STD_2026_0610,ESIIA,P3,56.48,Non,Non
STD_2026_0610,IGGLIA,P3,73.16,Sous condition,Non
STD_2026_0610,IMTICIA,P3,73.56,Sous condition,Non
STD_2026_0610,ISAIA,P3,79.4,Oui,Non
STD_2026_0610,TEE,P4,77.2,Oui,Non
STD_2026_0610,TEH,P4,84.51,Oui,Non
STD_2026_0610,CAA,P5,81.87,Oui,Non
STD_2026_0610,DTJA,P5,80.34,Oui,Non
STD_2026_0610,EMP,P5,86.29,Oui,Non
STD_2026_0610,FIC,P5,80.97,Oui,Non
STD_2026_0611,AEE,P1,42.99,Non,Non
STD_2026_0611,IAA,P1,68.13,Sous condition,Non
STD_2026_0611,PIP,P1,47.49,Non,Non
STD_2026_0611,EMII,P2,79.22,Oui,Oui
STD_2026_0611,GCA,P2,81.71,Oui,Non
STD_2026_0611,ICMP,P2,92.54,Oui,Non
STD_2026_0611,ESIIA,P3,76.26,Oui,Non
STD_2026_0611,IGGLIA,P3,66.07,Sous condition,Non
STD_2026_0611,IMTICIA,P3,74.16,Sous condition,Non
STD_2026_0611,ISAIA,P3,40.83,Non,Non
STD_2026_0611,TEE,P4,36.02,Non,Non
STD_2026_0611,TEH,P4,31.96,Non,Non
STD_2026_0611,CAA,P5,45.58,Non,Non
STD_2026_0611,DTJA,P5,40.78,Non,Non
STD_2026_0611,EMP,P5,42.74,Non,Non
STD_2026_0611,FIC,P5,52.48,Non,Non
STD_2026_0612,AEE,P1,73.98,Sous condition,Non
STD_2026_0612,IAA,P1,49.69,Non,Non
STD_2026_0612,PIP,P1,48.08,Non,Non
STD_2026_0612,EMII,P2,47.03,Non,Non
STD_2026_0612,GCA,P2,53.93,Non,Oui
STD_2026_0612,ICMP,P2,40.63,Non,Non
STD_2026_0612,ESIIA,P3,48.36,Non,Non
STD_2026_0612,IGGLIA,P3,72.36,Sous condition,Non
STD_2026_0612,IMTICIA,P3,78.21,Oui,Non
STD_2026_0612,ISAIA,P3,50.51,Non,Non
STD_2026_0612,TEE,P4,74.21,Sous condition,Non
STD_2026_0612,TEH,P4,85.7,Oui,Non
STD_2026_0612,CAA,P5,76.01,Oui,Non
STD_2026_0612,DTJA,P5,79.13,Oui,Non
STD_2026_0612,EMP,P5,75.35,Oui,Non
STD_2026_0612,FIC,P5,47.46,Non,Non
STD_2026_0613,AEE,P1,64.36,Sous condition,Non
STD_2026_0613,IAA,P1,36.18,Non,Non
STD_2026_0613,PIP,P1,41.13,Non,Non
STD_2026_0613,EMII,P2,39.48,Non,Non
STD_2026_0613,GCA,P2,33.04,Non,Non
STD_2026_0613,ICMP,P2,35.28,Non,Oui
STD_2026_0613,ESIIA,P3,39.72,Non,Non
STD_2026_0613,IGGLIA,P3,62.49,Sous condition,Non
STD_2026_0613,IMTICIA,P3,58.89,Sous condition,Non
STD_2026_0613,ISAIA,P3,32.6,Non,Non
STD_2026_0613,TEE,P4,73.07,Sous condition,Non
STD_2026_0613,TEH,P4,78.83,Oui,Non
STD_2026_0613,CAA,P5,67.74,Sous condition,Non
STD_2026_0613,DTJA,P5,74.73,Sous condition,Non
STD_2026_0613,EMP,P5,65.32,Sous condition,Non
STD_2026_0613,FIC,P5,31.82,Non,Non
STD_2026_0614,AEE,P1,70.43,Sous condition,Non
STD_2026_0614,IAA,P1,46.67,Non,Non
STD_2026_0614,PIP,P1,41.54,Non,Non
STD_2026_0614,EMII,P2,40.03,Non,Non
STD_2026_0614,GCA,P2,56.33,Non,Non
STD_2026_0614,ICMP,P2,46.09,Non,Non
STD_2026_0614,ESIIA,P3,48.85,Non,Oui
STD_2026_0614,IGGLIA,P3,76.41,Oui,Non
STD_2026_0614,IMTICIA,P3,78.25,Oui,Non
STD_2026_0614,ISAIA,P3,50.75,Non,Non
STD_2026_0614,TEE,P4,72.64,Sous condition,Non
STD_2026_0614,TEH,P4,79.43,Oui,Non
STD_2026_0614,CAA,P5,73.42,Sous condition,Non
STD_2026_0614,DTJA,P5,78.43,Oui,Non
STD_2026_0614,EMP,P5,69.66,Sous condition,Non
STD_2026_0614,FIC,P5,57.43,Non,Non
STD_2026_0615,AEE,P1,56.48,Non,Non
STD_2026_0615,IAA,P1,49.14,Non,Non
STD_2026_0615,PIP,P1,56.4,Non,Non
STD_2026_0615,EMII,P2,48.43,Non,Non
STD_2026_0615,GCA,P2,50.22,Non,Non
STD_2026_0615,ICMP,P2,57.31,Non,Non
STD_2026_0615,ESIIA,P3,54.98,Non,Non
STD_2026_0615,IGGLIA,P3,49.96,Non,Oui
STD_2026_0615,IMTICIA,P3,78.84,Oui,Non
STD_2026_0615,ISAIA,P3,50.3,Non,Non
STD_2026_0615,TEE,P4,79.14,Oui,Non
STD_2026_0615,TEH,P4,80.61,Oui,Non
STD_2026_0615,CAA,P5,81.11,Oui,Non
STD_2026_0615,DTJA,P5,74.56,Sous condition,Non
STD_2026_0615,EMP,P5,50.12,Non,Non
STD_2026_0615,FIC,P5,53.86,Non,Non
STD_2026_0616,AEE,P1,83.92,Oui,Non
STD_2026_0616,IAA,P1,79.2,Oui,Non
STD_2026_0616,PIP,P1,88.03,Oui,Non
STD_2026_0616,EMII,P2,86.07,Oui,Non
STD_2026_0616,GCA,P2,82.32,Oui,Non
STD_2026_0616,ICMP,P2,83.34,Oui,Non
STD_2026_0616,ESIIA,P3,84.06,Oui,Non
STD_2026_0616,IGGLIA,P3,81.47,Oui,Non
STD_2026_0616,IMTICIA,P3,78.33,Oui,Oui
STD_2026_0616,ISAIA,P3,76.6,Oui,Non
STD_2026_0616,TEE,P4,46.86,Non,Non
STD_2026_0616,TEH,P4,49.59,Non,Non
STD_2026_0616,CAA,P5,74.92,Sous condition,Non
STD_2026_0616,DTJA,P5,55.76,Non,Non
STD_2026_0616,EMP,P5,76.49,Oui,Non
STD_2026_0616,FIC,P5,75.55,Oui,Non
STD_2026_0617,AEE,P1,81.81,Oui,Non
STD_2026_0617,IAA,P1,82.87,Oui,Non
STD_2026_0617,PIP,P1,83.42,Oui,Non
STD_2026_0617,EMII,P2,80.64,Oui,Non
STD_2026_0617,GCA,P2,74.3,Sous condition,Non
STD_2026_0617,ICMP,P2,82.2,Oui,Non
STD_2026_0617,ESIIA,P3,61.82,Non,Non
STD_2026_0617,IGGLIA,P3,79.62,Oui,Non
STD_2026_0617,IMTICIA,P3,86.13,Oui,Non
STD_2026_0617,ISAIA,P3,81.84,Oui,Oui
STD_2026_0617,TEE,P4,84.92,Oui,Non
STD_2026_0617,TEH,P4,83.3,Oui,Non
STD_2026_0617,CAA,P5,82.53,Oui,Non
STD_2026_0617,DTJA,P5,74.93,Sous condition,Non
STD_2026_0617,EMP,P5,82.98,Oui,Non
STD_2026_0617,FIC,P5,80.57,Oui,Non
STD_2026_0618,AEE,P1,83.17,Oui,Non
STD_2026_0618,IAA,P1,72.64,Sous condition,Non
STD_2026_0618,PIP,P1,79.45,Oui,Non
STD_2026_0618,EMII,P2,81.68,Oui,Non
STD_2026_0618,GCA,P2,82.6,Oui,Non
STD_2026_0618,ICMP,P2,79.58,Oui,Non
STD_2026_0618,ESIIA,P3,79.19,Oui,Non
STD_2026_0618,IGGLIA,P3,76.29,Oui,Non
STD_2026_0618,IMTICIA,P3,79.28,Oui,Non
STD_2026_0618,ISAIA,P3,76.04,Oui,Non
STD_2026_0618,TEE,P4,75.61,Oui,Oui
STD_2026_0618,TEH,P4,43.95,Non,Non
STD_2026_0618,CAA,P5,84.14,Oui,Non
STD_2026_0618,DTJA,P5,48.29,Non,Non
STD_2026_0618,EMP,P5,77.74,Oui,Non
STD_2026_0618,FIC,P5,85.3,Oui,Non
STD_2026_0619,AEE,P1,57.15,Non,Non
STD_2026_0619,IAA,P1,53.77,Non,Non
STD_2026_0619,PIP,P1,52.43,Non,Non
STD_2026_0619,EMII,P2,47.06,Non,Non
STD_2026_0619,GCA,P2,42.95,Non,Non
STD_2026_0619,ICMP,P2,47.55,Non,Non
STD_2026_0619,ESIIA,P3,44.39,Non,Non
STD_2026_0619,IGGLIA,P3,78.38,Oui,Non
STD_2026_0619,IMTICIA,P3,75.98,Oui,Non
STD_2026_0619,ISAIA,P3,80.42,Oui,Non
STD_2026_0619,TEE,P4,80.83,Oui,Non
STD_2026_0619,TEH,P4,82.66,Oui,Oui
STD_2026_0619,CAA,P5,80.57,Oui,Non
STD_2026_0619,DTJA,P5,72.21,Sous condition,Non
STD_2026_0619,EMP,P5,73.61,Sous condition,Non
STD_2026_0619,FIC,P5,85.28,Oui,Non
STD_2026_0620,AEE,P1,55.17,Non,Non
STD_2026_0620,IAA,P1,70.09,Sous condition,Non
STD_2026_0620,PIP,P1,49.18,Non,Non
STD_2026_0620,EMII,P2,85.68,Oui,Non
STD_2026_0620,GCA,P2,68.06,Sous condition,Non
STD_2026_0620,ICMP,P2,75.27,Oui,Non
STD_2026_0620,ESIIA,P3,85.44,Oui,Non
STD_2026_0620,IGGLIA,P3,75.74,Oui,Non
STD_2026_0620,IMTICIA,P3,80.32,Oui,Non
STD_2026_0620,ISAIA,P3,48.65,Non,Non
STD_2026_0620,TEE,P4,50.47,Non,Non
STD_2026_0620,TEH,P4,50.9,Non,Non
STD_2026_0620,CAA,P5,43.35,Non,Oui
STD_2026_0620,DTJA,P5,47.97,Non,Non
STD_2026_0620,EMP,P5,53.3,Non,Non
STD_2026_0620,FIC,P5,49.34,Non,Non
STD_2026_0621,AEE,P1,67.89,Sous condition,Non
STD_2026_0621,IAA,P1,41.58,Non,Non
STD_2026_0621,PIP,P1,41.46,Non,Non
STD_2026_0621,EMII,P2,32.18,Non,Non
STD_2026_0621,GCA,P2,32.86,Non,Non
STD_2026_0621,ICMP,P2,29.77,Non,Non
STD_2026_0621,ESIIA,P3,34.97,Non,Non
STD_2026_0621,IGGLIA,P3,59.28,Sous condition,Non
STD_2026_0621,IMTICIA,P3,66.25,Sous condition,Non
STD_2026_0621,ISAIA,P3,40.23,Non,Non
STD_2026_0621,TEE,P4,68.09,Sous condition,Non
STD_2026_0621,TEH,P4,74.96,Sous condition,Non
STD_2026_0621,CAA,P5,60.24,Sous condition,Non
STD_2026_0621,DTJA,P5,71.17,Sous condition,Oui
STD_2026_0621,EMP,P5,58.52,Sous condition,Non
STD_2026_0621,FIC,P5,37.72,Non,Non
STD_2026_0622,AEE,P1,75.98,Oui,Non
STD_2026_0622,IAA,P1,47.25,Non,Non
STD_2026_0622,PIP,P1,45.95,Non,Non
STD_2026_0622,EMII,P2,31.76,Non,Non
STD_2026_0622,GCA,P2,42.7,Non,Non
STD_2026_0622,ICMP,P2,33.93,Non,Non
STD_2026_0622,ESIIA,P3,39.43,Non,Non
STD_2026_0622,IGGLIA,P3,69.71,Sous condition,Non
STD_2026_0622,IMTICIA,P3,67.42,Sous condition,Non
STD_2026_0622,ISAIA,P3,46.52,Non,Non
STD_2026_0622,TEE,P4,81.37,Oui,Non
STD_2026_0622,TEH,P4,77.1,Oui,Non
STD_2026_0622,CAA,P5,75.76,Oui,Non
STD_2026_0622,DTJA,P5,86.25,Oui,Non
STD_2026_0622,EMP,P5,71.87,Sous condition,Oui
STD_2026_0622,FIC,P5,49.35,Non,Non
STD_2026_0623,AEE,P1,70.09,Sous condition,Non
STD_2026_0623,IAA,P1,46.6,Non,Non
STD_2026_0623,PIP,P1,53.21,Non,Non
STD_2026_0623,EMII,P2,48.02,Non,Non
STD_2026_0623,GCA,P2,38.46,Non,Non
STD_2026_0623,ICMP,P2,43.34,Non,Non
STD_2026_0623,ESIIA,P3,42.65,Non,Non
STD_2026_0623,IGGLIA,P3,74.7,Sous condition,Non
STD_2026_0623,IMTICIA,P3,77.08,Oui,Non
STD_2026_0623,ISAIA,P3,45.69,Non,Non
STD_2026_0623,TEE,P4,80.06,Oui,Non
STD_2026_0623,TEH,P4,66.75,Sous condition,Non
STD_2026_0623,CAA,P5,74.7,Sous condition,Non
STD_2026_0623,DTJA,P5,78.33,Oui,Non
STD_2026_0623,EMP,P5,68.6,Sous condition,Non
STD_2026_0623,FIC,P5,49.23,Non,Oui
STD_2026_0624,AEE,P1,54.22,Non,Oui
STD_2026_0624,IAA,P1,51.23,Non,Non
STD_2026_0624,PIP,P1,49.46,Non,Non
STD_2026_0624,EMII,P2,57.11,Non,Non
STD_2026_0624,GCA,P2,51.03,Non,Non
STD_2026_0624,ICMP,P2,50.28,Non,Non
STD_2026_0624,ESIIA,P3,54.24,Non,Non
STD_2026_0624,IGGLIA,P3,54.37,Non,Non
STD_2026_0624,IMTICIA,P3,75.94,Oui,Non
STD_2026_0624,ISAIA,P3,50.58,Non,Non
STD_2026_0624,TEE,P4,77.59,Oui,Non
STD_2026_0624,TEH,P4,80.76,Oui,Non
STD_2026_0624,CAA,P5,77.96,Oui,Non
STD_2026_0624,DTJA,P5,76.46,Oui,Non
STD_2026_0624,EMP,P5,52.85,Non,Non
STD_2026_0624,FIC,P5,50.17,Non,Non
STD_2026_0625,AEE,P1,79.21,Oui,Non
STD_2026_0625,IAA,P1,80.93,Oui,Oui
STD_2026_0625,PIP,P1,85.98,Oui,Non
STD_2026_0625,EMII,P2,81.26,Oui,Non
STD_2026_0625,GCA,P2,94.75,Oui,Non
STD_2026_0625,ICMP,P2,88.4,Oui,Non
STD_2026_0625,ESIIA,P3,80.82,Oui,Non
STD_2026_0625,IGGLIA,P3,88.21,Oui,Non
STD_2026_0625,IMTICIA,P3,75.78,Oui,Non
STD_2026_0625,ISAIA,P3,81.73,Oui,Non
STD_2026_0625,TEE,P4,49.43,Non,Non
STD_2026_0625,TEH,P4,53.42,Non,Non
STD_2026_0625,CAA,P5,74.56,Sous condition,Non
STD_2026_0625,DTJA,P5,48.12,Non,Non
STD_2026_0625,EMP,P5,79.38,Oui,Non
STD_2026_0625,FIC,P5,90.6,Oui,Non
STD_2026_0626,AEE,P1,85.17,Oui,Non
STD_2026_0626,IAA,P1,78.42,Oui,Non
STD_2026_0626,PIP,P1,79.1,Oui,Oui
STD_2026_0626,EMII,P2,74.54,Sous condition,Non
STD_2026_0626,GCA,P2,85.75,Oui,Non
STD_2026_0626,ICMP,P2,86.02,Oui,Non
STD_2026_0626,ESIIA,P3,53.19,Non,Non
STD_2026_0626,IGGLIA,P3,76.27,Oui,Non
STD_2026_0626,IMTICIA,P3,74.06,Sous condition,Non
STD_2026_0626,ISAIA,P3,74.71,Sous condition,Non
STD_2026_0626,TEE,P4,78.9,Oui,Non
STD_2026_0626,TEH,P4,76.98,Oui,Non
STD_2026_0626,CAA,P5,70.24,Sous condition,Non
STD_2026_0626,DTJA,P5,73.42,Sous condition,Non
STD_2026_0626,EMP,P5,75.28,Oui,Non
STD_2026_0626,FIC,P5,77.58,Oui,Non
STD_2026_0627,AEE,P1,78.26,Oui,Non
STD_2026_0627,IAA,P1,77.7,Oui,Non
STD_2026_0627,PIP,P1,77.61,Oui,Non
STD_2026_0627,EMII,P2,77.67,Oui,Oui
STD_2026_0627,GCA,P2,81.45,Oui,Non
STD_2026_0627,ICMP,P2,82.98,Oui,Non
STD_2026_0627,ESIIA,P3,78.71,Oui,Non
STD_2026_0627,IGGLIA,P3,70.52,Sous condition,Non
STD_2026_0627,IMTICIA,P3,71.74,Sous condition,Non
STD_2026_0627,ISAIA,P3,70.79,Sous condition,Non
STD_2026_0627,TEE,P4,75.39,Oui,Non
STD_2026_0627,TEH,P4,50.57,Non,Non
STD_2026_0627,CAA,P5,69.72,Sous condition,Non
STD_2026_0627,DTJA,P5,52.05,Non,Non
STD_2026_0627,EMP,P5,71.83,Sous condition,Non
STD_2026_0627,FIC,P5,73.82,Sous condition,Non
STD_2026_0628,AEE,P1,54.78,Non,Non
STD_2026_0628,IAA,P1,49.64,Non,Non
STD_2026_0628,PIP,P1,55.55,Non,Non
STD_2026_0628,EMII,P2,44.62,Non,Non
STD_2026_0628,GCA,P2,37.2,Non,Oui
STD_2026_0628,ICMP,P2,40.28,Non,Non
STD_2026_0628,ESIIA,P3,41.43,Non,Non
STD_2026_0628,IGGLIA,P3,78.33,Oui,Non
STD_2026_0628,IMTICIA,P3,79.34,Oui,Non
STD_2026_0628,ISAIA,P3,78.87,Oui,Non
STD_2026_0628,TEE,P4,71.01,Sous condition,Non
STD_2026_0628,TEH,P4,75.7,Oui,Non
STD_2026_0628,CAA,P5,79.46,Oui,Non
STD_2026_0628,DTJA,P5,76.38,Oui,Non
STD_2026_0628,EMP,P5,79.33,Oui,Non
STD_2026_0628,FIC,P5,76.46,Oui,Non
STD_2026_0629,AEE,P1,60.42,Non,Non
STD_2026_0629,IAA,P1,86.93,Oui,Non
STD_2026_0629,PIP,P1,56.76,Non,Non
STD_2026_0629,EMII,P2,91.71,Oui,Non
STD_2026_0629,GCA,P2,85.38,Oui,Non
STD_2026_0629,ICMP,P2,94.0,Oui,Oui
STD_2026_0629,ESIIA,P3,85.87,Oui,Non
STD_2026_0629,IGGLIA,P3,82.09,Oui,Non
STD_2026_0629,IMTICIA,P3,83.8,Oui,Non
STD_2026_0629,ISAIA,P3,58.03,Non,Non
STD_2026_0629,TEE,P4,54.46,Non,Non
STD_2026_0629,TEH,P4,57.81,Non,Non
STD_2026_0629,CAA,P5,61.62,Non,Non
STD_2026_0629,DTJA,P5,60.2,Non,Non
STD_2026_0629,EMP,P5,60.02,Non,Non
STD_2026_0629,FIC,P5,66.22,Non,Non
STD_2026_0630,AEE,P1,73.72,Sous condition,Non
STD_2026_0630,IAA,P1,56.81,Non,Non
STD_2026_0630,PIP,P1,50.62,Non,Non
STD_2026_0630,EMII,P2,49.15,Non,Non
STD_2026_0630,GCA,P2,47.99,Non,Non
STD_2026_0630,ICMP,P2,44.99,Non,Non
STD_2026_0630,ESIIA,P3,51.7,Non,Oui
STD_2026_0630,IGGLIA,P3,82.05,Oui,Non
STD_2026_0630,IMTICIA,P3,80.19,Oui,Non
STD_2026_0630,ISAIA,P3,56.3,Non,Non
STD_2026_0630,TEE,P4,90.97,Oui,Non
STD_2026_0630,TEH,P4,85.07,Oui,Non
STD_2026_0630,CAA,P5,84.03,Oui,Non
STD_2026_0630,DTJA,P5,83.46,Oui,Non
STD_2026_0630,EMP,P5,82.61,Oui,Non
STD_2026_0630,FIC,P5,55.52,Non,Non
STD_2026_0631,AEE,P1,78.32,Oui,Non
STD_2026_0631,IAA,P1,57.21,Non,Non
STD_2026_0631,PIP,P1,50.83,Non,Non
STD_2026_0631,EMII,P2,59.12,Non,Non
STD_2026_0631,GCA,P2,61.77,Non,Non
STD_2026_0631,ICMP,P2,47.3,Non,Non
STD_2026_0631,ESIIA,P3,54.22,Non,Non
STD_2026_0631,IGGLIA,P3,87.97,Oui,Oui
STD_2026_0631,IMTICIA,P3,83.32,Oui,Non
STD_2026_0631,ISAIA,P3,59.6,Non,Non
STD_2026_0631,TEE,P4,82.41,Oui,Non
STD_2026_0631,TEH,P4,92.2,Oui,Non
STD_2026_0631,CAA,P5,79.04,Oui,Non
STD_2026_0631,DTJA,P5,91.33,Oui,Non
STD_2026_0631,EMP,P5,80.32,Oui,Non
STD_2026_0631,FIC,P5,54.76,Non,Non
STD_2026_0632,AEE,P1,74.59,Sous condition,Non
STD_2026_0632,IAA,P1,49.89,Non,Non
STD_2026_0632,PIP,P1,49.98,Non,Non
STD_2026_0632,EMII,P2,46.04,Non,Non
STD_2026_0632,GCA,P2,47.48,Non,Non
STD_2026_0632,ICMP,P2,43.72,Non,Non
STD_2026_0632,ESIIA,P3,42.3,Non,Non
STD_2026_0632,IGGLIA,P3,74.21,Sous condition,Non
STD_2026_0632,IMTICIA,P3,68.94,Sous condition,Oui
STD_2026_0632,ISAIA,P3,44.54,Non,Non
STD_2026_0632,TEE,P4,84.3,Oui,Non
STD_2026_0632,TEH,P4,81.74,Oui,Non
STD_2026_0632,CAA,P5,76.77,Oui,Non
STD_2026_0632,DTJA,P5,80.77,Oui,Non
STD_2026_0632,EMP,P5,78.15,Oui,Non
STD_2026_0632,FIC,P5,50.62,Non,Non
STD_2026_0633,AEE,P1,57.22,Non,Non
STD_2026_0633,IAA,P1,51.41,Non,Non
STD_2026_0633,PIP,P1,52.57,Non,Non
STD_2026_0633,EMII,P2,39.37,Non,Non
STD_2026_0633,GCA,P2,47.52,Non,Non
STD_2026_0633,ICMP,P2,44.01,Non,Non
STD_2026_0633,ESIIA,P3,44.81,Non,Non
STD_2026_0633,IGGLIA,P3,48.4,Non,Non
STD_2026_0633,IMTICIA,P3,78.71,Oui,Non
STD_2026_0633,ISAIA,P3,47.74,Non,Oui
STD_2026_0633,TEE,P4,71.49,Sous condition,Non
STD_2026_0633,TEH,P4,79.04,Oui,Non
STD_2026_0633,CAA,P5,76.65,Oui,Non
STD_2026_0633,DTJA,P5,81.5,Oui,Non
STD_2026_0633,EMP,P5,52.16,Non,Non
STD_2026_0633,FIC,P5,52.13,Non,Non
STD_2026_0634,AEE,P1,90.54,Oui,Non
STD_2026_0634,IAA,P1,87.43,Oui,Non
STD_2026_0634,PIP,P1,81.79,Oui,Non
STD_2026_0634,EMII,P2,86.5,Oui,Non
STD_2026_0634,GCA,P2,87.29,Oui,Non
STD_2026_0634,ICMP,P2,88.9,Oui,Non
STD_2026_0634,ESIIA,P3,86.93,Oui,Non
STD_2026_0634,IGGLIA,P3,89.58,Oui,Non
STD_2026_0634,IMTICIA,P3,83.37,Oui,Non
STD_2026_0634,ISAIA,P3,81.72,Oui,Non
STD_2026_0634,TEE,P4,50.97,Non,Oui
STD_2026_0634,TEH,P4,53.54,Non,Non
STD_2026_0634,CAA,P5,80.87,Oui,Non
STD_2026_0634,DTJA,P5,52.04,Non,Non
STD_2026_0634,EMP,P5,85.64,Oui,Non
STD_2026_0634,FIC,P5,85.53,Oui,Non
STD_2026_0635,AEE,P1,81.27,Oui,Non
STD_2026_0635,IAA,P1,73.71,Sous condition,Non
STD_2026_0635,PIP,P1,74.15,Sous condition,Non
STD_2026_0635,EMII,P2,79.15,Oui,Non
STD_2026_0635,GCA,P2,77.89,Oui,Non
STD_2026_0635,ICMP,P2,80.16,Oui,Non
STD_2026_0635,ESIIA,P3,52.56,Non,Non
STD_2026_0635,IGGLIA,P3,68.04,Sous condition,Non
STD_2026_0635,IMTICIA,P3,73.52,Sous condition,Non
STD_2026_0635,ISAIA,P3,68.08,Sous condition,Non
STD_2026_0635,TEE,P4,71.89,Sous condition,Non
STD_2026_0635,TEH,P4,67.6,Sous condition,Oui
STD_2026_0635,CAA,P5,71.11,Sous condition,Non
STD_2026_0635,DTJA,P5,66.04,Sous condition,Non
STD_2026_0635,EMP,P5,69.87,Sous condition,Non
STD_2026_0635,FIC,P5,61.17,Sous condition,Non
STD_2026_0636,AEE,P1,75.18,Oui,Non
STD_2026_0636,IAA,P1,74.99,Sous condition,Non
STD_2026_0636,PIP,P1,67.65,Sous condition,Non
STD_2026_0636,EMII,P2,69.07,Sous condition,Non
STD_2026_0636,GCA,P2,76.82,Oui,Non
STD_2026_0636,ICMP,P2,75.41,Oui,Non
STD_2026_0636,ESIIA,P3,74.5,Sous condition,Non
STD_2026_0636,IGGLIA,P3,69.74,Sous condition,Non
STD_2026_0636,IMTICIA,P3,75.5,Oui,Non
STD_2026_0636,ISAIA,P3,68.74,Sous condition,Non
STD_2026_0636,TEE,P4,73.51,Sous condition,Non
STD_2026_0636,TEH,P4,48.86,Non,Non
STD_2026_0636,CAA,P5,66.52,Sous condition,Oui
STD_2026_0636,DTJA,P5,49.74,Non,Non
STD_2026_0636,EMP,P5,75.47,Oui,Non
STD_2026_0636,FIC,P5,74.78,Sous condition,Non
STD_2026_0637,AEE,P1,42.68,Non,Non
STD_2026_0637,IAA,P1,40.37,Non,Non
STD_2026_0637,PIP,P1,43.87,Non,Non
STD_2026_0637,EMII,P2,44.01,Non,Non
STD_2026_0637,GCA,P2,44.48,Non,Non
STD_2026_0637,ICMP,P2,41.23,Non,Non
STD_2026_0637,ESIIA,P3,37.66,Non,Non
STD_2026_0637,IGGLIA,P3,59.64,Sous condition,Non
STD_2026_0637,IMTICIA,P3,69.89,Sous condition,Non
STD_2026_0637,ISAIA,P3,63.65,Sous condition,Non
STD_2026_0637,TEE,P4,65.89,Sous condition,Non
STD_2026_0637,TEH,P4,71.43,Sous condition,Non
STD_2026_0637,CAA,P5,73.96,Sous condition,Non
STD_2026_0637,DTJA,P5,73.88,Sous condition,Oui
STD_2026_0637,EMP,P5,71.68,Sous condition,Non
STD_2026_0637,FIC,P5,79.97,Oui,Non
STD_2026_0638,AEE,P1,60.15,Non,Non
STD_2026_0638,IAA,P1,82.82,Oui,Non
STD_2026_0638,PIP,P1,53.03,Non,Non
STD_2026_0638,EMII,P2,85.0,Oui,Non
STD_2026_0638,GCA,P2,78.43,Oui,Non
STD_2026_0638,ICMP,P2,86.91,Oui,Non
STD_2026_0638,ESIIA,P3,90.57,Oui,Non
STD_2026_0638,IGGLIA,P3,79.8,Oui,Non
STD_2026_0638,IMTICIA,P3,80.08,Oui,Non
STD_2026_0638,ISAIA,P3,55.49,Non,Non
STD_2026_0638,TEE,P4,49.37,Non,Non
STD_2026_0638,TEH,P4,51.47,Non,Non
STD_2026_0638,CAA,P5,55.14,Non,Non
STD_2026_0638,DTJA,P5,49.29,Non,Non
STD_2026_0638,EMP,P5,58.08,Non,Oui
STD_2026_0638,FIC,P5,59.62,Non,Non
STD_2026_0639,AEE,P1,76.66,Oui,Non
STD_2026_0639,IAA,P1,48.2,Non,Non
STD_2026_0639,PIP,P1,44.85,Non,Non
STD_2026_0639,EMII,P2,48.0,Non,Non
STD_2026_0639,GCA,P2,46.52,Non,Non
STD_2026_0639,ICMP,P2,48.73,Non,Non
STD_2026_0639,ESIIA,P3,46.69,Non,Non
STD_2026_0639,IGGLIA,P3,71.48,Sous condition,Non
STD_2026_0639,IMTICIA,P3,73.72,Sous condition,Non
STD_2026_0639,ISAIA,P3,49.49,Non,Non
STD_2026_0639,TEE,P4,82.5,Oui,Non
STD_2026_0639,TEH,P4,75.78,Oui,Non
STD_2026_0639,CAA,P5,66.99,Sous condition,Non
STD_2026_0639,DTJA,P5,77.83,Oui,Non
STD_2026_0639,EMP,P5,75.45,Oui,Non
STD_2026_0639,FIC,P5,49.92,Non,Oui
STD_2026_0640,AEE,P1,78.67,Oui,Oui
STD_2026_0640,IAA,P1,48.87,Non,Non
STD_2026_0640,PIP,P1,49.51,Non,Non
STD_2026_0640,EMII,P2,42.52,Non,Non
STD_2026_0640,GCA,P2,44.47,Non,Non
STD_2026_0640,ICMP,P2,42.82,Non,Non
STD_2026_0640,ESIIA,P3,36.89,Non,Non
STD_2026_0640,IGGLIA,P3,73.66,Sous condition,Non
STD_2026_0640,IMTICIA,P3,68.71,Sous condition,Non
STD_2026_0640,ISAIA,P3,45.9,Non,Non
STD_2026_0640,TEE,P4,69.97,Sous condition,Non
STD_2026_0640,TEH,P4,72.17,Sous condition,Non
STD_2026_0640,CAA,P5,72.77,Sous condition,Non
STD_2026_0640,DTJA,P5,75.32,Oui,Non
STD_2026_0640,EMP,P5,70.56,Sous condition,Non
STD_2026_0640,FIC,P5,51.11,Non,Non
STD_2026_0641,AEE,P1,73.5,Sous condition,Non
STD_2026_0641,IAA,P1,49.42,Non,Oui
STD_2026_0641,PIP,P1,48.26,Non,Non
STD_2026_0641,EMII,P2,53.99,Non,Non
STD_2026_0641,GCA,P2,53.16,Non,Non
STD_2026_0641,ICMP,P2,47.39,Non,Non
STD_2026_0641,ESIIA,P3,49.83,Non,Non
STD_2026_0641,IGGLIA,P3,72.87,Sous condition,Non
STD_2026_0641,IMTICIA,P3,71.38,Sous condition,Non
STD_2026_0641,ISAIA,P3,55.75,Non,Non
STD_2026_0641,TEE,P4,80.41,Oui,Non
STD_2026_0641,TEH,P4,83.96,Oui,Non
STD_2026_0641,CAA,P5,76.06,Oui,Non
STD_2026_0641,DTJA,P5,83.02,Oui,Non
STD_2026_0641,EMP,P5,78.13,Oui,Non
STD_2026_0641,FIC,P5,47.15,Non,Non
STD_2026_0642,AEE,P1,47.38,Non,Non
STD_2026_0642,IAA,P1,50.61,Non,Non
STD_2026_0642,PIP,P1,48.73,Non,Oui
STD_2026_0642,EMII,P2,49.92,Non,Non
STD_2026_0642,GCA,P2,47.73,Non,Non
STD_2026_0642,ICMP,P2,50.28,Non,Non
STD_2026_0642,ESIIA,P3,42.71,Non,Non
STD_2026_0642,IGGLIA,P3,52.91,Non,Non
STD_2026_0642,IMTICIA,P3,79.13,Oui,Non
STD_2026_0642,ISAIA,P3,46.54,Non,Non
STD_2026_0642,TEE,P4,75.14,Oui,Non
STD_2026_0642,TEH,P4,74.63,Sous condition,Non
STD_2026_0642,CAA,P5,70.11,Sous condition,Non
STD_2026_0642,DTJA,P5,77.65,Oui,Non
STD_2026_0642,EMP,P5,46.22,Non,Non
STD_2026_0642,FIC,P5,43.9,Non,Non
STD_2026_0643,AEE,P1,81.09,Oui,Non
STD_2026_0643,IAA,P1,84.01,Oui,Non
STD_2026_0643,PIP,P1,84.37,Oui,Non
STD_2026_0643,EMII,P2,82.59,Oui,Oui
STD_2026_0643,GCA,P2,78.89,Oui,Non
STD_2026_0643,ICMP,P2,77.38,Oui,Non
STD_2026_0643,ESIIA,P3,79.31,Oui,Non
STD_2026_0643,IGGLIA,P3,78.03,Oui,Non
STD_2026_0643,IMTICIA,P3,82.1,Oui,Non
STD_2026_0643,ISAIA,P3,79.07,Oui,Non
STD_2026_0643,TEE,P4,58.14,Non,Non
STD_2026_0643,TEH,P4,53.42,Non,Non
STD_2026_0643,CAA,P5,83.34,Oui,Non
STD_2026_0643,DTJA,P5,56.02,Non,Non
STD_2026_0643,EMP,P5,86.85,Oui,Non
STD_2026_0643,FIC,P5,84.86,Oui,Non
STD_2026_0644,AEE,P1,86.25,Oui,Non
STD_2026_0644,IAA,P1,83.12,Oui,Non
STD_2026_0644,PIP,P1,80.83,Oui,Non
STD_2026_0644,EMII,P2,81.75,Oui,Non
STD_2026_0644,GCA,P2,78.86,Oui,Oui
STD_2026_0644,ICMP,P2,85.54,Oui,Non
STD_2026_0644,ESIIA,P3,51.79,Non,Non
STD_2026_0644,IGGLIA,P3,78.83,Oui,Non
STD_2026_0644,IMTICIA,P3,76.95,Oui,Non
STD_2026_0644,ISAIA,P3,74.23,Sous condition,Non
STD_2026_0644,TEE,P4,75.28,Oui,Non
STD_2026_0644,TEH,P4,74.96,Sous condition,Non
STD_2026_0644,CAA,P5,76.85,Oui,Non
STD_2026_0644,DTJA,P5,73.01,Sous condition,Non
STD_2026_0644,EMP,P5,75.15,Oui,Non
STD_2026_0644,FIC,P5,78.0,Oui,Non
STD_2026_0645,AEE,P1,72.35,Sous condition,Non
STD_2026_0645,IAA,P1,72.92,Sous condition,Non
STD_2026_0645,PIP,P1,79.09,Oui,Non
STD_2026_0645,EMII,P2,74.27,Sous condition,Non
STD_2026_0645,GCA,P2,78.63,Oui,Non
STD_2026_0645,ICMP,P2,80.43,Oui,Oui
STD_2026_0645,ESIIA,P3,74.13,Sous condition,Non
STD_2026_0645,IGGLIA,P3,79.32,Oui,Non
STD_2026_0645,IMTICIA,P3,81.0,Oui,Non
STD_2026_0645,ISAIA,P3,69.18,Sous condition,Non
STD_2026_0645,TEE,P4,73.6,Sous condition,Non
STD_2026_0645,TEH,P4,42.57,Non,Non
STD_2026_0645,CAA,P5,74.56,Sous condition,Non
STD_2026_0645,DTJA,P5,48.14,Non,Non
STD_2026_0645,EMP,P5,76.98,Oui,Non
STD_2026_0645,FIC,P5,75.15,Oui,Non
STD_2026_0646,AEE,P1,57.83,Non,Non
STD_2026_0646,IAA,P1,57.48,Non,Non
STD_2026_0646,PIP,P1,54.1,Non,Non
STD_2026_0646,EMII,P2,56.22,Non,Non
STD_2026_0646,GCA,P2,48.85,Non,Non
STD_2026_0646,ICMP,P2,59.65,Non,Non
STD_2026_0646,ESIIA,P3,56.22,Non,Oui
STD_2026_0646,IGGLIA,P3,73.75,Sous condition,Non
STD_2026_0646,IMTICIA,P3,82.11,Oui,Non
STD_2026_0646,ISAIA,P3,80.35,Oui,Non
STD_2026_0646,TEE,P4,79.28,Oui,Non
STD_2026_0646,TEH,P4,78.77,Oui,Non
STD_2026_0646,CAA,P5,81.09,Oui,Non
STD_2026_0646,DTJA,P5,76.35,Oui,Non
STD_2026_0646,EMP,P5,83.26,Oui,Non
STD_2026_0646,FIC,P5,81.75,Oui,Non
STD_2026_0647,AEE,P1,56.28,Non,Non
STD_2026_0647,IAA,P1,77.08,Oui,Non
STD_2026_0647,PIP,P1,51.69,Non,Non
STD_2026_0647,EMII,P2,85.77,Oui,Non
STD_2026_0647,GCA,P2,84.08,Oui,Non
STD_2026_0647,ICMP,P2,95.38,Oui,Non
STD_2026_0647,ESIIA,P3,85.37,Oui,Non
STD_2026_0647,IGGLIA,P3,81.74,Oui,Oui
STD_2026_0647,IMTICIA,P3,82.79,Oui,Non
STD_2026_0647,ISAIA,P3,61.3,Non,Non
STD_2026_0647,TEE,P4,56.03,Non,Non
STD_2026_0647,TEH,P4,46.27,Non,Non
STD_2026_0647,CAA,P5,55.82,Non,Non
STD_2026_0647,DTJA,P5,54.73,Non,Non
STD_2026_0647,EMP,P5,57.45,Non,Non
STD_2026_0647,FIC,P5,56.49,Non,Non
STD_2026_0648,AEE,P1,78.21,Oui,Non
STD_2026_0648,IAA,P1,52.08,Non,Non
STD_2026_0648,PIP,P1,46.97,Non,Non
STD_2026_0648,EMII,P2,47.52,Non,Non
STD_2026_0648,GCA,P2,55.57,Non,Non
STD_2026_0648,ICMP,P2,49.36,Non,Non
STD_2026_0648,ESIIA,P3,50.78,Non,Non
STD_2026_0648,IGGLIA,P3,79.42,Oui,Non
STD_2026_0648,IMTICIA,P3,76.58,Oui,Oui
STD_2026_0648,ISAIA,P3,50.37,Non,Non
STD_2026_0648,TEE,P4,77.93,Oui,Non
STD_2026_0648,TEH,P4,72.79,Sous condition,Non
STD_2026_0648,CAA,P5,79.11,Oui,Non
STD_2026_0648,DTJA,P5,82.5,Oui,Non
STD_2026_0648,EMP,P5,74.6,Sous condition,Non
STD_2026_0648,FIC,P5,54.68,Non,Non
STD_2026_0649,AEE,P1,74.16,Sous condition,Non
STD_2026_0649,IAA,P1,48.79,Non,Non
STD_2026_0649,PIP,P1,40.85,Non,Non
STD_2026_0649,EMII,P2,41.12,Non,Non
STD_2026_0649,GCA,P2,41.88,Non,Non
STD_2026_0649,ICMP,P2,47.32,Non,Non
STD_2026_0649,ESIIA,P3,50.18,Non,Non
STD_2026_0649,IGGLIA,P3,67.56,Sous condition,Non
STD_2026_0649,IMTICIA,P3,67.52,Sous condition,Non
STD_2026_0649,ISAIA,P3,48.99,Non,Oui
STD_2026_0649,TEE,P4,69.74,Sous condition,Non
STD_2026_0649,TEH,P4,74.5,Sous condition,Non
STD_2026_0649,CAA,P5,69.51,Sous condition,Non
STD_2026_0649,DTJA,P5,76.42,Oui,Non
STD_2026_0649,EMP,P5,67.84,Sous condition,Non
STD_2026_0649,FIC,P5,48.51,Non,Non
STD_2026_0650,AEE,P1,69.55,Sous condition,Non
STD_2026_0650,IAA,P1,50.09,Non,Non
STD_2026_0650,PIP,P1,47.71,Non,Non
STD_2026_0650,EMII,P2,43.39,Non,Non
STD_2026_0650,GCA,P2,31.49,Non,Non
STD_2026_0650,ICMP,P2,44.6,Non,Non
STD_2026_0650,ESIIA,P3,40.66,Non,Non
STD_2026_0650,IGGLIA,P3,70.24,Sous condition,Non
STD_2026_0650,IMTICIA,P3,67.68,Sous condition,Non
STD_2026_0650,ISAIA,P3,45.39,Non,Non
STD_2026_0650,TEE,P4,78.3,Oui,Oui
STD_2026_0650,TEH,P4,81.8,Oui,Non
STD_2026_0650,CAA,P5,72.55,Sous condition,Non
STD_2026_0650,DTJA,P5,79.04,Oui,Non
STD_2026_0650,EMP,P5,67.37,Sous condition,Non
STD_2026_0650,FIC,P5,41.51,Non,Non
STD_2026_0651,AEE,P1,50.02,Non,Non
STD_2026_0651,IAA,P1,52.32,Non,Non
STD_2026_0651,PIP,P1,54.98,Non,Non
STD_2026_0651,EMII,P2,47.9,Non,Non
STD_2026_0651,GCA,P2,50.53,Non,Non
STD_2026_0651,ICMP,P2,45.08,Non,Non
STD_2026_0651,ESIIA,P3,48.09,Non,Non
STD_2026_0651,IGGLIA,P3,53.55,Non,Non
STD_2026_0651,IMTICIA,P3,75.75,Oui,Non
STD_2026_0651,ISAIA,P3,51.61,Non,Non
STD_2026_0651,TEE,P4,84.19,Oui,Non
STD_2026_0651,TEH,P4,75.94,Oui,Oui
STD_2026_0651,CAA,P5,73.9,Sous condition,Non
STD_2026_0651,DTJA,P5,75.74,Oui,Non
STD_2026_0651,EMP,P5,54.31,Non,Non
STD_2026_0651,FIC,P5,55.11,Non,Non
STD_2026_0652,AEE,P1,90.52,Oui,Non
STD_2026_0652,IAA,P1,87.7,Oui,Non
STD_2026_0652,PIP,P1,85.48,Oui,Non
STD_2026_0652,EMII,P2,82.28,Oui,Non
STD_2026_0652,GCA,P2,80.81,Oui,Non
STD_2026_0652,ICMP,P2,94.7,Oui,Non
STD_2026_0652,ESIIA,P3,83.69,Oui,Non
STD_2026_0652,IGGLIA,P3,78.38,Oui,Non
STD_2026_0652,IMTICIA,P3,78.9,Oui,Non
STD_2026_0652,ISAIA,P3,84.54,Oui,Non
STD_2026_0652,TEE,P4,57.71,Non,Non
STD_2026_0652,TEH,P4,52.44,Non,Non
STD_2026_0652,CAA,P5,78.83,Oui,Oui
STD_2026_0652,DTJA,P5,56.08,Non,Non
STD_2026_0652,EMP,P5,82.21,Oui,Non
STD_2026_0652,FIC,P5,81.23,Oui,Non
STD_2026_0653,AEE,P1,81.39,Oui,Non
STD_2026_0653,IAA,P1,81.23,Oui,Non
STD_2026_0653,PIP,P1,75.73,Oui,Non
STD_2026_0653,EMII,P2,79.15,Oui,Non
STD_2026_0653,GCA,P2,80.28,Oui,Non
STD_2026_0653,ICMP,P2,87.29,Oui,Non
STD_2026_0653,ESIIA,P3,52.22,Non,Non
STD_2026_0653,IGGLIA,P3,76.59,Oui,Non
STD_2026_0653,IMTICIA,P3,74.95,Sous condition,Non
STD_2026_0653,ISAIA,P3,70.98,Sous condition,Non
STD_2026_0653,TEE,P4,76.16,Oui,Non
STD_2026_0653,TEH,P4,72.88,Sous condition,Non
STD_2026_0653,CAA,P5,76.06,Oui,Non
STD_2026_0653,DTJA,P5,68.35,Sous condition,Oui
STD_2026_0653,EMP,P5,73.25,Sous condition,Non
STD_2026_0653,FIC,P5,72.37,Sous condition,Non
STD_2026_0654,AEE,P1,77.44,Oui,Non
STD_2026_0654,IAA,P1,76.21,Oui,Non
STD_2026_0654,PIP,P1,77.88,Oui,Non
STD_2026_0654,EMII,P2,82.77,Oui,Non
STD_2026_0654,GCA,P2,77.5,Oui,Non
STD_2026_0654,ICMP,P2,82.14,Oui,Non
STD_2026_0654,ESIIA,P3,86.13,Oui,Non
STD_2026_0654,IGGLIA,P3,75.51,Oui,Non
STD_2026_0654,IMTICIA,P3,68.53,Sous condition,Non
STD_2026_0654,ISAIA,P3,78.13,Oui,Non
STD_2026_0654,TEE,P4,78.0,Oui,Non
STD_2026_0654,TEH,P4,53.78,Non,Non
STD_2026_0654,CAA,P5,75.68,Oui,Non
STD_2026_0654,DTJA,P5,42.29,Non,Non
STD_2026_0654,EMP,P5,78.0,Oui,Oui
STD_2026_0654,FIC,P5,74.93,Sous condition,Non
STD_2026_0655,AEE,P1,59.4,Non,Non
STD_2026_0655,IAA,P1,58.32,Non,Non
STD_2026_0655,PIP,P1,51.37,Non,Non
STD_2026_0655,EMII,P2,56.48,Non,Non
STD_2026_0655,GCA,P2,52.21,Non,Non
STD_2026_0655,ICMP,P2,56.63,Non,Non
STD_2026_0655,ESIIA,P3,55.69,Non,Non
STD_2026_0655,IGGLIA,P3,79.92,Oui,Non
STD_2026_0655,IMTICIA,P3,85.64,Oui,Non
STD_2026_0655,ISAIA,P3,84.06,Oui,Non
STD_2026_0655,TEE,P4,78.48,Oui,Non
STD_2026_0655,TEH,P4,84.36,Oui,Non
STD_2026_0655,CAA,P5,80.62,Oui,Non
STD_2026_0655,DTJA,P5,78.44,Oui,Non
STD_2026_0655,EMP,P5,80.94,Oui,Non
STD_2026_0655,FIC,P5,81.28,Oui,Oui
STD_2026_0656,AEE,P1,55.46,Non,Oui
STD_2026_0656,IAA,P1,81.9,Oui,Non
STD_2026_0656,PIP,P1,58.52,Non,Non
STD_2026_0656,EMII,P2,81.98,Oui,Non
STD_2026_0656,GCA,P2,74.33,Sous condition,Non
STD_2026_0656,ICMP,P2,86.22,Oui,Non
STD_2026_0656,ESIIA,P3,82.4,Oui,Non
STD_2026_0656,IGGLIA,P3,78.24,Oui,Non
STD_2026_0656,IMTICIA,P3,82.68,Oui,Non
STD_2026_0656,ISAIA,P3,59.99,Non,Non
STD_2026_0656,TEE,P4,56.91,Non,Non
STD_2026_0656,TEH,P4,54.77,Non,Non
STD_2026_0656,CAA,P5,54.99,Non,Non
STD_2026_0656,DTJA,P5,49.97,Non,Non
STD_2026_0656,EMP,P5,63.4,Non,Non
STD_2026_0656,FIC,P5,60.56,Non,Non
STD_2026_0657,AEE,P1,64.04,Sous condition,Non
STD_2026_0657,IAA,P1,44.07,Non,Oui
STD_2026_0657,PIP,P1,44.96,Non,Non
STD_2026_0657,EMII,P2,42.19,Non,Non
STD_2026_0657,GCA,P2,56.48,Non,Non
STD_2026_0657,ICMP,P2,44.64,Non,Non
STD_2026_0657,ESIIA,P3,51.87,Non,Non
STD_2026_0657,IGGLIA,P3,69.83,Sous condition,Non
STD_2026_0657,IMTICIA,P3,71.85,Sous condition,Non
STD_2026_0657,ISAIA,P3,45.61,Non,Non
STD_2026_0657,TEE,P4,76.75,Oui,Non
STD_2026_0657,TEH,P4,78.41,Oui,Non
STD_2026_0657,CAA,P5,70.04,Sous condition,Non
STD_2026_0657,DTJA,P5,77.56,Oui,Non
STD_2026_0657,EMP,P5,68.28,Sous condition,Non
STD_2026_0657,FIC,P5,51.5,Non,Non
STD_2026_0658,AEE,P1,73.19,Sous condition,Non
STD_2026_0658,IAA,P1,52.81,Non,Non
STD_2026_0658,PIP,P1,48.69,Non,Oui
STD_2026_0658,EMII,P2,49.49,Non,Non
STD_2026_0658,GCA,P2,49.43,Non,Non
STD_2026_0658,ICMP,P2,45.56,Non,Non
STD_2026_0658,ESIIA,P3,49.17,Non,Non
STD_2026_0658,IGGLIA,P3,83.56,Oui,Non
STD_2026_0658,IMTICIA,P3,77.57,Oui,Non
STD_2026_0658,ISAIA,P3,57.04,Non,Non
STD_2026_0658,TEE,P4,84.25,Oui,Non
STD_2026_0658,TEH,P4,87.21,Oui,Non
STD_2026_0658,CAA,P5,76.41,Oui,Non
STD_2026_0658,DTJA,P5,78.81,Oui,Non
STD_2026_0658,EMP,P5,82.06,Oui,Non
STD_2026_0658,FIC,P5,53.65,Non,Non
STD_2026_0659,AEE,P1,75.68,Oui,Non
STD_2026_0659,IAA,P1,49.0,Non,Non
STD_2026_0659,PIP,P1,55.6,Non,Non
STD_2026_0659,EMII,P2,41.36,Non,Oui
STD_2026_0659,GCA,P2,50.11,Non,Non
STD_2026_0659,ICMP,P2,44.68,Non,Non
STD_2026_0659,ESIIA,P3,43.64,Non,Non
STD_2026_0659,IGGLIA,P3,82.67,Oui,Non
STD_2026_0659,IMTICIA,P3,73.36,Sous condition,Non
STD_2026_0659,ISAIA,P3,47.55,Non,Non
STD_2026_0659,TEE,P4,81.35,Oui,Non
STD_2026_0659,TEH,P4,86.38,Oui,Non
STD_2026_0659,CAA,P5,76.0,Oui,Non
STD_2026_0659,DTJA,P5,84.38,Oui,Non
STD_2026_0659,EMP,P5,71.3,Sous condition,Non
STD_2026_0659,FIC,P5,51.79,Non,Non
STD_2026_0660,AEE,P1,52.36,Non,Non
STD_2026_0660,IAA,P1,47.46,Non,Non
STD_2026_0660,PIP,P1,53.69,Non,Non
STD_2026_0660,EMII,P2,45.5,Non,Non
STD_2026_0660,GCA,P2,49.04,Non,Oui
STD_2026_0660,ICMP,P2,44.8,Non,Non
STD_2026_0660,ESIIA,P3,43.01,Non,Non
STD_2026_0660,IGGLIA,P3,50.09,Non,Non
STD_2026_0660,IMTICIA,P3,82.06,Oui,Non
STD_2026_0660,ISAIA,P3,49.64,Non,Non
STD_2026_0660,TEE,P4,79.44,Oui,Non
STD_2026_0660,TEH,P4,77.52,Oui,Non
STD_2026_0660,CAA,P5,75.57,Oui,Non
STD_2026_0660,DTJA,P5,79.29,Oui,Non
STD_2026_0660,EMP,P5,56.03,Non,Non
STD_2026_0660,FIC,P5,54.86,Non,Non
STD_2026_0661,AEE,P1,76.68,Oui,Non
STD_2026_0661,IAA,P1,81.67,Oui,Non
STD_2026_0661,PIP,P1,79.5,Oui,Non
STD_2026_0661,EMII,P2,80.21,Oui,Non
STD_2026_0661,GCA,P2,74.71,Sous condition,Non
STD_2026_0661,ICMP,P2,77.02,Oui,Oui
STD_2026_0661,ESIIA,P3,82.52,Oui,Non
STD_2026_0661,IGGLIA,P3,67.8,Sous condition,Non
STD_2026_0661,IMTICIA,P3,74.45,Sous condition,Non
STD_2026_0661,ISAIA,P3,73.4,Sous condition,Non
STD_2026_0661,TEE,P4,50.55,Non,Non
STD_2026_0661,TEH,P4,46.49,Non,Non
STD_2026_0661,CAA,P5,74.91,Sous condition,Non
STD_2026_0661,DTJA,P5,56.81,Non,Non
STD_2026_0661,EMP,P5,75.92,Oui,Non
STD_2026_0661,FIC,P5,78.54,Oui,Non
STD_2026_0662,AEE,P1,71.75,Sous condition,Non
STD_2026_0662,IAA,P1,70.17,Sous condition,Non
STD_2026_0662,PIP,P1,78.09,Oui,Non
STD_2026_0662,EMII,P2,81.33,Oui,Non
STD_2026_0662,GCA,P2,78.32,Oui,Non
STD_2026_0662,ICMP,P2,86.42,Oui,Non
STD_2026_0662,ESIIA,P3,54.33,Non,Oui
STD_2026_0662,IGGLIA,P3,67.96,Sous condition,Non
STD_2026_0662,IMTICIA,P3,69.74,Sous condition,Non
STD_2026_0662,ISAIA,P3,64.72,Sous condition,Non
STD_2026_0662,TEE,P4,79.15,Oui,Non
STD_2026_0662,TEH,P4,68.62,Sous condition,Non
STD_2026_0662,CAA,P5,62.13,Sous condition,Non
STD_2026_0662,DTJA,P5,70.43,Sous condition,Non
STD_2026_0662,EMP,P5,65.42,Sous condition,Non
STD_2026_0662,FIC,P5,74.99,Sous condition,Non
STD_2026_0663,AEE,P1,83.93,Oui,Non
STD_2026_0663,IAA,P1,80.99,Oui,Non
STD_2026_0663,PIP,P1,82.9,Oui,Non
STD_2026_0663,EMII,P2,80.49,Oui,Non
STD_2026_0663,GCA,P2,85.04,Oui,Non
STD_2026_0663,ICMP,P2,93.22,Oui,Non
STD_2026_0663,ESIIA,P3,79.12,Oui,Non
STD_2026_0663,IGGLIA,P3,77.94,Oui,Oui
STD_2026_0663,IMTICIA,P3,81.17,Oui,Non
STD_2026_0663,ISAIA,P3,83.38,Oui,Non
STD_2026_0663,TEE,P4,84.07,Oui,Non
STD_2026_0663,TEH,P4,49.17,Non,Non
STD_2026_0663,CAA,P5,79.66,Oui,Non
STD_2026_0663,DTJA,P5,57.19,Non,Non
STD_2026_0663,EMP,P5,82.67,Oui,Non
STD_2026_0663,FIC,P5,90.65,Oui,Non
STD_2026_0664,AEE,P1,55.76,Non,Non
STD_2026_0664,IAA,P1,51.77,Non,Non
STD_2026_0664,PIP,P1,51.36,Non,Non
STD_2026_0664,EMII,P2,57.3,Non,Non
STD_2026_0664,GCA,P2,52.57,Non,Non
STD_2026_0664,ICMP,P2,59.54,Non,Non
STD_2026_0664,ESIIA,P3,54.05,Non,Non
STD_2026_0664,IGGLIA,P3,79.32,Oui,Non
STD_2026_0664,IMTICIA,P3,81.66,Oui,Oui
STD_2026_0664,ISAIA,P3,74.9,Sous condition,Non
STD_2026_0664,TEE,P4,78.06,Oui,Non
STD_2026_0664,TEH,P4,74.69,Sous condition,Non
STD_2026_0664,CAA,P5,79.94,Oui,Non
STD_2026_0664,DTJA,P5,78.36,Oui,Non
STD_2026_0664,EMP,P5,78.93,Oui,Non
STD_2026_0664,FIC,P5,82.31,Oui,Non
STD_2026_0665,AEE,P1,55.03,Non,Non
STD_2026_0665,IAA,P1,72.56,Sous condition,Non
STD_2026_0665,PIP,P1,50.71,Non,Non
STD_2026_0665,EMII,P2,77.53,Oui,Non
STD_2026_0665,GCA,P2,73.61,Sous condition,Non
STD_2026_0665,ICMP,P2,76.42,Oui,Non
STD_2026_0665,ESIIA,P3,76.41,Oui,Non
STD_2026_0665,IGGLIA,P3,78.31,Oui,Non
STD_2026_0665,IMTICIA,P3,72.69,Sous condition,Non
STD_2026_0665,ISAIA,P3,49.95,Non,Oui
STD_2026_0665,TEE,P4,50.29,Non,Non
STD_2026_0665,TEH,P4,54.17,Non,Non
STD_2026_0665,CAA,P5,51.23,Non,Non
STD_2026_0665,DTJA,P5,50.8,Non,Non
STD_2026_0665,EMP,P5,51.83,Non,Non
STD_2026_0665,FIC,P5,51.29,Non,Non
STD_2026_0666,AEE,P1,80.71,Oui,Non
STD_2026_0666,IAA,P1,47.24,Non,Non
STD_2026_0666,PIP,P1,60.41,Non,Non
STD_2026_0666,EMII,P2,48.62,Non,Non
STD_2026_0666,GCA,P2,53.44,Non,Non
STD_2026_0666,ICMP,P2,47.84,Non,Non
STD_2026_0666,ESIIA,P3,48.23,Non,Non
STD_2026_0666,IGGLIA,P3,79.43,Oui,Non
STD_2026_0666,IMTICIA,P3,74.37,Sous condition,Non
STD_2026_0666,ISAIA,P3,57.31,Non,Non
STD_2026_0666,TEE,P4,74.52,Sous condition,Oui
STD_2026_0666,TEH,P4,79.21,Oui,Non
STD_2026_0666,CAA,P5,81.52,Oui,Non
STD_2026_0666,DTJA,P5,86.33,Oui,Non
STD_2026_0666,EMP,P5,76.53,Oui,Non
STD_2026_0666,FIC,P5,60.69,Non,Non
STD_2026_0667,AEE,P1,74.47,Sous condition,Non
STD_2026_0667,IAA,P1,53.12,Non,Non
STD_2026_0667,PIP,P1,42.63,Non,Non
STD_2026_0667,EMII,P2,41.97,Non,Non
STD_2026_0667,GCA,P2,48.9,Non,Non
STD_2026_0667,ICMP,P2,39.32,Non,Non
STD_2026_0667,ESIIA,P3,38.36,Non,Non
STD_2026_0667,IGGLIA,P3,69.53,Sous condition,Non
STD_2026_0667,IMTICIA,P3,73.26,Sous condition,Non
STD_2026_0667,ISAIA,P3,47.38,Non,Non
STD_2026_0667,TEE,P4,72.71,Sous condition,Non
STD_2026_0667,TEH,P4,80.96,Oui,Oui
STD_2026_0667,CAA,P5,77.08,Oui,Non
STD_2026_0667,DTJA,P5,79.78,Oui,Non
STD_2026_0667,EMP,P5,80.18,Oui,Non
STD_2026_0667,FIC,P5,47.89,Non,Non
STD_2026_0668,AEE,P1,74.72,Sous condition,Non
STD_2026_0668,IAA,P1,52.51,Non,Non
STD_2026_0668,PIP,P1,47.44,Non,Non
STD_2026_0668,EMII,P2,42.28,Non,Non
STD_2026_0668,GCA,P2,41.55,Non,Non
STD_2026_0668,ICMP,P2,39.41,Non,Non
STD_2026_0668,ESIIA,P3,37.23,Non,Non
STD_2026_0668,IGGLIA,P3,76.38,Oui,Non
STD_2026_0668,IMTICIA,P3,67.1,Sous condition,Non
STD_2026_0668,ISAIA,P3,43.15,Non,Non
STD_2026_0668,TEE,P4,78.97,Oui,Non
STD_2026_0668,TEH,P4,83.54,Oui,Non
STD_2026_0668,CAA,P5,68.0,Sous condition,Oui
STD_2026_0668,DTJA,P5,75.39,Oui,Non
STD_2026_0668,EMP,P5,72.61,Sous condition,Non
STD_2026_0668,FIC,P5,56.79,Non,Non
STD_2026_0669,AEE,P1,54.19,Non,Non
STD_2026_0669,IAA,P1,51.66,Non,Non
STD_2026_0669,PIP,P1,51.9,Non,Non
STD_2026_0669,EMII,P2,42.37,Non,Non
STD_2026_0669,GCA,P2,46.66,Non,Non
STD_2026_0669,ICMP,P2,43.23,Non,Non
STD_2026_0669,ESIIA,P3,47.58,Non,Non
STD_2026_0669,IGGLIA,P3,48.11,Non,Non
STD_2026_0669,IMTICIA,P3,82.16,Oui,Non
STD_2026_0669,ISAIA,P3,44.3,Non,Non
STD_2026_0669,TEE,P4,76.43,Oui,Non
STD_2026_0669,TEH,P4,78.92,Oui,Non
STD_2026_0669,CAA,P5,76.26,Oui,Non
STD_2026_0669,DTJA,P5,75.62,Oui,Oui
STD_2026_0669,EMP,P5,49.81,Non,Non
STD_2026_0669,FIC,P5,50.96,Non,Non
STD_2026_0670,AEE,P1,83.83,Oui,Non
STD_2026_0670,IAA,P1,80.67,Oui,Non
STD_2026_0670,PIP,P1,88.02,Oui,Non
STD_2026_0670,EMII,P2,87.8,Oui,Non
STD_2026_0670,GCA,P2,78.89,Oui,Non
STD_2026_0670,ICMP,P2,80.68,Oui,Non
STD_2026_0670,ESIIA,P3,91.06,Oui,Non
STD_2026_0670,IGGLIA,P3,83.92,Oui,Non
STD_2026_0670,IMTICIA,P3,84.44,Oui,Non
STD_2026_0670,ISAIA,P3,84.61,Oui,Non
STD_2026_0670,TEE,P4,49.14,Non,Non
STD_2026_0670,TEH,P4,52.21,Non,Non
STD_2026_0670,CAA,P5,86.25,Oui,Non
STD_2026_0670,DTJA,P5,54.85,Non,Non
STD_2026_0670,EMP,P5,86.76,Oui,Oui
STD_2026_0670,FIC,P5,83.55,Oui,Non
STD_2026_0671,AEE,P1,85.57,Oui,Non
STD_2026_0671,IAA,P1,84.74,Oui,Non
STD_2026_0671,PIP,P1,76.63,Oui,Non
STD_2026_0671,EMII,P2,85.23,Oui,Non
STD_2026_0671,GCA,P2,77.08,Oui,Non
STD_2026_0671,ICMP,P2,79.5,Oui,Non
STD_2026_0671,ESIIA,P3,53.23,Non,Non
STD_2026_0671,IGGLIA,P3,78.73,Oui,Non
STD_2026_0671,IMTICIA,P3,79.04,Oui,Non
STD_2026_0671,ISAIA,P3,79.44,Oui,Non
STD_2026_0671,TEE,P4,77.97,Oui,Non
STD_2026_0671,TEH,P4,78.57,Oui,Non
STD_2026_0671,CAA,P5,78.81,Oui,Non
STD_2026_0671,DTJA,P5,76.97,Oui,Non
STD_2026_0671,EMP,P5,74.97,Sous condition,Non
STD_2026_0671,FIC,P5,77.28,Oui,Oui
STD_2026_0672,AEE,P1,83.74,Oui,Oui
STD_2026_0672,IAA,P1,82.08,Oui,Non
STD_2026_0672,PIP,P1,85.09,Oui,Non
STD_2026_0672,EMII,P2,84.43,Oui,Non
STD_2026_0672,GCA,P2,87.97,Oui,Non
STD_2026_0672,ICMP,P2,85.96,Oui,Non
STD_2026_0672,ESIIA,P3,85.68,Oui,Non
STD_2026_0672,IGGLIA,P3,84.96,Oui,Non
STD_2026_0672,IMTICIA,P3,83.45,Oui,Non
STD_2026_0672,ISAIA,P3,89.13,Oui,Non
STD_2026_0672,TEE,P4,81.39,Oui,Non
STD_2026_0672,TEH,P4,57.74,Non,Non
STD_2026_0672,CAA,P5,85.14,Oui,Non
STD_2026_0672,DTJA,P5,55.93,Non,Non
STD_2026_0672,EMP,P5,79.87,Oui,Non
STD_2026_0672,FIC,P5,81.84,Oui,Non
STD_2026_0673,AEE,P1,53.3,Non,Non
STD_2026_0673,IAA,P1,47.86,Non,Oui
STD_2026_0673,PIP,P1,47.78,Non,Non
STD_2026_0673,EMII,P2,54.68,Non,Non
STD_2026_0673,GCA,P2,55.31,Non,Non
STD_2026_0673,ICMP,P2,53.75,Non,Non
STD_2026_0673,ESIIA,P3,61.32,Non,Non
STD_2026_0673,IGGLIA,P3,73.21,Sous condition,Non
STD_2026_0673,IMTICIA,P3,75.6,Oui,Non
STD_2026_0673,ISAIA,P3,76.02,Oui,Non
STD_2026_0673,TEE,P4,76.15,Oui,Non
STD_2026_0673,TEH,P4,89.16,Oui,Non
STD_2026_0673,CAA,P5,76.43,Oui,Non
STD_2026_0673,DTJA,P5,77.9,Oui,Non
STD_2026_0673,EMP,P5,78.61,Oui,Non
STD_2026_0673,FIC,P5,75.3,Oui,Non
STD_2026_0674,AEE,P1,50.12,Non,Non
STD_2026_0674,IAA,P1,71.64,Sous condition,Non
STD_2026_0674,PIP,P1,50.19,Non,Oui
STD_2026_0674,EMII,P2,78.63,Oui,Non
STD_2026_0674,GCA,P2,75.61,Oui,Non
STD_2026_0674,ICMP,P2,77.64,Oui,Non
STD_2026_0674,ESIIA,P3,75.82,Oui,Non
STD_2026_0674,IGGLIA,P3,72.06,Sous condition,Non
STD_2026_0674,IMTICIA,P3,76.26,Oui,Non
STD_2026_0674,ISAIA,P3,46.61,Non,Non
STD_2026_0674,TEE,P4,45.83,Non,Non
STD_2026_0674,TEH,P4,45.62,Non,Non
STD_2026_0674,CAA,P5,44.11,Non,Non
STD_2026_0674,DTJA,P5,54.48,Non,Non
STD_2026_0674,EMP,P5,50.33,Non,Non
STD_2026_0674,FIC,P5,57.2,Non,Non
STD_2026_0675,AEE,P1,77.15,Oui,Non
STD_2026_0675,IAA,P1,48.64,Non,Non
STD_2026_0675,PIP,P1,46.78,Non,Non
STD_2026_0675,EMII,P2,48.66,Non,Oui
STD_2026_0675,GCA,P2,53.92,Non,Non
STD_2026_0675,ICMP,P2,41.51,Non,Non
STD_2026_0675,ESIIA,P3,41.13,Non,Non
STD_2026_0675,IGGLIA,P3,77.87,Oui,Non
STD_2026_0675,IMTICIA,P3,78.5,Oui,Non
STD_2026_0675,ISAIA,P3,53.49,Non,Non
STD_2026_0675,TEE,P4,76.49,Oui,Non
STD_2026_0675,TEH,P4,82.21,Oui,Non
STD_2026_0675,CAA,P5,69.48,Sous condition,Non
STD_2026_0675,DTJA,P5,75.85,Oui,Non
STD_2026_0675,EMP,P5,74.44,Sous condition,Non
STD_2026_0675,FIC,P5,49.56,Non,Non
STD_2026_0676,AEE,P1,71.48,Sous condition,Non
STD_2026_0676,IAA,P1,50.95,Non,Non
STD_2026_0676,PIP,P1,51.35,Non,Non
STD_2026_0676,EMII,P2,56.17,Non,Non
STD_2026_0676,GCA,P2,47.46,Non,Oui
STD_2026_0676,ICMP,P2,43.21,Non,Non
STD_2026_0676,ESIIA,P3,55.1,Non,Non
STD_2026_0676,IGGLIA,P3,80.53,Oui,Non
STD_2026_0676,IMTICIA,P3,80.87,Oui,Non
STD_2026_0676,ISAIA,P3,57.81,Non,Non
STD_2026_0676,TEE,P4,82.85,Oui,Non
STD_2026_0676,TEH,P4,85.07,Oui,Non
STD_2026_0676,CAA,P5,79.63,Oui,Non
STD_2026_0676,DTJA,P5,82.09,Oui,Non
STD_2026_0676,EMP,P5,74.66,Sous condition,Non
STD_2026_0676,FIC,P5,51.28,Non,Non
STD_2026_0677,AEE,P1,77.41,Oui,Non
STD_2026_0677,IAA,P1,52.0,Non,Non
STD_2026_0677,PIP,P1,51.66,Non,Non
STD_2026_0677,EMII,P2,48.68,Non,Non
STD_2026_0677,GCA,P2,44.71,Non,Non
STD_2026_0677,ICMP,P2,49.05,Non,Oui
STD_2026_0677,ESIIA,P3,49.84,Non,Non
STD_2026_0677,IGGLIA,P3,81.84,Oui,Non
STD_2026_0677,IMTICIA,P3,75.72,Oui,Non
STD_2026_0677,ISAIA,P3,52.99,Non,Non
STD_2026_0677,TEE,P4,71.35,Sous condition,Non
STD_2026_0677,TEH,P4,79.63,Oui,Non
STD_2026_0677,CAA,P5,71.91,Sous condition,Non
STD_2026_0677,DTJA,P5,72.37,Sous condition,Non
STD_2026_0677,EMP,P5,77.4,Oui,Non
STD_2026_0677,FIC,P5,55.78,Non,Non
STD_2026_0678,AEE,P1,51.78,Non,Non
STD_2026_0678,IAA,P1,45.02,Non,Non
STD_2026_0678,PIP,P1,49.51,Non,Non
STD_2026_0678,EMII,P2,43.68,Non,Non
STD_2026_0678,GCA,P2,48.31,Non,Non
STD_2026_0678,ICMP,P2,51.35,Non,Non
STD_2026_0678,ESIIA,P3,44.71,Non,Oui
STD_2026_0678,IGGLIA,P3,48.75,Non,Non
STD_2026_0678,IMTICIA,P3,72.37,Sous condition,Non
STD_2026_0678,ISAIA,P3,47.31,Non,Non
STD_2026_0678,TEE,P4,75.81,Oui,Non
STD_2026_0678,TEH,P4,78.98,Oui,Non
STD_2026_0678,CAA,P5,73.74,Sous condition,Non
STD_2026_0678,DTJA,P5,72.73,Sous condition,Non
STD_2026_0678,EMP,P5,45.19,Non,Non
STD_2026_0678,FIC,P5,51.45,Non,Non
STD_2026_0679,AEE,P1,75.75,Oui,Non
STD_2026_0679,IAA,P1,78.3,Oui,Non
STD_2026_0679,PIP,P1,80.17,Oui,Non
STD_2026_0679,EMII,P2,72.6,Sous condition,Non
STD_2026_0679,GCA,P2,85.39,Oui,Non
STD_2026_0679,ICMP,P2,75.37,Oui,Non
STD_2026_0679,ESIIA,P3,75.51,Oui,Non
STD_2026_0679,IGGLIA,P3,71.92,Sous condition,Oui
STD_2026_0679,IMTICIA,P3,71.39,Sous condition,Non
STD_2026_0679,ISAIA,P3,76.78,Oui,Non
STD_2026_0679,TEE,P4,48.58,Non,Non
STD_2026_0679,TEH,P4,55.54,Non,Non
STD_2026_0679,CAA,P5,73.34,Sous condition,Non
STD_2026_0679,DTJA,P5,51.99,Non,Non
STD_2026_0679,EMP,P5,72.86,Sous condition,Non
STD_2026_0679,FIC,P5,78.6,Oui,Non
STD_2026_0680,AEE,P1,81.02,Oui,Non
STD_2026_0680,IAA,P1,78.71,Oui,Non
STD_2026_0680,PIP,P1,84.3,Oui,Non
STD_2026_0680,EMII,P2,84.77,Oui,Non
STD_2026_0680,GCA,P2,75.88,Oui,Non
STD_2026_0680,ICMP,P2,82.87,Oui,Non
STD_2026_0680,ESIIA,P3,56.78,Non,Non
STD_2026_0680,IGGLIA,P3,75.32,Oui,Non
STD_2026_0680,IMTICIA,P3,75.71,Oui,Oui
STD_2026_0680,ISAIA,P3,73.6,Sous condition,Non
STD_2026_0680,TEE,P4,79.78,Oui,Non
STD_2026_0680,TEH,P4,77.18,Oui,Non
STD_2026_0680,CAA,P5,75.92,Oui,Non
STD_2026_0680,DTJA,P5,74.49,Sous condition,Non
STD_2026_0680,EMP,P5,76.37,Oui,Non
STD_2026_0680,FIC,P5,73.1,Sous condition,Non
STD_2026_0681,AEE,P1,73.73,Sous condition,Non
STD_2026_0681,IAA,P1,78.45,Oui,Non
STD_2026_0681,PIP,P1,81.05,Oui,Non
STD_2026_0681,EMII,P2,90.54,Oui,Non
STD_2026_0681,GCA,P2,80.96,Oui,Non
STD_2026_0681,ICMP,P2,77.92,Oui,Non
STD_2026_0681,ESIIA,P3,83.59,Oui,Non
STD_2026_0681,IGGLIA,P3,86.67,Oui,Non
STD_2026_0681,IMTICIA,P3,78.86,Oui,Non
STD_2026_0681,ISAIA,P3,84.42,Oui,Oui
STD_2026_0681,TEE,P4,79.6,Oui,Non
STD_2026_0681,TEH,P4,52.72,Non,Non
STD_2026_0681,CAA,P5,76.69,Oui,Non
STD_2026_0681,DTJA,P5,56.04,Non,Non
STD_2026_0681,EMP,P5,79.94,Oui,Non
STD_2026_0681,FIC,P5,80.98,Oui,Non
STD_2026_0682,AEE,P1,46.31,Non,Non
STD_2026_0682,IAA,P1,52.27,Non,Non
STD_2026_0682,PIP,P1,46.31,Non,Non
STD_2026_0682,EMII,P2,43.39,Non,Non
STD_2026_0682,GCA,P2,51.17,Non,Non
STD_2026_0682,ICMP,P2,46.54,Non,Non
STD_2026_0682,ESIIA,P3,43.99,Non,Non
STD_2026_0682,IGGLIA,P3,72.67,Sous condition,Non
STD_2026_0682,IMTICIA,P3,74.64,Sous condition,Non
STD_2026_0682,ISAIA,P3,74.13,Sous condition,Non
STD_2026_0682,TEE,P4,72.38,Sous condition,Oui
STD_2026_0682,TEH,P4,75.81,Oui,Non
STD_2026_0682,CAA,P5,79.48,Oui,Non
STD_2026_0682,DTJA,P5,76.79,Oui,Non
STD_2026_0682,EMP,P5,76.64,Oui,Non
STD_2026_0682,FIC,P5,71.87,Sous condition,Non
STD_2026_0683,AEE,P1,58.55,Non,Non
STD_2026_0683,IAA,P1,78.75,Oui,Non
STD_2026_0683,PIP,P1,58.02,Non,Non
STD_2026_0683,EMII,P2,86.52,Oui,Non
STD_2026_0683,GCA,P2,91.72,Oui,Non
STD_2026_0683,ICMP,P2,100.0,Oui,Non
STD_2026_0683,ESIIA,P3,85.42,Oui,Non
STD_2026_0683,IGGLIA,P3,83.67,Oui,Non
STD_2026_0683,IMTICIA,P3,79.75,Oui,Non
STD_2026_0683,ISAIA,P3,58.53,Non,Non
STD_2026_0683,TEE,P4,43.9,Non,Non
STD_2026_0683,TEH,P4,45.51,Non,Oui
STD_2026_0683,CAA,P5,54.14,Non,Non
STD_2026_0683,DTJA,P5,37.45,Non,Non
STD_2026_0683,EMP,P5,54.09,Non,Non
STD_2026_0683,FIC,P5,56.84,Non,Non
STD_2026_0684,AEE,P1,74.4,Sous condition,Non
STD_2026_0684,IAA,P1,51.14,Non,Non
STD_2026_0684,PIP,P1,48.01,Non,Non
STD_2026_0684,EMII,P2,45.89,Non,Non
STD_2026_0684,GCA,P2,47.56,Non,Non
STD_2026_0684,ICMP,P2,48.29,Non,Non
STD_2026_0684,ESIIA,P3,38.4,Non,Non
STD_2026_0684,IGGLIA,P3,70.39,Sous condition,Non
STD_2026_0684,IMTICIA,P3,72.29,Sous condition,Non
STD_2026_0684,ISAIA,P3,50.36,Non,Non
STD_2026_0684,TEE,P4,75.54,Oui,Non
STD_2026_0684,TEH,P4,76.33,Oui,Non
STD_2026_0684,CAA,P5,70.09,Sous condition,Oui
STD_2026_0684,DTJA,P5,76.15,Oui,Non
STD_2026_0684,EMP,P5,73.75,Sous condition,Non
STD_2026_0684,FIC,P5,55.94,Non,Non
STD_2026_0685,AEE,P1,71.62,Sous condition,Non
STD_2026_0685,IAA,P1,46.96,Non,Non
STD_2026_0685,PIP,P1,49.93,Non,Non
STD_2026_0685,EMII,P2,49.08,Non,Non
STD_2026_0685,GCA,P2,41.84,Non,Non
STD_2026_0685,ICMP,P2,33.39,Non,Non
STD_2026_0685,ESIIA,P3,52.67,Non,Non
STD_2026_0685,IGGLIA,P3,75.37,Oui,Non
STD_2026_0685,IMTICIA,P3,72.94,Sous condition,Non
STD_2026_0685,ISAIA,P3,56.31,Non,Non
STD_2026_0685,TEE,P4,76.0,Oui,Non
STD_2026_0685,TEH,P4,82.14,Oui,Non
STD_2026_0685,CAA,P5,71.32,Sous condition,Non
STD_2026_0685,DTJA,P5,84.26,Oui,Oui
STD_2026_0685,EMP,P5,71.22,Sous condition,Non
STD_2026_0685,FIC,P5,50.27,Non,Non
STD_2026_0686,AEE,P1,64.26,Sous condition,Non
STD_2026_0686,IAA,P1,42.63,Non,Non
STD_2026_0686,PIP,P1,41.2,Non,Non
STD_2026_0686,EMII,P2,44.37,Non,Non
STD_2026_0686,GCA,P2,42.1,Non,Non
STD_2026_0686,ICMP,P2,44.64,Non,Non
STD_2026_0686,ESIIA,P3,43.77,Non,Non
STD_2026_0686,IGGLIA,P3,63.45,Sous condition,Non
STD_2026_0686,IMTICIA,P3,74.42,Sous condition,Non
STD_2026_0686,ISAIA,P3,48.11,Non,Non
STD_2026_0686,TEE,P4,77.38,Oui,Non
STD_2026_0686,TEH,P4,78.21,Oui,Non
STD_2026_0686,CAA,P5,74.37,Sous condition,Non
STD_2026_0686,DTJA,P5,78.27,Oui,Non
STD_2026_0686,EMP,P5,69.89,Sous condition,Oui
STD_2026_0686,FIC,P5,43.02,Non,Non
STD_2026_0687,AEE,P1,46.48,Non,Non
STD_2026_0687,IAA,P1,39.86,Non,Non
STD_2026_0687,PIP,P1,46.22,Non,Non
STD_2026_0687,EMII,P2,39.28,Non,Non
STD_2026_0687,GCA,P2,43.06,Non,Non
STD_2026_0687,ICMP,P2,43.36,Non,Non
STD_2026_0687,ESIIA,P3,42.34,Non,Non
STD_2026_0687,IGGLIA,P3,46.92,Non,Non
STD_2026_0687,IMTICIA,P3,76.7,Oui,Non
STD_2026_0687,ISAIA,P3,42.41,Non,Non
STD_2026_0687,TEE,P4,73.56,Sous condition,Non
STD_2026_0687,TEH,P4,75.9,Oui,Non
STD_2026_0687,CAA,P5,68.73,Sous condition,Non
STD_2026_0687,DTJA,P5,75.12,Oui,Non
STD_2026_0687,EMP,P5,43.22,Non,Non
STD_2026_0687,FIC,P5,45.18,Non,Oui
STD_2026_0688,AEE,P1,87.76,Oui,Oui
STD_2026_0688,IAA,P1,82.38,Oui,Non
STD_2026_0688,PIP,P1,78.87,Oui,Non
STD_2026_0688,EMII,P2,83.94,Oui,Non
STD_2026_0688,GCA,P2,88.55,Oui,Non
STD_2026_0688,ICMP,P2,86.92,Oui,Non
STD_2026_0688,ESIIA,P3,86.8,Oui,Non
STD_2026_0688,IGGLIA,P3,80.76,Oui,Non
STD_2026_0688,IMTICIA,P3,80.28,Oui,Non
STD_2026_0688,ISAIA,P3,84.56,Oui,Non
STD_2026_0688,TEE,P4,53.8,Non,Non
STD_2026_0688,TEH,P4,52.87,Non,Non
STD_2026_0688,CAA,P5,84.32,Oui,Non
STD_2026_0688,DTJA,P5,59.38,Non,Non
STD_2026_0688,EMP,P5,81.79,Oui,Non
STD_2026_0688,FIC,P5,82.45,Oui,Non
STD_2026_0689,AEE,P1,78.6,Oui,Non
STD_2026_0689,IAA,P1,79.51,Oui,Oui
STD_2026_0689,PIP,P1,82.03,Oui,Non
STD_2026_0689,EMII,P2,77.01,Oui,Non
STD_2026_0689,GCA,P2,84.24,Oui,Non
STD_2026_0689,ICMP,P2,82.93,Oui,Non
STD_2026_0689,ESIIA,P3,57.28,Non,Non
STD_2026_0689,IGGLIA,P3,80.1,Oui,Non
STD_2026_0689,IMTICIA,P3,74.2,Sous condition,Non
STD_2026_0689,ISAIA,P3,75.27,Oui,Non
STD_2026_0689,TEE,P4,77.4,Oui,Non
STD_2026_0689,TEH,P4,80.24,Oui,Non
STD_2026_0689,CAA,P5,81.32,Oui,Non
STD_2026_0689,DTJA,P5,76.85,Oui,Non
STD_2026_0689,EMP,P5,82.23,Oui,Non
STD_2026_0689,FIC,P5,81.48,Oui,Non
STD_2026_0690,AEE,P1,75.82,Oui,Non
STD_2026_0690,IAA,P1,82.22,Oui,Non
STD_2026_0690,PIP,P1,77.86,Oui,Oui
STD_2026_0690,EMII,P2,85.07,Oui,Non
STD_2026_0690,GCA,P2,88.82,Oui,Non
STD_2026_0690,ICMP,P2,84.56,Oui,Non
STD_2026_0690,ESIIA,P3,86.49,Oui,Non
STD_2026_0690,IGGLIA,P3,80.21,Oui,Non
STD_2026_0690,IMTICIA,P3,79.32,Oui,Non
STD_2026_0690,ISAIA,P3,79.19,Oui,Non
STD_2026_0690,TEE,P4,71.65,Sous condition,Non
STD_2026_0690,TEH,P4,47.76,Non,Non
STD_2026_0690,CAA,P5,86.31,Oui,Non
STD_2026_0690,DTJA,P5,51.52,Non,Non
STD_2026_0690,EMP,P5,78.56,Oui,Non
STD_2026_0690,FIC,P5,76.57,Oui,Non
STD_2026_0691,AEE,P1,49.32,Non,Non
STD_2026_0691,IAA,P1,51.21,Non,Non
STD_2026_0691,PIP,P1,50.2,Non,Non
STD_2026_0691,EMII,P2,49.34,Non,Oui
STD_2026_0691,GCA,P2,44.26,Non,Non
STD_2026_0691,ICMP,P2,40.01,Non,Non
STD_2026_0691,ESIIA,P3,49.74,Non,Non
STD_2026_0691,IGGLIA,P3,69.89,Sous condition,Non
STD_2026_0691,IMTICIA,P3,66.2,Sous condition,Non
STD_2026_0691,ISAIA,P3,72.66,Sous condition,Non
STD_2026_0691,TEE,P4,74.15,Sous condition,Non
STD_2026_0691,TEH,P4,82.34,Oui,Non
STD_2026_0691,CAA,P5,78.89,Oui,Non
STD_2026_0691,DTJA,P5,77.24,Oui,Non
STD_2026_0691,EMP,P5,68.32,Sous condition,Non
STD_2026_0691,FIC,P5,75.17,Oui,Non
STD_2026_0692,AEE,P1,52.71,Non,Non
STD_2026_0692,IAA,P1,71.22,Sous condition,Non
STD_2026_0692,PIP,P1,53.24,Non,Non
STD_2026_0692,EMII,P2,81.15,Oui,Non
STD_2026_0692,GCA,P2,75.2,Oui,Oui
STD_2026_0692,ICMP,P2,76.89,Oui,Non
STD_2026_0692,ESIIA,P3,84.13,Oui,Non
STD_2026_0692,IGGLIA,P3,76.79,Oui,Non
STD_2026_0692,IMTICIA,P3,79.99,Oui,Non
STD_2026_0692,ISAIA,P3,52.92,Non,Non
STD_2026_0692,TEE,P4,50.76,Non,Non
STD_2026_0692,TEH,P4,49.43,Non,Non
STD_2026_0692,CAA,P5,51.63,Non,Non
STD_2026_0692,DTJA,P5,47.31,Non,Non
STD_2026_0692,EMP,P5,50.75,Non,Non
STD_2026_0692,FIC,P5,52.38,Non,Non
STD_2026_0693,AEE,P1,72.51,Sous condition,Non
STD_2026_0693,IAA,P1,51.3,Non,Non
STD_2026_0693,PIP,P1,47.78,Non,Non
STD_2026_0693,EMII,P2,43.91,Non,Non
STD_2026_0693,GCA,P2,44.31,Non,Non
STD_2026_0693,ICMP,P2,41.33,Non,Oui
STD_2026_0693,ESIIA,P3,47.64,Non,Non
STD_2026_0693,IGGLIA,P3,74.95,Sous condition,Non
STD_2026_0693,IMTICIA,P3,77.72,Oui,Non
STD_2026_0693,ISAIA,P3,53.71,Non,Non
STD_2026_0693,TEE,P4,83.71,Oui,Non
STD_2026_0693,TEH,P4,78.46,Oui,Non
STD_2026_0693,CAA,P5,78.81,Oui,Non
STD_2026_0693,DTJA,P5,82.92,Oui,Non
STD_2026_0693,EMP,P5,75.71,Oui,Non
STD_2026_0693,FIC,P5,44.35,Non,Non
STD_2026_0694,AEE,P1,75.42,Oui,Non
STD_2026_0694,IAA,P1,44.85,Non,Non
STD_2026_0694,PIP,P1,49.4,Non,Non
STD_2026_0694,EMII,P2,51.54,Non,Non
STD_2026_0694,GCA,P2,48.04,Non,Non
STD_2026_0694,ICMP,P2,40.02,Non,Non
STD_2026_0694,ESIIA,P3,54.28,Non,Oui
STD_2026_0694,IGGLIA,P3,85.47,Oui,Non
STD_2026_0694,IMTICIA,P3,77.67,Oui,Non
STD_2026_0694,ISAIA,P3,54.9,Non,Non
STD_2026_0694,TEE,P4,78.81,Oui,Non
STD_2026_0694,TEH,P4,81.25,Oui,Non
STD_2026_0694,CAA,P5,81.81,Oui,Non
STD_2026_0694,DTJA,P5,79.91,Oui,Non
STD_2026_0694,EMP,P5,75.22,Oui,Non
STD_2026_0694,FIC,P5,50.54,Non,Non
STD_2026_0695,AEE,P1,68.71,Sous condition,Non
STD_2026_0695,IAA,P1,45.07,Non,Non
STD_2026_0695,PIP,P1,47.39,Non,Non
STD_2026_0695,EMII,P2,45.48,Non,Non
STD_2026_0695,GCA,P2,42.56,Non,Non
STD_2026_0695,ICMP,P2,37.71,Non,Non
STD_2026_0695,ESIIA,P3,43.85,Non,Non
STD_2026_0695,IGGLIA,P3,71.85,Sous condition,Oui
STD_2026_0695,IMTICIA,P3,70.69,Sous condition,Non
STD_2026_0695,ISAIA,P3,48.73,Non,Non
STD_2026_0695,TEE,P4,77.39,Oui,Non
STD_2026_0695,TEH,P4,83.53,Oui,Non
STD_2026_0695,CAA,P5,69.77,Sous condition,Non
STD_2026_0695,DTJA,P5,73.46,Sous condition,Non
STD_2026_0695,EMP,P5,73.19,Sous condition,Non
STD_2026_0695,FIC,P5,50.14,Non,Non
STD_2026_0696,AEE,P1,68.11,Non,Non
STD_2026_0696,IAA,P1,66.36,Non,Non
STD_2026_0696,PIP,P1,54.08,Non,Non
STD_2026_0696,EMII,P2,57.15,Non,Non
STD_2026_0696,GCA,P2,50.85,Non,Non
STD_2026_0696,ICMP,P2,64.69,Non,Non
STD_2026_0696,ESIIA,P3,59.05,Non,Non
STD_2026_0696,IGGLIA,P3,59.39,Non,Non
STD_2026_0696,IMTICIA,P3,87.02,Oui,Oui
STD_2026_0696,ISAIA,P3,62.32,Non,Non
STD_2026_0696,TEE,P4,84.85,Oui,Non
STD_2026_0696,TEH,P4,84.71,Oui,Non
STD_2026_0696,CAA,P5,82.19,Oui,Non
STD_2026_0696,DTJA,P5,78.46,Oui,Non
STD_2026_0696,EMP,P5,61.59,Non,Non
STD_2026_0696,FIC,P5,68.32,Non,Non
STD_2026_0697,AEE,P1,81.52,Oui,Non
STD_2026_0697,IAA,P1,82.45,Oui,Non
STD_2026_0697,PIP,P1,82.78,Oui,Non
STD_2026_0697,EMII,P2,88.43,Oui,Non
STD_2026_0697,GCA,P2,88.63,Oui,Non
STD_2026_0697,ICMP,P2,92.23,Oui,Non
STD_2026_0697,ESIIA,P3,83.83,Oui,Non
STD_2026_0697,IGGLIA,P3,75.22,Oui,Non
STD_2026_0697,IMTICIA,P3,74.06,Sous condition,Non
STD_2026_0697,ISAIA,P3,80.71,Oui,Oui
STD_2026_0697,TEE,P4,53.18,Non,Non
STD_2026_0697,TEH,P4,53.25,Non,Non
STD_2026_0697,CAA,P5,80.6,Oui,Non
STD_2026_0697,DTJA,P5,47.36,Non,Non
STD_2026_0697,EMP,P5,82.27,Oui,Non
STD_2026_0697,FIC,P5,84.04,Oui,Non
STD_2026_0698,AEE,P1,81.06,Oui,Non
STD_2026_0698,IAA,P1,76.96,Oui,Non
STD_2026_0698,PIP,P1,85.41,Oui,Non
STD_2026_0698,EMII,P2,82.05,Oui,Non
STD_2026_0698,GCA,P2,79.84,Oui,Non
STD_2026_0698,ICMP,P2,82.8,Oui,Non
STD_2026_0698,ESIIA,P3,52.85,Non,Non
STD_2026_0698,IGGLIA,P3,73.43,Sous condition,Non
STD_2026_0698,IMTICIA,P3,76.22,Oui,Non
STD_2026_0698,ISAIA,P3,79.72,Oui,Non
STD_2026_0698,TEE,P4,76.25,Oui,Oui
STD_2026_0698,TEH,P4,71.71,Sous condition,Non
STD_2026_0698,CAA,P5,78.15,Oui,Non
STD_2026_0698,DTJA,P5,69.53,Sous condition,Non
STD_2026_0698,EMP,P5,72.19,Sous condition,Non
STD_2026_0698,FIC,P5,71.47,Sous condition,Non
STD_2026_0699,AEE,P1,81.11,Oui,Non
STD_2026_0699,IAA,P1,79.23,Oui,Non
STD_2026_0699,PIP,P1,79.28,Oui,Non
STD_2026_0699,EMII,P2,85.85,Oui,Non
STD_2026_0699,GCA,P2,86.09,Oui,Non
STD_2026_0699,ICMP,P2,85.65,Oui,Non
STD_2026_0699,ESIIA,P3,89.51,Oui,Non
STD_2026_0699,IGGLIA,P3,78.62,Oui,Non
STD_2026_0699,IMTICIA,P3,81.97,Oui,Non
STD_2026_0699,ISAIA,P3,82.98,Oui,Non
STD_2026_0699,TEE,P4,74.95,Sous condition,Non
STD_2026_0699,TEH,P4,52.66,Non,Oui
STD_2026_0699,CAA,P5,81.7,Oui,Non
STD_2026_0699,DTJA,P5,51.6,Non,Non
STD_2026_0699,EMP,P5,84.81,Oui,Non
STD_2026_0699,FIC,P5,79.49,Oui,Non
STD_2026_0700,AEE,P1,46.55,Non,Non
STD_2026_0700,IAA,P1,42.08,Non,Non
STD_2026_0700,PIP,P1,46.31,Non,Non
STD_2026_0700,EMII,P2,49.91,Non,Non
STD_2026_0700,GCA,P2,49.34,Non,Non
STD_2026_0700,ICMP,P2,45.67,Non,Non
STD_2026_0700,ESIIA,P3,48.34,Non,Non
STD_2026_0700,IGGLIA,P3,66.31,Sous condition,Non
STD_2026_0700,IMTICIA,P3,65.07,Sous condition,Non
STD_2026_0700,ISAIA,P3,68.63,Sous condition,Non
STD_2026_0700,TEE,P4,71.53,Sous condition,Non
STD_2026_0700,TEH,P4,74.22,Sous condition,Non
STD_2026_0700,CAA,P5,75.24,Oui,Oui
STD_2026_0700,DTJA,P5,68.58,Sous condition,Non
STD_2026_0700,EMP,P5,75.84,Oui,Non
STD_2026_0700,FIC,P5,76.51,Oui,Non
STD_2026_0701,AEE,P1,47.4,Non,Non
STD_2026_0701,IAA,P1,80.54,Oui,Non
STD_2026_0701,PIP,P1,52.13,Non,Non
STD_2026_0701,EMII,P2,85.49,Oui,Non
STD_2026_0701,GCA,P2,72.41,Sous condition,Non
STD_2026_0701,ICMP,P2,86.67,Oui,Non
STD_2026_0701,ESIIA,P3,85.37,Oui,Non
STD_2026_0701,IGGLIA,P3,74.42,Sous condition,Non
STD_2026_0701,IMTICIA,P3,80.15,Oui,Non
STD_2026_0701,ISAIA,P3,56.0,Non,Non
STD_2026_0701,TEE,P4,44.87,Non,Non
STD_2026_0701,TEH,P4,50.77,Non,Non
STD_2026_0701,CAA,P5,53.94,Non,Non
STD_2026_0701,DTJA,P5,53.2,Non,Oui
STD_2026_0701,EMP,P5,54.5,Non,Non
STD_2026_0701,FIC,P5,51.81,Non,Non
STD_2026_0702,AEE,P1,67.36,Sous condition,Non
STD_2026_0702,IAA,P1,46.28,Non,Non
STD_2026_0702,PIP,P1,44.14,Non,Non
STD_2026_0702,EMII,P2,41.95,Non,Non
STD_2026_0702,GCA,P2,48.4,Non,Non
STD_2026_0702,ICMP,P2,39.21,Non,Non
STD_2026_0702,ESIIA,P3,47.5,Non,Non
STD_2026_0702,IGGLIA,P3,75.3,Oui,Non
STD_2026_0702,IMTICIA,P3,72.88,Sous condition,Non
STD_2026_0702,ISAIA,P3,49.42,Non,Non
STD_2026_0702,TEE,P4,63.26,Sous condition,Non
STD_2026_0702,TEH,P4,69.21,Sous condition,Non
STD_2026_0702,CAA,P5,72.06,Sous condition,Non
STD_2026_0702,DTJA,P5,76.89,Oui,Non
STD_2026_0702,EMP,P5,74.6,Sous condition,Oui
STD_2026_0702,FIC,P5,52.91,Non,Non
STD_2026_0703,AEE,P1,70.22,Sous condition,Non
STD_2026_0703,IAA,P1,44.52,Non,Non
STD_2026_0703,PIP,P1,47.22,Non,Non
STD_2026_0703,EMII,P2,45.78,Non,Non
STD_2026_0703,GCA,P2,39.21,Non,Non
STD_2026_0703,ICMP,P2,35.86,Non,Non
STD_2026_0703,ESIIA,P3,52.89,Non,Non
STD_2026_0703,IGGLIA,P3,69.13,Sous condition,Non
STD_2026_0703,IMTICIA,P3,68.67,Sous condition,Non
STD_2026_0703,ISAIA,P3,48.11,Non,Non
STD_2026_0703,TEE,P4,72.97,Sous condition,Non
STD_2026_0703,TEH,P4,79.31,Oui,Non
STD_2026_0703,CAA,P5,68.81,Sous condition,Non
STD_2026_0703,DTJA,P5,80.36,Oui,Non
STD_2026_0703,EMP,P5,70.55,Sous condition,Non
STD_2026_0703,FIC,P5,40.76,Non,Oui
STD_2026_0704,AEE,P1,66.5,Sous condition,Oui
STD_2026_0704,IAA,P1,49.01,Non,Non
STD_2026_0704,PIP,P1,47.0,Non,Non
STD_2026_0704,EMII,P2,43.1,Non,Non
STD_2026_0704,GCA,P2,48.88,Non,Non
STD_2026_0704,ICMP,P2,41.17,Non,Non
STD_2026_0704,ESIIA,P3,47.45,Non,Non
STD_2026_0704,IGGLIA,P3,68.19,Sous condition,Non
STD_2026_0704,IMTICIA,P3,72.47,Sous condition,Non
STD_2026_0704,ISAIA,P3,50.51,Non,Non
STD_2026_0704,TEE,P4,78.49,Oui,Non
STD_2026_0704,TEH,P4,83.06,Oui,Non
STD_2026_0704,CAA,P5,74.46,Sous condition,Non
STD_2026_0704,DTJA,P5,79.02,Oui,Non
STD_2026_0704,EMP,P5,73.97,Sous condition,Non
STD_2026_0704,FIC,P5,50.57,Non,Non
STD_2026_0705,AEE,P1,53.55,Non,Non
STD_2026_0705,IAA,P1,46.43,Non,Oui
STD_2026_0705,PIP,P1,48.73,Non,Non
STD_2026_0705,EMII,P2,42.57,Non,Non
STD_2026_0705,GCA,P2,41.36,Non,Non
STD_2026_0705,ICMP,P2,42.11,Non,Non
STD_2026_0705,ESIIA,P3,46.72,Non,Non
STD_2026_0705,IGGLIA,P3,49.73,Non,Non
STD_2026_0705,IMTICIA,P3,81.58,Oui,Non
STD_2026_0705,ISAIA,P3,56.67,Non,Non
STD_2026_0705,TEE,P4,78.22,Oui,Non
STD_2026_0705,TEH,P4,78.75,Oui,Non
STD_2026_0705,CAA,P5,75.14,Oui,Non
STD_2026_0705,DTJA,P5,73.78,Sous condition,Non
STD_2026_0705,EMP,P5,47.76,Non,Non
STD_2026_0705,FIC,P5,46.75,Non,Non
STD_2026_0706,AEE,P1,82.62,Oui,Non
STD_2026_0706,IAA,P1,83.28,Oui,Non
STD_2026_0706,PIP,P1,87.91,Oui,Oui
STD_2026_0706,EMII,P2,87.48,Oui,Non
STD_2026_0706,GCA,P2,89.43,Oui,Non
STD_2026_0706,ICMP,P2,80.98,Oui,Non
STD_2026_0706,ESIIA,P3,89.5,Oui,Non
STD_2026_0706,IGGLIA,P3,77.41,Oui,Non
STD_2026_0706,IMTICIA,P3,84.36,Oui,Non
STD_2026_0706,ISAIA,P3,80.99,Oui,Non
STD_2026_0706,TEE,P4,59.29,Non,Non
STD_2026_0706,TEH,P4,64.49,Non,Non
STD_2026_0706,CAA,P5,84.3,Oui,Non
STD_2026_0706,DTJA,P5,60.02,Non,Non
STD_2026_0706,EMP,P5,83.66,Oui,Non
STD_2026_0706,FIC,P5,77.58,Oui,Non
STD_2026_0707,AEE,P1,72.65,Sous condition,Non
STD_2026_0707,IAA,P1,81.79,Oui,Non
STD_2026_0707,PIP,P1,76.18,Oui,Non
STD_2026_0707,EMII,P2,77.24,Oui,Oui
STD_2026_0707,GCA,P2,79.03,Oui,Non
STD_2026_0707,ICMP,P2,76.25,Oui,Non
STD_2026_0707,ESIIA,P3,52.46,Non,Non
STD_2026_0707,IGGLIA,P3,74.73,Sous condition,Non
STD_2026_0707,IMTICIA,P3,78.12,Oui,Non
STD_2026_0707,ISAIA,P3,75.91,Oui,Non
STD_2026_0707,TEE,P4,79.81,Oui,Non
STD_2026_0707,TEH,P4,75.39,Oui,Non
STD_2026_0707,CAA,P5,79.88,Oui,Non
STD_2026_0707,DTJA,P5,75.17,Oui,Non
STD_2026_0707,EMP,P5,79.87,Oui,Non
STD_2026_0707,FIC,P5,83.13,Oui,Non
STD_2026_0708,AEE,P1,82.98,Oui,Non
STD_2026_0708,IAA,P1,80.92,Oui,Non
STD_2026_0708,PIP,P1,82.41,Oui,Non
STD_2026_0708,EMII,P2,81.67,Oui,Non
STD_2026_0708,GCA,P2,78.73,Oui,Oui
STD_2026_0708,ICMP,P2,82.25,Oui,Non
STD_2026_0708,ESIIA,P3,79.86,Oui,Non
STD_2026_0708,IGGLIA,P3,77.89,Oui,Non
STD_2026_0708,IMTICIA,P3,77.92,Oui,Non
STD_2026_0708,ISAIA,P3,83.31,Oui,Non
STD_2026_0708,TEE,P4,77.55,Oui,Non
STD_2026_0708,TEH,P4,51.09,Non,Non
STD_2026_0708,CAA,P5,77.6,Oui,Non
STD_2026_0708,DTJA,P5,54.81,Non,Non
STD_2026_0708,EMP,P5,79.28,Oui,Non
STD_2026_0708,FIC,P5,79.68,Oui,Non
STD_2026_0709,AEE,P1,49.16,Non,Non
STD_2026_0709,IAA,P1,49.94,Non,Non
STD_2026_0709,PIP,P1,54.11,Non,Non
STD_2026_0709,EMII,P2,54.55,Non,Non
STD_2026_0709,GCA,P2,64.8,Non,Non
STD_2026_0709,ICMP,P2,65.79,Non,Oui
STD_2026_0709,ESIIA,P3,56.14,Non,Non
STD_2026_0709,IGGLIA,P3,69.56,Sous condition,Non
STD_2026_0709,IMTICIA,P3,73.27,Sous condition,Non
STD_2026_0709,ISAIA,P3,70.37,Sous condition,Non
STD_2026_0709,TEE,P4,69.92,Sous condition,Non
STD_2026_0709,TEH,P4,75.35,Oui,Non
STD_2026_0709,CAA,P5,78.47,Oui,Non
STD_2026_0709,DTJA,P5,67.67,Sous condition,Non
STD_2026_0709,EMP,P5,73.98,Sous condition,Non
STD_2026_0709,FIC,P5,80.59,Oui,Non
STD_2026_0710,AEE,P1,53.51,Non,Non
STD_2026_0710,IAA,P1,77.54,Oui,Non
STD_2026_0710,PIP,P1,52.64,Non,Non
STD_2026_0710,EMII,P2,78.78,Oui,Non
STD_2026_0710,GCA,P2,81.54,Oui,Non
STD_2026_0710,ICMP,P2,91.83,Oui,Non
STD_2026_0710,ESIIA,P3,87.15,Oui,Oui
STD_2026_0710,IGGLIA,P3,73.13,Sous condition,Non
STD_2026_0710,IMTICIA,P3,78.24,Oui,Non
STD_2026_0710,ISAIA,P3,53.04,Non,Non
STD_2026_0710,TEE,P4,43.86,Non,Non
STD_2026_0710,TEH,P4,44.34,Non,Non
STD_2026_0710,CAA,P5,52.86,Non,Non
STD_2026_0710,DTJA,P5,43.03,Non,Non
STD_2026_0710,EMP,P5,51.3,Non,Non
STD_2026_0710,FIC,P5,58.48,Non,Non
STD_2026_0711,AEE,P1,71.15,Sous condition,Non
STD_2026_0711,IAA,P1,47.91,Non,Non
STD_2026_0711,PIP,P1,46.29,Non,Non
STD_2026_0711,EMII,P2,49.24,Non,Non
STD_2026_0711,GCA,P2,48.63,Non,Non
STD_2026_0711,ICMP,P2,39.54,Non,Non
STD_2026_0711,ESIIA,P3,45.85,Non,Non
STD_2026_0711,IGGLIA,P3,74.7,Sous condition,Oui
STD_2026_0711,IMTICIA,P3,70.94,Sous condition,Non
STD_2026_0711,ISAIA,P3,50.53,Non,Non
STD_2026_0711,TEE,P4,76.85,Oui,Non
STD_2026_0711,TEH,P4,84.97,Oui,Non
STD_2026_0711,CAA,P5,75.41,Oui,Non
STD_2026_0711,DTJA,P5,75.31,Oui,Non
STD_2026_0711,EMP,P5,73.84,Sous condition,Non
STD_2026_0711,FIC,P5,46.25,Non,Non
STD_2026_0712,AEE,P1,73.94,Sous condition,Non
STD_2026_0712,IAA,P1,59.33,Non,Non
STD_2026_0712,PIP,P1,58.05,Non,Non
STD_2026_0712,EMII,P2,49.71,Non,Non
STD_2026_0712,GCA,P2,54.49,Non,Non
STD_2026_0712,ICMP,P2,56.61,Non,Non
STD_2026_0712,ESIIA,P3,53.11,Non,Non
STD_2026_0712,IGGLIA,P3,82.83,Oui,Non
STD_2026_0712,IMTICIA,P3,78.15,Oui,Oui
STD_2026_0712,ISAIA,P3,56.01,Non,Non
STD_2026_0712,TEE,P4,82.49,Oui,Non
STD_2026_0712,TEH,P4,83.33,Oui,Non
STD_2026_0712,CAA,P5,82.24,Oui,Non
STD_2026_0712,DTJA,P5,81.71,Oui,Non
STD_2026_0712,EMP,P5,85.15,Oui,Non
STD_2026_0712,FIC,P5,59.28,Non,Non
STD_2026_0713,AEE,P1,77.38,Oui,Non
STD_2026_0713,IAA,P1,58.49,Non,Non
STD_2026_0713,PIP,P1,60.27,Non,Non
STD_2026_0713,EMII,P2,44.82,Non,Non
STD_2026_0713,GCA,P2,45.71,Non,Non
STD_2026_0713,ICMP,P2,52.38,Non,Non
STD_2026_0713,ESIIA,P3,47.22,Non,Non
STD_2026_0713,IGGLIA,P3,79.86,Oui,Non
STD_2026_0713,IMTICIA,P3,82.92,Oui,Non
STD_2026_0713,ISAIA,P3,62.96,Non,Oui
STD_2026_0713,TEE,P4,78.03,Oui,Non
STD_2026_0713,TEH,P4,80.21,Oui,Non
STD_2026_0713,CAA,P5,81.6,Oui,Non
STD_2026_0713,DTJA,P5,74.13,Sous condition,Non
STD_2026_0713,EMP,P5,76.75,Oui,Non
STD_2026_0713,FIC,P5,60.79,Non,Non
STD_2026_0714,AEE,P1,48.16,Non,Non
STD_2026_0714,IAA,P1,43.75,Non,Non
STD_2026_0714,PIP,P1,46.03,Non,Non
STD_2026_0714,EMII,P2,40.3,Non,Non
STD_2026_0714,GCA,P2,39.18,Non,Non
STD_2026_0714,ICMP,P2,22.42,Non,Non
STD_2026_0714,ESIIA,P3,37.95,Non,Non
STD_2026_0714,IGGLIA,P3,45.7,Non,Non
STD_2026_0714,IMTICIA,P3,77.77,Oui,Non
STD_2026_0714,ISAIA,P3,43.89,Non,Non
STD_2026_0714,TEE,P4,79.44,Oui,Oui
STD_2026_0714,TEH,P4,85.96,Oui,Non
STD_2026_0714,CAA,P5,63.68,Sous condition,Non
STD_2026_0714,DTJA,P5,81.47,Oui,Non
STD_2026_0714,EMP,P5,46.45,Non,Non
STD_2026_0714,FIC,P5,43.03,Non,Non
STD_2026_0715,AEE,P1,82.21,Oui,Non
STD_2026_0715,IAA,P1,80.17,Oui,Non
STD_2026_0715,PIP,P1,79.99,Oui,Non
STD_2026_0715,EMII,P2,82.26,Oui,Non
STD_2026_0715,GCA,P2,77.22,Oui,Non
STD_2026_0715,ICMP,P2,84.89,Oui,Non
STD_2026_0715,ESIIA,P3,80.04,Oui,Non
STD_2026_0715,IGGLIA,P3,71.25,Sous condition,Non
STD_2026_0715,IMTICIA,P3,71.89,Sous condition,Non
STD_2026_0715,ISAIA,P3,75.98,Oui,Non
STD_2026_0715,TEE,P4,47.43,Non,Non
STD_2026_0715,TEH,P4,39.55,Non,Oui
STD_2026_0715,CAA,P5,78.43,Oui,Non
STD_2026_0715,DTJA,P5,50.46,Non,Non
STD_2026_0715,EMP,P5,73.5,Sous condition,Non
STD_2026_0715,FIC,P5,82.45,Oui,Non
STD_2026_0716,AEE,P1,80.76,Oui,Non
STD_2026_0716,IAA,P1,80.46,Oui,Non
STD_2026_0716,PIP,P1,78.18,Oui,Non
STD_2026_0716,EMII,P2,77.64,Oui,Non
STD_2026_0716,GCA,P2,78.99,Oui,Non
STD_2026_0716,ICMP,P2,81.6,Oui,Non
STD_2026_0716,ESIIA,P3,63.03,Non,Non
STD_2026_0716,IGGLIA,P3,75.19,Oui,Non
STD_2026_0716,IMTICIA,P3,81.07,Oui,Non
STD_2026_0716,ISAIA,P3,79.6,Oui,Non
STD_2026_0716,TEE,P4,68.51,Sous condition,Non
STD_2026_0716,TEH,P4,75.24,Oui,Non
STD_2026_0716,CAA,P5,78.61,Oui,Oui
STD_2026_0716,DTJA,P5,72.86,Sous condition,Non
STD_2026_0716,EMP,P5,82.12,Oui,Non
STD_2026_0716,FIC,P5,77.73,Oui,Non
STD_2026_0717,AEE,P1,82.65,Oui,Non
STD_2026_0717,IAA,P1,77.66,Oui,Non
STD_2026_0717,PIP,P1,82.49,Oui,Non
STD_2026_0717,EMII,P2,83.49,Oui,Non
STD_2026_0717,GCA,P2,81.63,Oui,Non
STD_2026_0717,ICMP,P2,78.87,Oui,Non
STD_2026_0717,ESIIA,P3,77.28,Oui,Non
STD_2026_0717,IGGLIA,P3,77.12,Oui,Non
STD_2026_0717,IMTICIA,P3,77.61,Oui,Non
STD_2026_0717,ISAIA,P3,74.87,Sous condition,Non
STD_2026_0717,TEE,P4,75.97,Oui,Non
STD_2026_0717,TEH,P4,44.82,Non,Non
STD_2026_0717,CAA,P5,74.52,Sous condition,Non
STD_2026_0717,DTJA,P5,42.52,Non,Oui
STD_2026_0717,EMP,P5,72.19,Sous condition,Non
STD_2026_0717,FIC,P5,80.89,Oui,Non
STD_2026_0718,AEE,P1,47.0,Non,Non
STD_2026_0718,IAA,P1,43.24,Non,Non
STD_2026_0718,PIP,P1,51.83,Non,Non
STD_2026_0718,EMII,P2,44.6,Non,Non
STD_2026_0718,GCA,P2,59.46,Non,Non
STD_2026_0718,ICMP,P2,52.66,Non,Non
STD_2026_0718,ESIIA,P3,45.54,Non,Non
STD_2026_0718,IGGLIA,P3,69.34,Sous condition,Non
STD_2026_0718,IMTICIA,P3,63.25,Sous condition,Non
STD_2026_0718,ISAIA,P3,68.01,Sous condition,Non
STD_2026_0718,TEE,P4,67.55,Sous condition,Non
STD_2026_0718,TEH,P4,77.97,Oui,Non
STD_2026_0718,CAA,P5,82.02,Oui,Non
STD_2026_0718,DTJA,P5,71.8,Sous condition,Non
STD_2026_0718,EMP,P5,80.98,Oui,Oui
STD_2026_0718,FIC,P5,85.22,Oui,Non
STD_2026_0719,AEE,P1,50.39,Non,Non
STD_2026_0719,IAA,P1,73.49,Sous condition,Non
STD_2026_0719,PIP,P1,51.19,Non,Non
STD_2026_0719,EMII,P2,79.08,Oui,Non
STD_2026_0719,GCA,P2,74.04,Sous condition,Non
STD_2026_0719,ICMP,P2,80.89,Oui,Non
STD_2026_0719,ESIIA,P3,73.36,Sous condition,Non
STD_2026_0719,IGGLIA,P3,78.6,Oui,Non
STD_2026_0719,IMTICIA,P3,73.22,Sous condition,Non
STD_2026_0719,ISAIA,P3,50.48,Non,Non
STD_2026_0719,TEE,P4,43.97,Non,Non
STD_2026_0719,TEH,P4,42.81,Non,Non
STD_2026_0719,CAA,P5,53.74,Non,Non
STD_2026_0719,DTJA,P5,43.7,Non,Non
STD_2026_0719,EMP,P5,48.47,Non,Non
STD_2026_0719,FIC,P5,52.88,Non,Oui
STD_2026_0720,AEE,P1,70.44,Sous condition,Oui
STD_2026_0720,IAA,P1,49.32,Non,Non
STD_2026_0720,PIP,P1,42.4,Non,Non
STD_2026_0720,EMII,P2,39.2,Non,Non
STD_2026_0720,GCA,P2,45.58,Non,Non
STD_2026_0720,ICMP,P2,33.23,Non,Non
STD_2026_0720,ESIIA,P3,38.94,Non,Non
STD_2026_0720,IGGLIA,P3,75.8,Oui,Non
STD_2026_0720,IMTICIA,P3,78.3,Oui,Non
STD_2026_0720,ISAIA,P3,52.01,Non,Non
STD_2026_0720,TEE,P4,70.55,Sous condition,Non
STD_2026_0720,TEH,P4,72.81,Sous condition,Non
STD_2026_0720,CAA,P5,74.23,Sous condition,Non
STD_2026_0720,DTJA,P5,69.81,Sous condition,Non
STD_2026_0720,EMP,P5,75.49,Oui,Non
STD_2026_0720,FIC,P5,55.24,Non,Non
STD_2026_0721,AEE,P1,75.81,Oui,Non
STD_2026_0721,IAA,P1,53.57,Non,Oui
STD_2026_0721,PIP,P1,52.17,Non,Non
STD_2026_0721,EMII,P2,51.71,Non,Non
STD_2026_0721,GCA,P2,41.61,Non,Non
STD_2026_0721,ICMP,P2,54.6,Non,Non
STD_2026_0721,ESIIA,P3,46.13,Non,Non
STD_2026_0721,IGGLIA,P3,72.86,Sous condition,Non
STD_2026_0721,IMTICIA,P3,76.35,Oui,Non
STD_2026_0721,ISAIA,P3,48.29,Non,Non
STD_2026_0721,TEE,P4,79.36,Oui,Non
STD_2026_0721,TEH,P4,72.07,Sous condition,Non
STD_2026_0721,CAA,P5,69.29,Sous condition,Non
STD_2026_0721,DTJA,P5,72.79,Sous condition,Non
STD_2026_0721,EMP,P5,71.27,Sous condition,Non
STD_2026_0721,FIC,P5,53.26,Non,Non
STD_2026_0722,AEE,P1,71.21,Sous condition,Non
STD_2026_0722,IAA,P1,49.67,Non,Non
STD_2026_0722,PIP,P1,49.14,Non,Oui
STD_2026_0722,EMII,P2,54.55,Non,Non
STD_2026_0722,GCA,P2,57.03,Non,Non
STD_2026_0722,ICMP,P2,50.2,Non,Non
STD_2026_0722,ESIIA,P3,49.74,Non,Non
STD_2026_0722,IGGLIA,P3,74.76,Sous condition,Non
STD_2026_0722,IMTICIA,P3,80.54,Oui,Non
STD_2026_0722,ISAIA,P3,46.82,Non,Non
STD_2026_0722,TEE,P4,74.82,Sous condition,Non
STD_2026_0722,TEH,P4,79.7,Oui,Non
STD_2026_0722,CAA,P5,78.93,Oui,Non
STD_2026_0722,DTJA,P5,81.26,Oui,Non
STD_2026_0722,EMP,P5,78.37,Oui,Non
STD_2026_0722,FIC,P5,57.52,Non,Non
STD_2026_0723,AEE,P1,49.85,Non,Non
STD_2026_0723,IAA,P1,49.9,Non,Non
STD_2026_0723,PIP,P1,45.78,Non,Non
STD_2026_0723,EMII,P2,40.43,Non,Oui
STD_2026_0723,GCA,P2,49.4,Non,Non
STD_2026_0723,ICMP,P2,35.25,Non,Non
STD_2026_0723,ESIIA,P3,37.47,Non,Non
STD_2026_0723,IGGLIA,P3,44.14,Non,Non
STD_2026_0723,IMTICIA,P3,77.76,Oui,Non
STD_2026_0723,ISAIA,P3,49.51,Non,Non
STD_2026_0723,TEE,P4,82.92,Oui,Non
STD_2026_0723,TEH,P4,82.47,Oui,Non
STD_2026_0723,CAA,P5,74.11,Sous condition,Non
STD_2026_0723,DTJA,P5,75.87,Oui,Non
STD_2026_0723,EMP,P5,47.09,Non,Non
STD_2026_0723,FIC,P5,48.47,Non,Non
STD_2026_0724,AEE,P1,83.2,Oui,Non
STD_2026_0724,IAA,P1,87.28,Oui,Non
STD_2026_0724,PIP,P1,83.56,Oui,Non
STD_2026_0724,EMII,P2,87.75,Oui,Non
STD_2026_0724,GCA,P2,87.94,Oui,Oui
STD_2026_0724,ICMP,P2,83.26,Oui,Non
STD_2026_0724,ESIIA,P3,91.18,Oui,Non
STD_2026_0724,IGGLIA,P3,80.66,Oui,Non
STD_2026_0724,IMTICIA,P3,92.99,Oui,Non
STD_2026_0724,ISAIA,P3,80.91,Oui,Non
STD_2026_0724,TEE,P4,58.76,Non,Non
STD_2026_0724,TEH,P4,55.11,Non,Non
STD_2026_0724,CAA,P5,89.89,Oui,Non
STD_2026_0724,DTJA,P5,54.73,Non,Non
STD_2026_0724,EMP,P5,85.89,Oui,Non
STD_2026_0724,FIC,P5,83.49,Oui,Non
STD_2026_0725,AEE,P1,75.52,Oui,Non
STD_2026_0725,IAA,P1,78.05,Oui,Non
STD_2026_0725,PIP,P1,71.71,Sous condition,Non
STD_2026_0725,EMII,P2,82.56,Oui,Non
STD_2026_0725,GCA,P2,80.13,Oui,Non
STD_2026_0725,ICMP,P2,78.88,Oui,Oui
STD_2026_0725,ESIIA,P3,54.71,Non,Non
STD_2026_0725,IGGLIA,P3,84.21,Oui,Non
STD_2026_0725,IMTICIA,P3,82.06,Oui,Non
STD_2026_0725,ISAIA,P3,77.24,Oui,Non
STD_2026_0725,TEE,P4,78.05,Oui,Non
STD_2026_0725,TEH,P4,79.66,Oui,Non
STD_2026_0725,CAA,P5,75.44,Oui,Non
STD_2026_0725,DTJA,P5,70.78,Sous condition,Non
STD_2026_0725,EMP,P5,77.1,Oui,Non
STD_2026_0725,FIC,P5,77.64,Oui,Non
STD_2026_0726,AEE,P1,86.93,Oui,Non
STD_2026_0726,IAA,P1,88.9,Oui,Non
STD_2026_0726,PIP,P1,86.93,Oui,Non
STD_2026_0726,EMII,P2,78.41,Oui,Non
STD_2026_0726,GCA,P2,81.53,Oui,Non
STD_2026_0726,ICMP,P2,89.55,Oui,Non
STD_2026_0726,ESIIA,P3,84.1,Oui,Oui
STD_2026_0726,IGGLIA,P3,80.45,Oui,Non
STD_2026_0726,IMTICIA,P3,84.04,Oui,Non
STD_2026_0726,ISAIA,P3,86.8,Oui,Non
STD_2026_0726,TEE,P4,84.61,Oui,Non
STD_2026_0726,TEH,P4,55.49,Non,Non
STD_2026_0726,CAA,P5,80.91,Oui,Non
STD_2026_0726,DTJA,P5,59.24,Non,Non
STD_2026_0726,EMP,P5,79.32,Oui,Non
STD_2026_0726,FIC,P5,87.62,Oui,Non
STD_2026_0727,AEE,P1,51.27,Non,Non
STD_2026_0727,IAA,P1,54.42,Non,Non
STD_2026_0727,PIP,P1,52.74,Non,Non
STD_2026_0727,EMII,P2,62.37,Non,Non
STD_2026_0727,GCA,P2,53.17,Non,Non
STD_2026_0727,ICMP,P2,57.09,Non,Non
STD_2026_0727,ESIIA,P3,56.81,Non,Non
STD_2026_0727,IGGLIA,P3,76.13,Oui,Oui
STD_2026_0727,IMTICIA,P3,81.26,Oui,Non
STD_2026_0727,ISAIA,P3,77.77,Oui,Non
STD_2026_0727,TEE,P4,71.38,Sous condition,Non
STD_2026_0727,TEH,P4,80.64,Oui,Non
STD_2026_0727,CAA,P5,83.95,Oui,Non
STD_2026_0727,DTJA,P5,75.12,Oui,Non
STD_2026_0727,EMP,P5,76.25,Oui,Non
STD_2026_0727,FIC,P5,84.05,Oui,Non
STD_2026_0728,AEE,P1,47.88,Non,Non
STD_2026_0728,IAA,P1,71.84,Sous condition,Non
STD_2026_0728,PIP,P1,45.9,Non,Non
STD_2026_0728,EMII,P2,78.5,Oui,Non
STD_2026_0728,GCA,P2,76.16,Oui,Non
STD_2026_0728,ICMP,P2,91.8,Oui,Non
STD_2026_0728,ESIIA,P3,77.36,Oui,Non
STD_2026_0728,IGGLIA,P3,69.41,Sous condition,Non
STD_2026_0728,IMTICIA,P3,78.15,Oui,Oui
STD_2026_0728,ISAIA,P3,48.72,Non,Non
STD_2026_0728,TEE,P4,35.96,Non,Non
STD_2026_0728,TEH,P4,39.96,Non,Non
STD_2026_0728,CAA,P5,47.82,Non,Non
STD_2026_0728,DTJA,P5,43.58,Non,Non
STD_2026_0728,EMP,P5,40.87,Non,Non
STD_2026_0728,FIC,P5,58.46,Non,Non
STD_2026_0729,AEE,P1,78.51,Oui,Non
STD_2026_0729,IAA,P1,49.93,Non,Non
STD_2026_0729,PIP,P1,49.36,Non,Non
STD_2026_0729,EMII,P2,36.71,Non,Non
STD_2026_0729,GCA,P2,55.61,Non,Non
STD_2026_0729,ICMP,P2,40.23,Non,Non
STD_2026_0729,ESIIA,P3,37.34,Non,Non
STD_2026_0729,IGGLIA,P3,70.33,Sous condition,Non
STD_2026_0729,IMTICIA,P3,71.31,Sous condition,Non
STD_2026_0729,ISAIA,P3,52.3,Non,Oui
STD_2026_0729,TEE,P4,79.12,Oui,Non
STD_2026_0729,TEH,P4,80.4,Oui,Non
STD_2026_0729,CAA,P5,77.19,Oui,Non
STD_2026_0729,DTJA,P5,89.38,Oui,Non
STD_2026_0729,EMP,P5,67.15,Sous condition,Non
STD_2026_0729,FIC,P5,50.03,Non,Non
STD_2026_0730,AEE,P1,70.83,Sous condition,Non
STD_2026_0730,IAA,P1,46.82,Non,Non
STD_2026_0730,PIP,P1,43.71,Non,Non
STD_2026_0730,EMII,P2,43.77,Non,Non
STD_2026_0730,GCA,P2,57.4,Non,Non
STD_2026_0730,ICMP,P2,45.13,Non,Non
STD_2026_0730,ESIIA,P3,38.84,Non,Non
STD_2026_0730,IGGLIA,P3,68.84,Sous condition,Non
STD_2026_0730,IMTICIA,P3,68.15,Sous condition,Non
STD_2026_0730,ISAIA,P3,41.86,Non,Non
STD_2026_0730,TEE,P4,73.09,Sous condition,Oui
STD_2026_0730,TEH,P4,73.98,Sous condition,Non
STD_2026_0730,CAA,P5,66.52,Sous condition,Non
STD_2026_0730,DTJA,P5,75.93,Oui,Non
STD_2026_0730,EMP,P5,72.14,Sous condition,Non
STD_2026_0730,FIC,P5,47.78,Non,Non
STD_2026_0731,AEE,P1,69.19,Sous condition,Non
STD_2026_0731,IAA,P1,47.33,Non,Non
STD_2026_0731,PIP,P1,47.16,Non,Non
STD_2026_0731,EMII,P2,46.95,Non,Non
STD_2026_0731,GCA,P2,54.12,Non,Non
STD_2026_0731,ICMP,P2,40.16,Non,Non
STD_2026_0731,ESIIA,P3,49.51,Non,Non
STD_2026_0731,IGGLIA,P3,78.8,Oui,Non
STD_2026_0731,IMTICIA,P3,82.78,Oui,Non
STD_2026_0731,ISAIA,P3,53.42,Non,Non
STD_2026_0731,TEE,P4,75.64,Oui,Non
STD_2026_0731,TEH,P4,81.82,Oui,Oui
STD_2026_0731,CAA,P5,81.36,Oui,Non
STD_2026_0731,DTJA,P5,78.43,Oui,Non
STD_2026_0731,EMP,P5,76.31,Oui,Non
STD_2026_0731,FIC,P5,47.24,Non,Non
STD_2026_0732,AEE,P1,52.15,Non,Non
STD_2026_0732,IAA,P1,48.33,Non,Non
STD_2026_0732,PIP,P1,54.55,Non,Non
STD_2026_0732,EMII,P2,48.16,Non,Non
STD_2026_0732,GCA,P2,43.93,Non,Non
STD_2026_0732,ICMP,P2,50.37,Non,Non
STD_2026_0732,ESIIA,P3,43.77,Non,Non
STD_2026_0732,IGGLIA,P3,46.85,Non,Non
STD_2026_0732,IMTICIA,P3,80.87,Oui,Non
STD_2026_0732,ISAIA,P3,56.31,Non,Non
STD_2026_0732,TEE,P4,74.75,Sous condition,Non
STD_2026_0732,TEH,P4,72.34,Sous condition,Non
STD_2026_0732,CAA,P5,75.96,Oui,Oui
STD_2026_0732,DTJA,P5,72.71,Sous condition,Non
STD_2026_0732,EMP,P5,46.4,Non,Non
STD_2026_0732,FIC,P5,55.71,Non,Non
STD_2026_0733,AEE,P1,78.8,Oui,Non
STD_2026_0733,IAA,P1,84.03,Oui,Non
STD_2026_0733,PIP,P1,75.57,Oui,Non
STD_2026_0733,EMII,P2,75.13,Oui,Non
STD_2026_0733,GCA,P2,82.26,Oui,Non
STD_2026_0733,ICMP,P2,85.98,Oui,Non
STD_2026_0733,ESIIA,P3,77.62,Oui,Non
STD_2026_0733,IGGLIA,P3,75.1,Oui,Non
STD_2026_0733,IMTICIA,P3,75.12,Oui,Non
STD_2026_0733,ISAIA,P3,75.79,Oui,Non
STD_2026_0733,TEE,P4,58.35,Non,Non
STD_2026_0733,TEH,P4,51.76,Non,Non
STD_2026_0733,CAA,P5,75.92,Oui,Non
STD_2026_0733,DTJA,P5,49.92,Non,Oui
STD_2026_0733,EMP,P5,79.21,Oui,Non
STD_2026_0733,FIC,P5,78.18,Oui,Non
STD_2026_0734,AEE,P1,73.54,Sous condition,Non
STD_2026_0734,IAA,P1,78.11,Oui,Non
STD_2026_0734,PIP,P1,76.16,Oui,Non
STD_2026_0734,EMII,P2,79.58,Oui,Non
STD_2026_0734,GCA,P2,83.71,Oui,Non
STD_2026_0734,ICMP,P2,74.53,Sous condition,Non
STD_2026_0734,ESIIA,P3,50.18,Non,Non
STD_2026_0734,IGGLIA,P3,73.84,Sous condition,Non
STD_2026_0734,IMTICIA,P3,70.03,Sous condition,Non
STD_2026_0734,ISAIA,P3,73.09,Sous condition,Non
STD_2026_0734,TEE,P4,83.83,Oui,Non
STD_2026_0734,TEH,P4,78.62,Oui,Non
STD_2026_0734,CAA,P5,78.79,Oui,Non
STD_2026_0734,DTJA,P5,73.71,Sous condition,Non
STD_2026_0734,EMP,P5,70.02,Sous condition,Oui
STD_2026_0734,FIC,P5,75.19,Oui,Non
STD_2026_0735,AEE,P1,75.16,Oui,Non
STD_2026_0735,IAA,P1,80.68,Oui,Non
STD_2026_0735,PIP,P1,82.93,Oui,Non
STD_2026_0735,EMII,P2,81.91,Oui,Non
STD_2026_0735,GCA,P2,86.0,Oui,Non
STD_2026_0735,ICMP,P2,88.46,Oui,Non
STD_2026_0735,ESIIA,P3,82.32,Oui,Non
STD_2026_0735,IGGLIA,P3,80.67,Oui,Non
STD_2026_0735,IMTICIA,P3,82.75,Oui,Non
STD_2026_0735,ISAIA,P3,81.08,Oui,Non
STD_2026_0735,TEE,P4,76.68,Oui,Non
STD_2026_0735,TEH,P4,49.21,Non,Non
STD_2026_0735,CAA,P5,77.8,Oui,Non
STD_2026_0735,DTJA,P5,43.67,Non,Non
STD_2026_0735,EMP,P5,86.22,Oui,Non
STD_2026_0735,FIC,P5,94.12,Oui,Oui
STD_2026_0736,AEE,P1,52.7,Non,Oui
STD_2026_0736,IAA,P1,55.75,Non,Non
STD_2026_0736,PIP,P1,52.21,Non,Non
STD_2026_0736,EMII,P2,53.59,Non,Non
STD_2026_0736,GCA,P2,60.42,Non,Non
STD_2026_0736,ICMP,P2,61.09,Non,Non
STD_2026_0736,ESIIA,P3,54.41,Non,Non
STD_2026_0736,IGGLIA,P3,79.87,Oui,Non
STD_2026_0736,IMTICIA,P3,83.66,Oui,Non
STD_2026_0736,ISAIA,P3,77.34,Oui,Non
STD_2026_0736,TEE,P4,77.54,Oui,Non
STD_2026_0736,TEH,P4,78.26,Oui,Non
STD_2026_0736,CAA,P5,79.33,Oui,Non
STD_2026_0736,DTJA,P5,82.9,Oui,Non
STD_2026_0736,EMP,P5,81.4,Oui,Non
STD_2026_0736,FIC,P5,79.95,Oui,Non
STD_2026_0737,AEE,P1,48.87,Non,Non
STD_2026_0737,IAA,P1,70.11,Sous condition,Oui
STD_2026_0737,PIP,P1,49.36,Non,Non
STD_2026_0737,EMII,P2,79.69,Oui,Non
STD_2026_0737,GCA,P2,88.43,Oui,Non
STD_2026_0737,ICMP,P2,83.62,Oui,Non
STD_2026_0737,ESIIA,P3,79.81,Oui,Non
STD_2026_0737,IGGLIA,P3,73.49,Sous condition,Non
STD_2026_0737,IMTICIA,P3,74.7,Sous condition,Non
STD_2026_0737,ISAIA,P3,52.26,Non,Non
STD_2026_0737,TEE,P4,43.49,Non,Non
STD_2026_0737,TEH,P4,44.83,Non,Non
STD_2026_0737,CAA,P5,52.4,Non,Non
STD_2026_0737,DTJA,P5,47.63,Non,Non
STD_2026_0737,EMP,P5,51.98,Non,Non
STD_2026_0737,FIC,P5,52.14,Non,Non
STD_2026_0738,AEE,P1,78.07,Oui,Non
STD_2026_0738,IAA,P1,60.12,Non,Non
STD_2026_0738,PIP,P1,46.23,Non,Oui
STD_2026_0738,EMII,P2,51.62,Non,Non
STD_2026_0738,GCA,P2,48.64,Non,Non
STD_2026_0738,ICMP,P2,41.94,Non,Non
STD_2026_0738,ESIIA,P3,55.31,Non,Non
STD_2026_0738,IGGLIA,P3,73.5,Sous condition,Non
STD_2026_0738,IMTICIA,P3,79.97,Oui,Non
STD_2026_0738,ISAIA,P3,53.21,Non,Non
STD_2026_0738,TEE,P4,76.58,Oui,Non
STD_2026_0738,TEH,P4,83.45,Oui,Non
STD_2026_0738,CAA,P5,79.17,Oui,Non
STD_2026_0738,DTJA,P5,76.41,Oui,Non
STD_2026_0738,EMP,P5,75.92,Oui,Non
STD_2026_0738,FIC,P5,49.86,Non,Non
STD_2026_0739,AEE,P1,73.35,Sous condition,Non
STD_2026_0739,IAA,P1,41.63,Non,Non
STD_2026_0739,PIP,P1,43.87,Non,Non
STD_2026_0739,EMII,P2,52.76,Non,Oui
STD_2026_0739,GCA,P2,51.49,Non,Non
STD_2026_0739,ICMP,P2,45.83,Non,Non
STD_2026_0739,ESIIA,P3,51.15,Non,Non
STD_2026_0739,IGGLIA,P3,72.6,Sous condition,Non
STD_2026_0739,IMTICIA,P3,72.47,Sous condition,Non
STD_2026_0739,ISAIA,P3,53.38,Non,Non
STD_2026_0739,TEE,P4,79.21,Oui,Non
STD_2026_0739,TEH,P4,73.52,Sous condition,Non
STD_2026_0739,CAA,P5,73.94,Sous condition,Non
STD_2026_0739,DTJA,P5,80.48,Oui,Non
STD_2026_0739,EMP,P5,78.38,Oui,Non
STD_2026_0739,FIC,P5,48.27,Non,Non
STD_2026_0740,AEE,P1,71.86,Sous condition,Non
STD_2026_0740,IAA,P1,50.87,Non,Non
STD_2026_0740,PIP,P1,46.12,Non,Non
STD_2026_0740,EMII,P2,49.05,Non,Non
STD_2026_0740,GCA,P2,48.7,Non,Oui
STD_2026_0740,ICMP,P2,39.28,Non,Non
STD_2026_0740,ESIIA,P3,43.4,Non,Non
STD_2026_0740,IGGLIA,P3,70.33,Sous condition,Non
STD_2026_0740,IMTICIA,P3,69.67,Sous condition,Non
STD_2026_0740,ISAIA,P3,45.16,Non,Non
STD_2026_0740,TEE,P4,78.12,Oui,Non
STD_2026_0740,TEH,P4,72.75,Sous condition,Non
STD_2026_0740,CAA,P5,71.31,Sous condition,Non
STD_2026_0740,DTJA,P5,80.05,Oui,Non
STD_2026_0740,EMP,P5,73.74,Sous condition,Non
STD_2026_0740,FIC,P5,53.99,Non,Non
STD_2026_0741,AEE,P1,45.05,Non,Non
STD_2026_0741,IAA,P1,42.27,Non,Non
STD_2026_0741,PIP,P1,50.6,Non,Non
STD_2026_0741,EMII,P2,47.38,Non,Non
STD_2026_0741,GCA,P2,51.96,Non,Non
STD_2026_0741,ICMP,P2,61.85,Non,Oui
STD_2026_0741,ESIIA,P3,47.66,Non,Non
STD_2026_0741,IGGLIA,P3,50.42,Non,Non
STD_2026_0741,IMTICIA,P3,68.84,Sous condition,Non
STD_2026_0741,ISAIA,P3,44.23,Non,Non
STD_2026_0741,TEE,P4,75.94,Oui,Non
STD_2026_0741,TEH,P4,77.06,Oui,Non
STD_2026_0741,CAA,P5,67.3,Sous condition,Non
STD_2026_0741,DTJA,P5,70.64,Sous condition,Non
STD_2026_0741,EMP,P5,47.52,Non,Non
STD_2026_0741,FIC,P5,55.46,Non,Non
STD_2026_0742,AEE,P1,84.44,Oui,Non
STD_2026_0742,IAA,P1,87.51,Oui,Non
STD_2026_0742,PIP,P1,84.18,Oui,Non
STD_2026_0742,EMII,P2,84.45,Oui,Non
STD_2026_0742,GCA,P2,77.63,Oui,Non
STD_2026_0742,ICMP,P2,88.28,Oui,Non
STD_2026_0742,ESIIA,P3,77.78,Oui,Oui
STD_2026_0742,IGGLIA,P3,88.56,Oui,Non
STD_2026_0742,IMTICIA,P3,85.6,Oui,Non
STD_2026_0742,ISAIA,P3,84.57,Oui,Non
STD_2026_0742,TEE,P4,52.55,Non,Non
STD_2026_0742,TEH,P4,56.7,Non,Non
STD_2026_0742,CAA,P5,90.84,Oui,Non
STD_2026_0742,DTJA,P5,47.95,Non,Non
STD_2026_0742,EMP,P5,80.53,Oui,Non
STD_2026_0742,FIC,P5,91.35,Oui,Non
STD_2026_0743,AEE,P1,83.43,Oui,Non
STD_2026_0743,IAA,P1,79.1,Oui,Non
STD_2026_0743,PIP,P1,78.6,Oui,Non
STD_2026_0743,EMII,P2,85.73,Oui,Non
STD_2026_0743,GCA,P2,84.31,Oui,Non
STD_2026_0743,ICMP,P2,91.35,Oui,Non
STD_2026_0743,ESIIA,P3,56.84,Non,Non
STD_2026_0743,IGGLIA,P3,67.81,Sous condition,Oui
STD_2026_0743,IMTICIA,P3,69.72,Sous condition,Non
STD_2026_0743,ISAIA,P3,72.8,Sous condition,Non
STD_2026_0743,TEE,P4,78.68,Oui,Non
STD_2026_0743,TEH,P4,62.24,Sous condition,Non
STD_2026_0743,CAA,P5,75.09,Oui,Non
STD_2026_0743,DTJA,P5,69.88,Sous condition,Non
STD_2026_0743,EMP,P5,69.27,Sous condition,Non
STD_2026_0743,FIC,P5,75.72,Oui,Non
STD_2026_0744,AEE,P1,77.64,Oui,Non
STD_2026_0744,IAA,P1,79.26,Oui,Non
STD_2026_0744,PIP,P1,84.41,Oui,Non
STD_2026_0744,EMII,P2,82.07,Oui,Non
STD_2026_0744,GCA,P2,90.77,Oui,Non
STD_2026_0744,ICMP,P2,87.93,Oui,Non
STD_2026_0744,ESIIA,P3,85.36,Oui,Non
STD_2026_0744,IGGLIA,P3,74.8,Sous condition,Non
STD_2026_0744,IMTICIA,P3,76.95,Oui,Oui
STD_2026_0744,ISAIA,P3,76.83,Oui,Non
STD_2026_0744,TEE,P4,75.96,Oui,Non
STD_2026_0744,TEH,P4,51.06,Non,Non
STD_2026_0744,CAA,P5,71.21,Sous condition,Non
STD_2026_0744,DTJA,P5,46.7,Non,Non
STD_2026_0744,EMP,P5,80.71,Oui,Non
STD_2026_0744,FIC,P5,77.97,Oui,Non
STD_2026_0745,AEE,P1,56.31,Non,Non
STD_2026_0745,IAA,P1,52.78,Non,Non
STD_2026_0745,PIP,P1,61.23,Non,Non
STD_2026_0745,EMII,P2,57.68,Non,Non
STD_2026_0745,GCA,P2,42.61,Non,Non
STD_2026_0745,ICMP,P2,54.54,Non,Non
STD_2026_0745,ESIIA,P3,52.12,Non,Non
STD_2026_0745,IGGLIA,P3,78.03,Oui,Non
STD_2026_0745,IMTICIA,P3,80.89,Oui,Non
STD_2026_0745,ISAIA,P3,76.12,Oui,Oui
STD_2026_0745,TEE,P4,72.27,Sous condition,Non
STD_2026_0745,TEH,P4,75.26,Oui,Non
STD_2026_0745,CAA,P5,80.0,Oui,Non
STD_2026_0745,DTJA,P5,74.8,Sous condition,Non
STD_2026_0745,EMP,P5,87.19,Oui,Non
STD_2026_0745,FIC,P5,83.37,Oui,Non
STD_2026_0746,AEE,P1,61.04,Non,Non
STD_2026_0746,IAA,P1,83.0,Oui,Non
STD_2026_0746,PIP,P1,63.39,Non,Non
STD_2026_0746,EMII,P2,89.88,Oui,Non
STD_2026_0746,GCA,P2,89.14,Oui,Non
STD_2026_0746,ICMP,P2,93.65,Oui,Non
STD_2026_0746,ESIIA,P3,92.18,Oui,Non
STD_2026_0746,IGGLIA,P3,86.5,Oui,Non
STD_2026_0746,IMTICIA,P3,86.48,Oui,Non
STD_2026_0746,ISAIA,P3,63.39,Non,Non
STD_2026_0746,TEE,P4,50.92,Non,Oui
STD_2026_0746,TEH,P4,56.35,Non,Non
STD_2026_0746,CAA,P5,65.8,Non,Non
STD_2026_0746,DTJA,P5,55.27,Non,Non
STD_2026_0746,EMP,P5,58.46,Non,Non
STD_2026_0746,FIC,P5,60.44,Non,Non
STD_2026_0747,AEE,P1,73.07,Sous condition,Non
STD_2026_0747,IAA,P1,53.11,Non,Non
STD_2026_0747,PIP,P1,50.5,Non,Non
STD_2026_0747,EMII,P2,47.48,Non,Non
STD_2026_0747,GCA,P2,44.39,Non,Non
STD_2026_0747,ICMP,P2,45.55,Non,Non
STD_2026_0747,ESIIA,P3,41.97,Non,Non
STD_2026_0747,IGGLIA,P3,69.69,Sous condition,Non
STD_2026_0747,IMTICIA,P3,79.48,Oui,Non
STD_2026_0747,ISAIA,P3,51.73,Non,Non
STD_2026_0747,TEE,P4,79.61,Oui,Non
STD_2026_0747,TEH,P4,82.33,Oui,Oui
STD_2026_0747,CAA,P5,69.33,Sous condition,Non
STD_2026_0747,DTJA,P5,83.57,Oui,Non
STD_2026_0747,EMP,P5,74.93,Sous condition,Non
STD_2026_0747,FIC,P5,48.91,Non,Non
STD_2026_0748,AEE,P1,75.08,Oui,Non
STD_2026_0748,IAA,P1,53.93,Non,Non
STD_2026_0748,PIP,P1,48.35,Non,Non
STD_2026_0748,EMII,P2,47.97,Non,Non
STD_2026_0748,GCA,P2,47.29,Non,Non
STD_2026_0748,ICMP,P2,37.11,Non,Non
STD_2026_0748,ESIIA,P3,46.21,Non,Non
STD_2026_0748,IGGLIA,P3,81.63,Oui,Non
STD_2026_0748,IMTICIA,P3,75.44,Oui,Non
STD_2026_0748,ISAIA,P3,51.85,Non,Non
STD_2026_0748,TEE,P4,78.52,Oui,Non
STD_2026_0748,TEH,P4,82.91,Oui,Non
STD_2026_0748,CAA,P5,73.1,Sous condition,Oui
STD_2026_0748,DTJA,P5,78.13,Oui,Non
STD_2026_0748,EMP,P5,73.32,Sous condition,Non
STD_2026_0748,FIC,P5,39.37,Non,Non
STD_2026_0749,AEE,P1,70.25,Sous condition,Non
STD_2026_0749,IAA,P1,47.69,Non,Non
STD_2026_0749,PIP,P1,40.71,Non,Non
STD_2026_0749,EMII,P2,36.85,Non,Non
STD_2026_0749,GCA,P2,49.17,Non,Non
STD_2026_0749,ICMP,P2,38.56,Non,Non
STD_2026_0749,ESIIA,P3,42.12,Non,Non
STD_2026_0749,IGGLIA,P3,66.31,Sous condition,Non
STD_2026_0749,IMTICIA,P3,67.3,Sous condition,Non
STD_2026_0749,ISAIA,P3,44.54,Non,Non
STD_2026_0749,TEE,P4,72.97,Sous condition,Non
STD_2026_0749,TEH,P4,74.67,Sous condition,Non
STD_2026_0749,CAA,P5,63.46,Sous condition,Non
STD_2026_0749,DTJA,P5,76.65,Oui,Oui
STD_2026_0749,EMP,P5,75.94,Oui,Non
STD_2026_0749,FIC,P5,46.3,Non,Non
STD_2026_0750,AEE,P1,55.74,Non,Non
STD_2026_0750,IAA,P1,48.04,Non,Non
STD_2026_0750,PIP,P1,51.94,Non,Non
STD_2026_0750,EMII,P2,50.32,Non,Non
STD_2026_0750,GCA,P2,53.04,Non,Non
STD_2026_0750,ICMP,P2,44.68,Non,Non
STD_2026_0750,ESIIA,P3,45.46,Non,Non
STD_2026_0750,IGGLIA,P3,48.9,Non,Non
STD_2026_0750,IMTICIA,P3,77.98,Oui,Non
STD_2026_0750,ISAIA,P3,55.38,Non,Non
STD_2026_0750,TEE,P4,77.03,Oui,Non
STD_2026_0750,TEH,P4,74.59,Sous condition,Non
STD_2026_0750,CAA,P5,74.74,Sous condition,Non
STD_2026_0750,DTJA,P5,80.09,Oui,Non
STD_2026_0750,EMP,P5,45.81,Non,Oui
STD_2026_0750,FIC,P5,52.29,Non,Non
