student_id,nom_complet,age,sexe,serie,notes_detaillees,moyenne_generale,matieres_fortes,matieres_faibles,centres_interet,competences,preferences_env,objectif_professionnel,filieres_compatibles,filiere_recommandee,parcours_recommande,score_compatibilite,niveau_confiance,justification
STD_2026_0001,Henintsoa Randriamampianina,21,M,A1,Philosophie:16.48; Français:14.81; Malagasy:12.18; Histoire-Géographie:15.53; Anglais:9.15; LV2:9.77; Mathématiques:11.24; SVT / Sciences humaines:10.86; EPS:13.23,13.16,Philosophie; Histoire-Géographie,LV2; Anglais,Sport d'équipe; Programmation & Code,Contrôle qualité HACCP; Process agroalimentaires; Résolution de problèmes,Bureau & Télétravail,Biologiste industriel,IAA; GCA; IMTICIA,IAA,Biotechnologie et Agronomie,50.94,Faible,"Excellente adéquation avec la série A1 et bonnes notes en Philosophie, Histoire-Géographie. Profil aligné avec l'objectif de Biologiste industriel."
STD_2026_0002,Mialy Rakotondrabe,18,F,A2,Philosophie:11.05; Français:12.68; Malagasy:13.22; Histoire-Géographie:12.01; Anglais:11.25; LV2:15.49; Mathématiques:9.12; SVT / Sciences humaines:10.65; EPS:10.88,12.12,LV2; Malagasy,SVT / Sciences humaines; Mathématiques,Économie & Bourse; Dessin & Design,Analyse en laboratoire; Pharmacologie; Résolution de problèmes,Laboratoire & R&D,Responsable contrôle qualité labo,PIP; TEH; ICMP,PIP,Biotechnologie et Agronomie,52.97,Faible,"Excellente adéquation avec la série A2 et bonnes notes en LV2, Malagasy. Profil aligné avec l'objectif de Responsable contrôle qualité labo."
STD_2026_0003,Faly Rakotomalala,21,F,L,Philosophie:15.18; Français et Littérature:17.36; Anglais:14.19; LV2:12.12; Malagasy:12.35; Histoire-Géographie:12.57; Éducation civique:11.4; Mathématiques:5.89; Arts / options culturelles:14.45; EPS:8.86,13.25,Français et Littérature; Philosophie,EPS; Mathématiques,Dessin & Design; Sport d'équipe,CAO Mécanique; Automatisme PLC; Résolution de problèmes,Espaces de Coworking / Startup,Ingénieur Électromécanicien,EMII; EMP; IAA,EMII,Génie Industriel et Génie Civil,43.66,Faible,"Excellente adéquation avec la série L et bonnes notes en Français et Littérature, Philosophie. Profil aligné avec l'objectif de Ingénieur Électromécanicien."
STD_2026_0004,Sitraka Rasoanaivo,21,F,C,"Mathématiques:15.67; Sciences Physiques, Chimiques et Technologie (SPCT):19.17; Français:10.76; Philosophie:10.32; Malagasy:11.44; Histoire-Géographie:8.11; Anglais:8.1; SVT:13.34; EPS:11.42",13.65,"Sciences Physiques, Chimiques et Technologie (SPCT); Mathématiques",Histoire-Géographie; Anglais,Sport d'équipe; Programmation & Code,Métré et devis; AutoCAD/Revit; Résolution de problèmes,Bureau & Télétravail,Ingénieur Génie Civil,GCA; IAA; ESIIA,GCA,Génie Industriel et Génie Civil,81.7,Élevé,"Excellente adéquation avec la série C et bonnes notes en Sciences Physiques, Chimiques et Technologie (SPCT), Mathématiques. Profil aligné avec l'objectif de Ingénieur Génie Civil."
STD_2026_0005,Hery Andriantsitohaina,21,M,D,"SVT:13.19; Sciences Physiques, Chimiques et Technologie (SPCT):14.42; Mathématiques:11.05; Français:10.36; Philosophie:9.37; Malagasy:13.71; Histoire-Géographie:9.88; Anglais:11.51; EPS:12.41",12.11,"Sciences Physiques, Chimiques et Technologie (SPCT); Malagasy",Histoire-Géographie; Philosophie,Volontariat; Lecture & Écriture,Génie des procédés; Raffinage et extraction; Résolution de problèmes,Bureau & Télétravail,Ingénieur Procédés,ICMP; EMII; IAA,ICMP,Génie Industriel et Génie Civil,82.44,Élevé,"Excellente adéquation avec la série D et bonnes notes en Sciences Physiques, Chimiques et Technologie (SPCT), Malagasy. Profil aligné avec l'objectif de Ingénieur Procédés."
STD_2026_0006,Nary Rakotomalala,21,M,S,Mathématiques:14.87; Sciences Physiques et Chimiques:18.75; SVT / Biologie-Géologie:16.5; Français:11.88; Philosophie:10.36; Malagasy:12.61; Histoire-Géographie:14.39; Anglais:12.51; EPS:12.73,14.84,Sciences Physiques et Chimiques; SVT / Biologie-Géologie,Français; Philosophie,Robotique; Musique,C/C++ embarqué; Signal & Traitement; Résolution de problèmes,Espaces de Coworking / Startup,Ingénieur Systèmes Embarqués,ESIIA; IAA; DTJA,ESIIA,Informatique et Télécommunication,80.19,Élevé,"Excellente adéquation avec la série S et bonnes notes en Sciences Physiques et Chimiques, SVT / Biologie-Géologie. Profil aligné avec l'objectif de Ingénieur Systèmes Embarqués."
STD_2026_0007,Henintsoa Rasoanaivo,16,M,G,Mathématiques de gestion:15.23; Gestion / Comptabilité:15.49; Français:10.64; Anglais:8.95; Économie:14.01; Histoire-Géographie:12.38; Philosophie:10.33; EPS:12.49,12.89,Gestion / Comptabilité; Mathématiques de gestion,Philosophie; Anglais,Dessin & Design; Robotique,Algorithmique & Python; SQL & Bases de données; Résolution de problèmes,Entreprise industrielle,Ingénieur Génie Logiciel,IGGLIA; ESIIA; IAA,IGGLIA,Informatique et Télécommunication,74.52,Moyen,"Excellente adéquation avec la série G et bonnes notes en Gestion / Comptabilité, Mathématiques de gestion. Profil aligné avec l'objectif de Ingénieur Génie Logiciel."
STD_2026_0008,Tiana Rakotomalala,20,M,Technique,Mathématiques appliquées:17.05; Physique appliquée / Technologie:15.77; Dessin technique:10.95; Français:17.29; Anglais:15.27; Philosophie:8.0; EPS:10.5,14.44,Français; Mathématiques appliquées,EPS; Philosophie,Sport d'équipe; Nature & Écologie,UI/UX Design; Infographie & 3D; Résolution de problèmes,Sur le terrain / Chantier,Administrateur Réseaux & TIC,IMTICIA; FIC; TEH,IMTICIA,Informatique et Télécommunication,90.32,Élevé,"Excellente adéquation avec la série Technique et bonnes notes en Français, Mathématiques appliquées. Profil aligné avec l'objectif de Administrateur Réseaux & TIC."
STD_2026_0009,Hery Andriantsitohaina,17,F,A,Philosophie:15.92; Français:16.79; Malagasy:10.62; Histoire-Géographie:8.42; Anglais:16.09; LV2:18.39; Mathématiques:8.49; SVT / Sciences humaines:8.18; EPS:13.84,13.47,LV2; Français,Histoire-Géographie; SVT / Sciences humaines,Sport d'équipe; Dessin & Design,PowerBI & Analytics; Statistiques inférentielles; Résolution de problèmes,Laboratoire & R&D,Data Analyst,ISAIA; GCA; ICMP,ISAIA,Informatique et Télécommunication,58.02,Moyen,"Excellente adéquation avec la série A et bonnes notes en LV2, Français. Profil aligné avec l'objectif de Data Analyst."
STD_2026_0010,Fitia Ramanantsoa,19,M,A1,Philosophie:14.04; Français:18.87; Malagasy:15.45; Histoire-Géographie:14.69; Anglais:12.62; LV2:13.12; Mathématiques:10.13; SVT / Sciences humaines:6.96; EPS:9.99,13.88,Français; Malagasy,EPS; SVT / Sciences humaines,Lecture & Écriture; Volontariat,Ingénierie touristique; Gestion de projets durables; Résolution de problèmes,Sur le terrain / Chantier,Chef de projet Développement Durable,TEE; ESIIA; ICMP,TEE,Techniques du Tourisme,84.78,Élevé,"Excellente adéquation avec la série A1 et bonnes notes en Français, Malagasy. Profil aligné avec l'objectif de Chef de projet Développement Durable."
STD_2026_0011,Tiana Randriamampianina,16,F,A2,Philosophie:15.81; Français:13.54; Malagasy:14.07; Histoire-Géographie:12.24; Anglais:7.0; LV2:13.93; Mathématiques:6.71; SVT / Sciences humaines:4.03; EPS:11.37,11.87,Philosophie; Malagasy,Mathématiques; SVT / Sciences humaines,Jeux de Stratégie; Robotique,Communication interculturelle; Yield Management; Résolution de problèmes,Entreprise industrielle,Responsable d'Agence de Voyage,TEH; TEE; EMP,TEH,Techniques du Tourisme,73.05,Moyen,"Excellente adéquation avec la série A2 et bonnes notes en Philosophie, Malagasy. Profil aligné avec l'objectif de Responsable d'Agence de Voyage."
STD_2026_0012,Nary Rajaonarivelo,21,F,L,Philosophie:11.86; Français et Littérature:15.09; Anglais:12.14; LV2:17.26; Malagasy:15.13; Histoire-Géographie:8.91; Éducation civique:12.01; Mathématiques:9.92; Arts / options culturelles:10.98; EPS:11.16,12.89,LV2; Malagasy,Mathématiques; Histoire-Géographie,Lecture & Écriture; Nature & Écologie,Techniques de Vente; Marketing Digital; Résolution de problèmes,Entreprise industrielle,Chef de Produit Marketing,CAA; AEE; FIC,CAA,Techniques des Affaires,74.32,Moyen,"Excellente adéquation avec la série L et bonnes notes en LV2, Malagasy. Profil aligné avec l'objectif de Chef de Produit Marketing."
STD_2026_0013,Vero Rajaonarivelo,20,F,C,"Mathématiques:20.0; Sciences Physiques, Chimiques et Technologie (SPCT):16.8; Français:12.09; Philosophie:13.1; Malagasy:9.25; Histoire-Géographie:12.68; Anglais:7.98; SVT:18.35; EPS:11.24",15.19,Mathématiques; SVT,Malagasy; Anglais,Volontariat; Sport d'équipe,Conseil d'entreprise; Analyse fiscale; Résolution de problèmes,Sur le terrain / Chantier,Gestionnaire de Contrats,DTJA; FIC; PIP,DTJA,Techniques des Affaires,56.4,Moyen,"Excellente adéquation avec la série C et bonnes notes en Mathématiques, SVT. Profil aligné avec l'objectif de Gestionnaire de Contrats."
STD_2026_0014,Hasina Rabenjamina,19,F,D,"SVT:16.42; Sciences Physiques, Chimiques et Technologie (SPCT):13.64; Mathématiques:15.95; Français:15.87; Philosophie:13.3; Malagasy:8.21; Histoire-Géographie:14.24; Anglais:11.97; EPS:11.33",14.21,SVT; Mathématiques,EPS; Malagasy,Musique; Programmation & Code,Étude d'impact économique; Analyse financière; Résolution de problèmes,Entreprise industrielle,Scrum Master,EMP; DTJA; FIC,EMP,Techniques des Affaires,86.66,Élevé,"Excellente adéquation avec la série D et bonnes notes en SVT, Mathématiques. Profil aligné avec l'objectif de Scrum Master."
STD_2026_0015,Mialy Razafindrakoto,16,F,S,Mathématiques:13.49; Sciences Physiques et Chimiques:16.83; SVT / Biologie-Géologie:17.1; Français:13.82; Philosophie:12.26; Malagasy:12.03; Histoire-Géographie:13.66; Anglais:11.67; EPS:9.07,14.19,SVT / Biologie-Géologie; Sciences Physiques et Chimiques,Anglais; EPS,Nature & Écologie; Robotique,Gestion de trésorerie; Comptabilité générale & analytique; Résolution de problèmes,Bureau & Télétravail,Comptable Senior,FIC; ICMP; EMII,FIC,Techniques des Affaires,81.04,Élevé,"Excellente adéquation avec la série S et bonnes notes en SVT / Biologie-Géologie, Sciences Physiques et Chimiques. Profil aligné avec l'objectif de Comptable Senior."
STD_2026_0016,Hery Andriantsitohaina,16,M,G,Mathématiques de gestion:7.64; Gestion / Comptabilité:18.45; Français:10.09; Anglais:13.53; Économie:14.18; Histoire-Géographie:13.05; Philosophie:10.9; EPS:7.56,12.52,Gestion / Comptabilité; Économie,Mathématiques de gestion; EPS,Lecture & Écriture; Robotique,Analyse des sols; Gestion d'exploitation; Résolution de problèmes,Entreprise industrielle,Agronome,AEE; DTJA; TEE,AEE,Biotechnologie et Agronomie,44.17,Faible,"Excellente adéquation avec la série G et bonnes notes en Gestion / Comptabilité, Économie. Profil aligné avec l'objectif de Agronome."
STD_2026_0017,Rova Rajaonarivelo,20,F,Technique,Mathématiques appliquées:10.94; Physique appliquée / Technologie:16.02; Dessin technique:9.66; Français:10.29; Anglais:11.67; Philosophie:17.34; EPS:11.01,12.42,Philosophie; Physique appliquée / Technologie,Français; Dessin technique,Musique; Jeux de Stratégie,Process agroalimentaires; Biochimie alimentaire; Résolution de problèmes,Laboratoire & R&D,Biologiste industriel,IAA; EMP; ESIIA,IAA,Biotechnologie et Agronomie,76.13,Élevé,"Excellente adéquation avec la série Technique et bonnes notes en Philosophie, Physique appliquée / Technologie. Profil aligné avec l'objectif de Biologiste industriel."
STD_2026_0018,Mirana Rakotomalala,18,M,A,Philosophie:12.96; Français:15.56; Malagasy:10.27; Histoire-Géographie:9.44; Anglais:9.33; LV2:13.74; Mathématiques:12.16; SVT / Sciences humaines:9.43; EPS:9.86,11.79,Français; LV2,SVT / Sciences humaines; Anglais,Nature & Écologie; Volontariat,Pharmacologie; Chimie organique; Résolution de problèmes,Laboratoire & R&D,Responsable contrôle qualité labo,PIP; ESIIA; IAA,PIP,Biotechnologie et Agronomie,53.51,Faible,"Excellente adéquation avec la série A et bonnes notes en Français, LV2. Profil aligné avec l'objectif de Responsable contrôle qualité labo."
STD_2026_0019,Sitraka Ramanantsoa,17,F,A1,Philosophie:14.81; Français:14.74; Malagasy:10.89; Histoire-Géographie:14.29; Anglais:8.0; LV2:19.96; Mathématiques:8.92; SVT / Sciences humaines:14.47; EPS:12.19,13.45,LV2; Philosophie,Mathématiques; Anglais,Musique; Robotique,Automatisme PLC; CAO Mécanique; Résolution de problèmes,Laboratoire & R&D,Automaticien,EMII; DTJA; TEE,EMII,Génie Industriel et Génie Civil,42.1,Faible,"Excellente adéquation avec la série A1 et bonnes notes en LV2, Philosophie. Profil aligné avec l'objectif de Automaticien."
STD_2026_0020,Mirana Rasoanaivo,17,F,A2,Philosophie:13.72; Français:13.26; Malagasy:11.95; Histoire-Géographie:12.38; Anglais:14.24; LV2:14.55; Mathématiques:7.28; SVT / Sciences humaines:8.35; EPS:11.95,12.58,LV2; Anglais,SVT / Sciences humaines; Mathématiques,Musique; Robotique,AutoCAD/Revit; Conduite de chantier BTP; Résolution de problèmes,Laboratoire & R&D,Architecte collaborateur,GCA; IGGLIA; IAA,GCA,Génie Industriel et Génie Civil,50.16,Faible,"Excellente adéquation avec la série A2 et bonnes notes en LV2, Anglais. Profil aligné avec l'objectif de Architecte collaborateur."
STD_2026_0021,Vero Ramanantsoa,19,F,L,Philosophie:14.04; Français et Littérature:14.15; Anglais:11.99; LV2:18.21; Malagasy:13.63; Histoire-Géographie:8.94; Éducation civique:15.72; Mathématiques:9.55; Arts / options culturelles:15.92; EPS:8.55,13.4,LV2; Arts / options culturelles,Histoire-Géographie; EPS,Sport d'équipe; Musique,Normes QHSE; Génie des procédés; Résolution de problèmes,Espaces de Coworking / Startup,Responsable d'extraction,ICMP; TEH; EMP,ICMP,Génie Industriel et Génie Civil,44.8,Faible,"Excellente adéquation avec la série L et bonnes notes en LV2, Arts / options culturelles. Profil aligné avec l'objectif de Responsable d'extraction."
STD_2026_0022,Sitraka Rabenjamina,16,F,C,"Mathématiques:17.2; Sciences Physiques, Chimiques et Technologie (SPCT):13.62; Français:12.34; Philosophie:8.79; Malagasy:14.71; Histoire-Géographie:8.52; Anglais:8.51; SVT:15.91; EPS:14.52",13.69,Mathématiques; SVT,Histoire-Géographie; Anglais,Musique; Robotique,C/C++ embarqué; Électronique numérique; Résolution de problèmes,Bureau & Télétravail,Concepteur Électronique,ESIIA; CAA; PIP,ESIIA,Informatique et Télécommunication,82.22,Élevé,"Excellente adéquation avec la série C et bonnes notes en Mathématiques, SVT. Profil aligné avec l'objectif de Concepteur Électronique."
STD_2026_0023,Mirana Rabenjamina,20,M,D,"SVT:14.22; Sciences Physiques, Chimiques et Technologie (SPCT):16.32; Mathématiques:11.98; Français:12.14; Philosophie:8.99; Malagasy:14.23; Histoire-Géographie:10.31; Anglais:12.37; EPS:9.66",12.91,"Sciences Physiques, Chimiques et Technologie (SPCT); Malagasy",EPS; Philosophie,Musique; Dessin & Design,Machine Learning; SQL & Bases de données; Résolution de problèmes,Espaces de Coworking / Startup,Data Scientist / IA,IGGLIA; ICMP; FIC,IGGLIA,Informatique et Télécommunication,75.29,Élevé,"Excellente adéquation avec la série D et bonnes notes en Sciences Physiques, Chimiques et Technologie (SPCT), Malagasy. Profil aligné avec l'objectif de Data Scientist / IA."
STD_2026_0024,Soa Ramanantsoa,16,M,S,Mathématiques:15.15; Sciences Physiques et Chimiques:11.66; SVT / Biologie-Géologie:14.95; Français:14.98; Philosophie:7.78; Malagasy:8.66; Histoire-Géographie:12.62; Anglais:7.64; EPS:12.57,12.72,Mathématiques; Français,Philosophie; Anglais,Dessin & Design; Robotique,Réseaux informatiques; Développement Web/Mobile; Résolution de problèmes,Sur le terrain / Chantier,Administrateur Réseaux & TIC,IMTICIA; TEE; CAA,IMTICIA,Informatique et Télécommunication,74.08,Moyen,"Excellente adéquation avec la série S et bonnes notes en Mathématiques, Français. Profil aligné avec l'objectif de Administrateur Réseaux & TIC."
STD_2026_0025,Soa Rakotondrabe,16,F,G,Mathématiques de gestion:15.55; Gestion / Comptabilité:16.56; Français:13.32; Anglais:13.68; Économie:15.9; Histoire-Géographie:13.71; Philosophie:12.31; EPS:9.8,14.49,Gestion / Comptabilité; Économie,Philosophie; EPS,Jeux de Stratégie; Dessin & Design,Python / R Data; Statistiques inférentielles; Résolution de problèmes,Laboratoire & R&D,Data Analyst,ISAIA; TEE; EMP,ISAIA,Informatique et Télécommunication,83.5,Élevé,"Excellente adéquation avec la série G et bonnes notes en Gestion / Comptabilité, Économie. Profil aligné avec l'objectif de Data Analyst."
STD_2026_0026,Vero Randriamampianina,19,F,Technique,Mathématiques appliquées:16.27; Physique appliquée / Technologie:17.34; Dessin technique:9.67; Français:11.69; Anglais:8.56; Philosophie:10.07; EPS:13.59,13.4,Physique appliquée / Technologie; Mathématiques appliquées,Dessin technique; Anglais,Jeux de Stratégie; Nature & Écologie,Ingénierie touristique; Gestion de projets durables; Résolution de problèmes,Laboratoire & R&D,Consultant Écotourisme,TEE; FIC; ISAIA,TEE,Techniques du Tourisme,46.26,Faible,"Excellente adéquation avec la série Technique et bonnes notes en Physique appliquée / Technologie, Mathématiques appliquées. Profil aligné avec l'objectif de Consultant Écotourisme."
STD_2026_0027,Nary Ratsimbazafy,18,F,A,Philosophie:14.48; Français:12.95; Malagasy:13.6; Histoire-Géographie:13.8; Anglais:14.53; LV2:13.95; Mathématiques:13.03; SVT / Sciences humaines:7.06; EPS:11.3,13.17,Anglais; Philosophie,EPS; SVT / Sciences humaines,Musique; Nature & Écologie,Communication interculturelle; Management hôtelier; Résolution de problèmes,Entreprise industrielle,Directeur de l'Hébergement,TEH; IAA; PIP,TEH,Techniques du Tourisme,87.02,Élevé,"Excellente adéquation avec la série A et bonnes notes en Anglais, Philosophie. Profil aligné avec l'objectif de Directeur de l'Hébergement."
STD_2026_0028,Mirana Ratsimbazafy,17,M,A1,Philosophie:12.66; Français:12.4; Malagasy:10.41; Histoire-Géographie:8.05; Anglais:12.07; LV2:15.01; Mathématiques:17.07; SVT / Sciences humaines:11.42; EPS:12.86,12.1,Mathématiques; LV2,Malagasy; Histoire-Géographie,Sport d'équipe; Dessin & Design,Analyse Marché; Techniques de Vente; Résolution de problèmes,Entreprise industrielle,Directeur des Ventes,CAA; TEE; TEH,CAA,Techniques des Affaires,83.0,Élevé,"Excellente adéquation avec la série A1 et bonnes notes en Mathématiques, LV2. Profil aligné avec l'objectif de Directeur des Ventes."
STD_2026_0029,Nary Andriantsitohaina,18,M,A2,Philosophie:13.2; Français:15.47; Malagasy:14.99; Histoire-Géographie:14.87; Anglais:7.96; LV2:15.53; Mathématiques:6.88; SVT / Sciences humaines:6.88; EPS:15.86,13.0,EPS; LV2,Mathématiques; SVT / Sciences humaines,Lecture & Écriture; Dessin & Design,Droit des contrats; Rédaction juridique; Résolution de problèmes,Laboratoire & R&D,Consultant Fiscaliste,DTJA; ISAIA; EMII,DTJA,Techniques des Affaires,79.33,Élevé,"Excellente adéquation avec la série A2 et bonnes notes en EPS, LV2. Profil aligné avec l'objectif de Consultant Fiscaliste."
STD_2026_0030,Vero Rajaonarivelo,19,M,L,Philosophie:14.42; Français et Littérature:11.66; Anglais:12.03; LV2:11.55; Malagasy:13.79; Histoire-Géographie:13.37; Éducation civique:12.2; Mathématiques:8.75; Arts / options culturelles:15.54; EPS:6.59,12.26,Arts / options culturelles; Philosophie,Mathématiques; EPS,Programmation & Code; Volontariat,Gestion des risques; Analyse financière; Résolution de problèmes,Bureau & Télétravail,Scrum Master,EMP; TEE; IAA,EMP,Techniques des Affaires,45.15,Faible,"Excellente adéquation avec la série L et bonnes notes en Arts / options culturelles, Philosophie. Profil aligné avec l'objectif de Scrum Master."
STD_2026_0031,Kanto Rakotomalala,20,M,C,"Mathématiques:11.27; Sciences Physiques, Chimiques et Technologie (SPCT):10.26; Français:13.73; Philosophie:7.48; Malagasy:13.92; Histoire-Géographie:8.25; Anglais:13.9; SVT:14.17; EPS:13.5",11.66,SVT; Malagasy,Histoire-Géographie; Philosophie,Musique; Robotique,Comptabilité générale & analytique; Gestion de trésorerie; Résolution de problèmes,Entreprise industrielle,Comptable Senior,FIC; ESIIA; IAA,FIC,Techniques des Affaires,77.27,Élevé,"Excellente adéquation avec la série C et bonnes notes en SVT, Malagasy. Profil aligné avec l'objectif de Comptable Senior."
STD_2026_0032,Sitraka Andriantsitohaina,16,F,D,"SVT:17.37; Sciences Physiques, Chimiques et Technologie (SPCT):16.35; Mathématiques:11.52; Français:11.76; Philosophie:8.24; Malagasy:13.2; Histoire-Géographie:6.98; Anglais:16.06; EPS:10.76",13.43,"SVT; Sciences Physiques, Chimiques et Technologie (SPCT)",Philosophie; Histoire-Géographie,Programmation & Code; Nature & Écologie,Agronomie; Gestion d'exploitation; Résolution de problèmes,Sur le terrain / Chantier,Chef d'exploitation,AEE; CAA; DTJA,AEE,Biotechnologie et Agronomie,80.58,Élevé,"Excellente adéquation avec la série D et bonnes notes en SVT, Sciences Physiques, Chimiques et Technologie (SPCT). Profil aligné avec l'objectif de Chef d'exploitation."
STD_2026_0033,Sitraka Razafindrakoto,16,M,S,Mathématiques:15.07; Sciences Physiques et Chimiques:16.91; SVT / Biologie-Géologie:17.9; Français:10.58; Philosophie:9.73; Malagasy:9.99; Histoire-Géographie:9.05; Anglais:9.63; EPS:12.21,13.85,SVT / Biologie-Géologie; Sciences Physiques et Chimiques,Anglais; Histoire-Géographie,Jeux de Stratégie; Robotique,Process agroalimentaires; Microbiologie; Résolution de problèmes,Laboratoire & R&D,Biologiste industriel,IAA; ISAIA; TEH,IAA,Biotechnologie et Agronomie,82.1,Élevé,"Excellente adéquation avec la série S et bonnes notes en SVT / Biologie-Géologie, Sciences Physiques et Chimiques. Profil aligné avec l'objectif de Biologiste industriel."
STD_2026_0034,Dina Rajaonarivelo,16,F,G,Mathématiques de gestion:9.58; Gestion / Comptabilité:15.97; Français:10.94; Anglais:17.1; Économie:16.16; Histoire-Géographie:13.62; Philosophie:9.01; EPS:7.98,13.16,Anglais; Économie,Philosophie; EPS,Jeux de Stratégie; Nature & Écologie,Chimie organique; Pharmacologie; Résolution de problèmes,Sur le terrain / Chantier,Technicien supérieur en pharmacologie,PIP; ESIIA; EMII,PIP,Biotechnologie et Agronomie,51.52,Faible,"Excellente adéquation avec la série G et bonnes notes en Anglais, Économie. Profil aligné avec l'objectif de Technicien supérieur en pharmacologie."
STD_2026_0035,Nomena Rakotomalala,21,M,Technique,Mathématiques appliquées:15.62; Physique appliquée / Technologie:16.4; Dessin technique:12.6; Français:14.71; Anglais:11.73; Philosophie:7.86; EPS:13.4,14.01,Physique appliquée / Technologie; Mathématiques appliquées,Anglais; Philosophie,Musique; Volontariat,CAO Mécanique; Maintenance industrielle; Résolution de problèmes,Espaces de Coworking / Startup,Responsable Maintenance,EMII; EMP; TEH,EMII,Génie Industriel et Génie Civil,88.38,Élevé,"Excellente adéquation avec la série Technique et bonnes notes en Physique appliquée / Technologie, Mathématiques appliquées. Profil aligné avec l'objectif de Responsable Maintenance."
STD_2026_0036,Lova Rabenjamina,20,M,A,Philosophie:10.17; Français:15.91; Malagasy:10.23; Histoire-Géographie:9.7; Anglais:10.09; LV2:14.72; Mathématiques:10.08; SVT / Sciences humaines:9.94; EPS:13.35,11.71,Français; LV2,SVT / Sciences humaines; Histoire-Géographie,Robotique; Sport d'équipe,AutoCAD/Revit; Calcul de structures; Résolution de problèmes,Entreprise industrielle,Architecte collaborateur,GCA; CAA; IMTICIA,GCA,Génie Industriel et Génie Civil,44.04,Faible,"Excellente adéquation avec la série A et bonnes notes en Français, LV2. Profil aligné avec l'objectif de Architecte collaborateur."
STD_2026_0037,Andry Andriantsitohaina,17,F,A1,Philosophie:17.72; Français:16.31; Malagasy:13.37; Histoire-Géographie:10.42; Anglais:9.45; LV2:11.44; Mathématiques:11.71; SVT / Sciences humaines:12.35; EPS:14.26,13.49,Philosophie; Français,Histoire-Géographie; Anglais,Économie & Bourse; Dessin & Design,Génie des procédés; Normes QHSE; Résolution de problèmes,Sur le terrain / Chantier,Responsable d'extraction,ICMP; ISAIA; ESIIA,ICMP,Génie Industriel et Génie Civil,54.04,Faible,"Excellente adéquation avec la série A1 et bonnes notes en Philosophie, Français. Profil aligné avec l'objectif de Responsable d'extraction."
STD_2026_0038,Vero Rasoanaivo,19,M,A2,Philosophie:16.97; Français:18.52; Malagasy:12.1; Histoire-Géographie:6.99; Anglais:12.86; LV2:16.81; Mathématiques:5.82; SVT / Sciences humaines:11.5; EPS:11.71,13.45,Français; Philosophie,Histoire-Géographie; Mathématiques,Nature & Écologie; Musique,Microcontrôleurs IoT; Électronique numérique; Résolution de problèmes,Sur le terrain / Chantier,Concepteur Électronique,ESIIA; GCA; DTJA,ESIIA,Informatique et Télécommunication,47.26,Faible,"Excellente adéquation avec la série A2 et bonnes notes en Français, Philosophie. Profil aligné avec l'objectif de Concepteur Électronique."
STD_2026_0039,Andry Andriantsitohaina,20,M,L,Philosophie:13.57; Français et Littérature:18.64; Anglais:10.73; LV2:19.87; Malagasy:13.11; Histoire-Géographie:13.64; Éducation civique:13.17; Mathématiques:8.41; Arts / options culturelles:12.29; EPS:12.2,14.24,LV2; Français et Littérature,Anglais; Mathématiques,Sport d'équipe; Économie & Bourse,Génie Logiciel & Java/Web; Machine Learning; Résolution de problèmes,Bureau & Télétravail,Développeur Fullstack,IGGLIA; ICMP; EMII,IGGLIA,Informatique et Télécommunication,54.76,Faible,"Excellente adéquation avec la série L et bonnes notes en LV2, Français et Littérature. Profil aligné avec l'objectif de Développeur Fullstack."
STD_2026_0040,Andry Rakotondrabe,20,F,C,"Mathématiques:14.28; Sciences Physiques, Chimiques et Technologie (SPCT):16.58; Français:12.83; Philosophie:11.25; Malagasy:12.24; Histoire-Géographie:7.61; Anglais:13.64; SVT:13.83; EPS:11.82",13.54,"Sciences Physiques, Chimiques et Technologie (SPCT); Mathématiques",Philosophie; Histoire-Géographie,Programmation & Code; Sport d'équipe,Développement Web/Mobile; Infographie & 3D; Résolution de problèmes,Sur le terrain / Chantier,Designer UI/UX,IMTICIA; GCA; ESIIA,IMTICIA,Informatique et Télécommunication,84.1,Élevé,"Excellente adéquation avec la série C et bonnes notes en Sciences Physiques, Chimiques et Technologie (SPCT), Mathématiques. Profil aligné avec l'objectif de Designer UI/UX."
STD_2026_0041,Lova Razafindrakoto,16,F,D,"SVT:15.45; Sciences Physiques, Chimiques et Technologie (SPCT):15.2; Mathématiques:17.15; Français:14.13; Philosophie:13.5; Malagasy:11.56; Histoire-Géographie:10.16; Anglais:10.14; EPS:13.32",14.28,Mathématiques; SVT,Histoire-Géographie; Anglais,Musique; Volontariat,Python / R Data; Statistiques inférentielles; Résolution de problèmes,Sur le terrain / Chantier,Data Analyst,ISAIA; CAA; DTJA,ISAIA,Informatique et Télécommunication,77.89,Élevé,"Excellente adéquation avec la série D et bonnes notes en Mathématiques, SVT. Profil aligné avec l'objectif de Data Analyst."
STD_2026_0042,Mialy Andriantsitohaina,19,F,S,Mathématiques:19.93; Sciences Physiques et Chimiques:14.78; SVT / Biologie-Géologie:9.7; Français:6.4; Philosophie:15.91; Malagasy:8.57; Histoire-Géographie:11.57; Anglais:14.19; EPS:10.11,13.44,Mathématiques; Philosophie,Malagasy; Français,Robotique; Jeux de Stratégie,Écotourisme & Biodiversité; Gestion de projets durables; Résolution de problèmes,Sur le terrain / Chantier,Guide Patrimoine,TEE; ICMP; IAA,TEE,Techniques du Tourisme,72.92,Moyen,"Excellente adéquation avec la série S et bonnes notes en Mathématiques, Philosophie. Profil aligné avec l'objectif de Guide Patrimoine."
STD_2026_0043,Lova Ramanantsoa,21,M,G,Mathématiques de gestion:16.9; Gestion / Comptabilité:16.83; Français:11.09; Anglais:8.1; Économie:12.77; Histoire-Géographie:12.41; Philosophie:11.7; EPS:11.93,13.29,Mathématiques de gestion; Gestion / Comptabilité,Français; Anglais,Jeux de Stratégie; Programmation & Code,Gestion événementielle; Communication interculturelle; Résolution de problèmes,Entreprise industrielle,Directeur de l'Hébergement,TEH; ICMP; FIC,TEH,Techniques du Tourisme,73.5,Moyen,"Excellente adéquation avec la série G et bonnes notes en Mathématiques de gestion, Gestion / Comptabilité. Profil aligné avec l'objectif de Directeur de l'Hébergement."
STD_2026_0044,Rova Andriantsitohaina,17,M,Technique,Mathématiques appliquées:16.15; Physique appliquée / Technologie:15.74; Dessin technique:13.35; Français:14.99; Anglais:16.06; Philosophie:11.42; EPS:18.69,15.31,EPS; Mathématiques appliquées,Dessin technique; Philosophie,Économie & Bourse; Robotique,Negociation internationale; Techniques de Vente; Résolution de problèmes,Entreprise industrielle,Chef de Produit Marketing,CAA; TEH; FIC,CAA,Techniques des Affaires,61.42,Moyen,"Excellente adéquation avec la série Technique et bonnes notes en EPS, Mathématiques appliquées. Profil aligné avec l'objectif de Chef de Produit Marketing."
STD_2026_0045,Rova Andriantsitohaina,19,M,A,Philosophie:16.04; Français:16.05; Malagasy:14.0; Histoire-Géographie:12.76; Anglais:10.2; LV2:14.36; Mathématiques:10.51; SVT / Sciences humaines:6.72; EPS:7.86,13.04,Français; Philosophie,EPS; SVT / Sciences humaines,Dessin & Design; Jeux de Stratégie,Rédaction juridique; Conseil d'entreprise; Résolution de problèmes,Laboratoire & R&D,Consultant Fiscaliste,DTJA; GCA; PIP,DTJA,Techniques des Affaires,78.6,Élevé,"Excellente adéquation avec la série A et bonnes notes en Français, Philosophie. Profil aligné avec l'objectif de Consultant Fiscaliste."
STD_2026_0046,Soa Randriamampianina,20,F,A1,Philosophie:16.27; Français:11.81; Malagasy:11.77; Histoire-Géographie:10.97; Anglais:14.94; LV2:15.51; Mathématiques:5.79; SVT / Sciences humaines:7.82; EPS:11.78,12.45,Philosophie; LV2,SVT / Sciences humaines; Mathématiques,Programmation & Code; Musique,Étude d'impact économique; Gestion des risques; Résolution de problèmes,Espaces de Coworking / Startup,Analyste Économique,EMP; IGGLIA; EMII,EMP,Techniques des Affaires,69.44,Moyen,"Excellente adéquation avec la série A1 et bonnes notes en Philosophie, LV2. Profil aligné avec l'objectif de Analyste Économique."
STD_2026_0047,Vero Razafindrakoto,18,F,A2,Philosophie:14.51; Français:15.63; Malagasy:10.88; Histoire-Géographie:13.88; Anglais:10.09; LV2:13.25; Mathématiques:9.98; SVT / Sciences humaines:8.4; EPS:9.97,12.49,Français; Philosophie,EPS; SVT / Sciences humaines,Économie & Bourse; Lecture & Écriture,Audit financier; Gestion de trésorerie; Résolution de problèmes,Bureau & Télétravail,Directeur Financier (CFO),FIC; IGGLIA; GCA,FIC,Techniques des Affaires,57.9,Moyen,"Excellente adéquation avec la série A2 et bonnes notes en Français, Philosophie. Profil aligné avec l'objectif de Directeur Financier (CFO)."
STD_2026_0048,Tojo Rakotondrabe,18,M,L,Philosophie:11.86; Français et Littérature:16.4; Anglais:12.58; LV2:17.48; Malagasy:14.15; Histoire-Géographie:12.82; Éducation civique:11.68; Mathématiques:6.98; Arts / options culturelles:18.27; EPS:11.24,13.71,Arts / options culturelles; LV2,EPS; Mathématiques,Jeux de Stratégie; Économie & Bourse,Analyse des sols; Gestion d'exploitation; Résolution de problèmes,Entreprise industrielle,Chef d'exploitation,AEE; DTJA; EMII,AEE,Biotechnologie et Agronomie,57.94,Moyen,"Excellente adéquation avec la série L et bonnes notes en Arts / options culturelles, LV2. Profil aligné avec l'objectif de Chef d'exploitation."
STD_2026_0049,Henintsoa Rajaonarivelo,20,F,C,"Mathématiques:13.85; Sciences Physiques, Chimiques et Technologie (SPCT):14.46; Français:9.46; Philosophie:12.46; Malagasy:9.31; Histoire-Géographie:8.28; Anglais:5.3; SVT:11.14; EPS:9.26",11.54,"Sciences Physiques, Chimiques et Technologie (SPCT); Mathématiques",Histoire-Géographie; Anglais,Programmation & Code; Musique,Process agroalimentaires; Microbiologie; Résolution de problèmes,Laboratoire & R&D,Responsable Qualité HACCP,IAA; CAA; AEE,IAA,Biotechnologie et Agronomie,71.82,Moyen,"Excellente adéquation avec la série C et bonnes notes en Sciences Physiques, Chimiques et Technologie (SPCT), Mathématiques. Profil aligné avec l'objectif de Responsable Qualité HACCP."
STD_2026_0050,Nary Randriamampianina,21,M,D,"SVT:13.18; Sciences Physiques, Chimiques et Technologie (SPCT):14.17; Mathématiques:10.59; Français:3.28; Philosophie:8.19; Malagasy:9.09; Histoire-Géographie:11.83; Anglais:14.17; EPS:10.75",11.06,"Sciences Physiques, Chimiques et Technologie (SPCT); Anglais",Philosophie; Français,Nature & Écologie; Musique,Pharmacologie; Chimie organique; Résolution de problèmes,Sur le terrain / Chantier,Assistant de recherche galénique,PIP; ISAIA; ICMP,PIP,Biotechnologie et Agronomie,69.54,Moyen,"Excellente adéquation avec la série D et bonnes notes en Sciences Physiques, Chimiques et Technologie (SPCT), Anglais. Profil aligné avec l'objectif de Assistant de recherche galénique."
STD_2026_0051,Hery Ramanantsoa,21,M,S,Mathématiques:16.08; Sciences Physiques et Chimiques:13.46; SVT / Biologie-Géologie:17.22; Français:11.38; Philosophie:14.35; Malagasy:12.42; Histoire-Géographie:14.47; Anglais:15.02; EPS:9.92,14.38,SVT / Biologie-Géologie; Mathématiques,Français; EPS,Volontariat; Lecture & Écriture,Électrotechnique; Automatisme PLC; Résolution de problèmes,Espaces de Coworking / Startup,Automaticien,EMII; TEH; GCA,EMII,Génie Industriel et Génie Civil,87.26,Élevé,"Excellente adéquation avec la série S et bonnes notes en SVT / Biologie-Géologie, Mathématiques. Profil aligné avec l'objectif de Automaticien."
STD_2026_0052,Andry Randriamampianina,21,M,G,Mathématiques de gestion:15.05; Gestion / Comptabilité:11.59; Français:10.62; Anglais:16.6; Économie:13.36; Histoire-Géographie:13.85; Philosophie:16.11; EPS:14.02,13.62,Anglais; Philosophie,Gestion / Comptabilité; Français,Jeux de Stratégie; Musique,AutoCAD/Revit; Métré et devis; Résolution de problèmes,Entreprise industrielle,Chef de chantier BTP,GCA; FIC; AEE,GCA,Génie Industriel et Génie Civil,65.37,Moyen,"Excellente adéquation avec la série G et bonnes notes en Anglais, Philosophie. Profil aligné avec l'objectif de Chef de chantier BTP."
STD_2026_0053,Andry Randriamampianina,18,F,Technique,Mathématiques appliquées:11.67; Physique appliquée / Technologie:13.26; Dessin technique:13.72; Français:15.89; Anglais:15.24; Philosophie:8.68; EPS:10.44,12.93,Français; Anglais,EPS; Philosophie,Robotique; Dessin & Design,Géologie minière; Raffinage et extraction; Résolution de problèmes,Espaces de Coworking / Startup,Ingénieur QHSE,ICMP; FIC; EMII,ICMP,Génie Industriel et Génie Civil,74.89,Moyen,"Excellente adéquation avec la série Technique et bonnes notes en Français, Anglais. Profil aligné avec l'objectif de Ingénieur QHSE."
STD_2026_0054,Kanto Ramanantsoa,16,F,A,Philosophie:13.31; Français:15.81; Malagasy:14.25; Histoire-Géographie:10.75; Anglais:4.3; LV2:16.59; Mathématiques:6.27; SVT / Sciences humaines:12.27; EPS:15.09,12.52,LV2; Français,Mathématiques; Anglais,Lecture & Écriture; Volontariat,C/C++ embarqué; Électronique numérique; Résolution de problèmes,Entreprise industrielle,Développeur IoT,ESIIA; ISAIA; CAA,ESIIA,Informatique et Télécommunication,29.23,Faible,"Excellente adéquation avec la série A et bonnes notes en LV2, Français. Profil aligné avec l'objectif de Développeur IoT."
STD_2026_0055,Rova Rakotomalala,20,M,A1,Philosophie:11.02; Français:13.15; Malagasy:11.31; Histoire-Géographie:11.99; Anglais:11.49; LV2:14.69; Mathématiques:9.2; SVT / Sciences humaines:10.45; EPS:8.06,11.6,LV2; Français,Mathématiques; EPS,Sport d'équipe; Programmation & Code,Algorithmique & Python; Génie Logiciel & Java/Web; Résolution de problèmes,Espaces de Coworking / Startup,Développeur Fullstack,IGGLIA; GCA; ESIIA,IGGLIA,Informatique et Télécommunication,75.99,Élevé,"Excellente adéquation avec la série A1 et bonnes notes en LV2, Français. Profil aligné avec l'objectif de Développeur Fullstack."
STD_2026_0056,Dina Razafindrakoto,16,F,A2,Philosophie:10.62; Français:15.42; Malagasy:9.33; Histoire-Géographie:12.62; Anglais:11.85; LV2:17.26; Mathématiques:9.91; SVT / Sciences humaines:10.84; EPS:14.51,12.65,LV2; Français,Mathématiques; Malagasy,Programmation & Code; Jeux de Stratégie,UI/UX Design; Réseaux informatiques; Résolution de problèmes,Espaces de Coworking / Startup,Designer UI/UX,IMTICIA; IAA; FIC,IMTICIA,Informatique et Télécommunication,73.57,Moyen,"Excellente adéquation avec la série A2 et bonnes notes en LV2, Français. Profil aligné avec l'objectif de Designer UI/UX."
STD_2026_0057,Sitraka Ratsimbazafy,18,M,L,Philosophie:14.06; Français et Littérature:15.82; Anglais:10.56; LV2:13.01; Malagasy:11.22; Histoire-Géographie:12.34; Éducation civique:16.38; Mathématiques:7.36; Arts / options culturelles:17.48; EPS:9.65,13.0,Arts / options culturelles; Éducation civique,EPS; Mathématiques,Économie & Bourse; Jeux de Stratégie,Machine Learning & Deep Learning; PowerBI & Analytics; Résolution de problèmes,Laboratoire & R&D,Statisticien Décisionnel,ISAIA; ESIIA; PIP,ISAIA,Informatique et Télécommunication,46.59,Faible,"Excellente adéquation avec la série L et bonnes notes en Arts / options culturelles, Éducation civique. Profil aligné avec l'objectif de Statisticien Décisionnel."
STD_2026_0058,Vero Rasoanaivo,16,M,C,"Mathématiques:13.23; Sciences Physiques, Chimiques et Technologie (SPCT):17.31; Français:12.27; Philosophie:10.94; Malagasy:11.06; Histoire-Géographie:15.55; Anglais:13.49; SVT:11.82; EPS:9.55",13.45,"Sciences Physiques, Chimiques et Technologie (SPCT); Histoire-Géographie",Philosophie; EPS,Économie & Bourse; Nature & Écologie,Ingénierie touristique; Guide & Médiation; Résolution de problèmes,Entreprise industrielle,Chef de projet Développement Durable,TEE; CAA; IAA,TEE,Techniques du Tourisme,56.27,Moyen,"Excellente adéquation avec la série C et bonnes notes en Sciences Physiques, Chimiques et Technologie (SPCT), Histoire-Géographie. Profil aligné avec l'objectif de Chef de projet Développement Durable."
STD_2026_0059,Vero Rajaonarivelo,18,F,D,"SVT:16.52; Sciences Physiques, Chimiques et Technologie (SPCT):19.79; Mathématiques:14.92; Français:11.48; Philosophie:11.05; Malagasy:8.37; Histoire-Géographie:10.41; Anglais:11.11; EPS:9.45",14.07,"Sciences Physiques, Chimiques et Technologie (SPCT); SVT",EPS; Malagasy,Volontariat; Lecture & Écriture,Yield Management; Communication interculturelle; Résolution de problèmes,Espaces de Coworking / Startup,Responsable d'Agence de Voyage,TEH; GCA; DTJA,TEH,Techniques du Tourisme,73.72,Moyen,"Excellente adéquation avec la série D et bonnes notes en Sciences Physiques, Chimiques et Technologie (SPCT), SVT. Profil aligné avec l'objectif de Responsable d'Agence de Voyage."
STD_2026_0060,Andry Rabenjamina,17,M,S,Mathématiques:18.01; Sciences Physiques et Chimiques:14.91; SVT / Biologie-Géologie:14.67; Français:9.09; Philosophie:11.41; Malagasy:8.76; Histoire-Géographie:9.0; Anglais:9.36; EPS:9.58,13.3,Mathématiques; Sciences Physiques et Chimiques,Histoire-Géographie; Malagasy,Sport d'équipe; Jeux de Stratégie,Marketing Digital; Analyse Marché; Résolution de problèmes,Espaces de Coworking / Startup,Directeur des Ventes,CAA; IMTICIA; GCA,CAA,Techniques des Affaires,76.12,Élevé,"Excellente adéquation avec la série S et bonnes notes en Mathématiques, Sciences Physiques et Chimiques. Profil aligné avec l'objectif de Directeur des Ventes."
STD_2026_0061,Henintsoa Rajaonarivelo,16,M,G,Mathématiques de gestion:17.25; Gestion / Comptabilité:17.53; Français:12.85; Anglais:10.7; Économie:15.22; Histoire-Géographie:13.03; Philosophie:11.59; EPS:8.83,14.26,Gestion / Comptabilité; Mathématiques de gestion,Anglais; EPS,Économie & Bourse; Robotique,Rédaction juridique; Conseil d'entreprise; Résolution de problèmes,Sur le terrain / Chantier,Consultant Fiscaliste,DTJA; FIC; EMP,DTJA,Techniques des Affaires,76.13,Élevé,"Excellente adéquation avec la série G et bonnes notes en Gestion / Comptabilité, Mathématiques de gestion. Profil aligné avec l'objectif de Consultant Fiscaliste."
STD_2026_0062,Andry Randriamampianina,19,F,Technique,Mathématiques appliquées:12.44; Physique appliquée / Technologie:17.73; Dessin technique:12.46; Français:7.8; Anglais:15.14; Philosophie:13.46; EPS:10.86,13.4,Physique appliquée / Technologie; Anglais,EPS; Français,Lecture & Écriture; Robotique,Étude d'impact économique; Gestion des risques; Résolution de problèmes,Espaces de Coworking / Startup,Scrum Master,EMP; CAA; ICMP,EMP,Techniques des Affaires,52.5,Faible,"Excellente adéquation avec la série Technique et bonnes notes en Physique appliquée / Technologie, Anglais. Profil aligné avec l'objectif de Scrum Master."
STD_2026_0063,Andry Randriamampianina,16,M,A,Philosophie:16.65; Français:14.57; Malagasy:10.24; Histoire-Géographie:13.03; Anglais:12.58; LV2:15.69; Mathématiques:5.98; SVT / Sciences humaines:10.5; EPS:11.02,12.97,Philosophie; LV2,Malagasy; Mathématiques,Économie & Bourse; Sport d'équipe,Comptabilité générale & analytique; Contrôle de gestion; Résolution de problèmes,Espaces de Coworking / Startup,Contrôleur de Gestion,FIC; DTJA; ESIIA,FIC,Techniques des Affaires,47.2,Faible,"Excellente adéquation avec la série A et bonnes notes en Philosophie, LV2. Profil aligné avec l'objectif de Contrôleur de Gestion."
STD_2026_0064,Dina Rasoanaivo,18,M,A1,Philosophie:13.97; Français:11.62; Malagasy:9.44; Histoire-Géographie:9.65; Anglais:11.69; LV2:14.72; Mathématiques:5.2; SVT / Sciences humaines:12.43; EPS:7.87,11.15,LV2; Philosophie,EPS; Mathématiques,Musique; Économie & Bourse,Gestion d'exploitation; Analyse des sols; Résolution de problèmes,Espaces de Coworking / Startup,Conseiller agricole,AEE; ICMP; ESIIA,AEE,Biotechnologie et Agronomie,74.8,Moyen,"Excellente adéquation avec la série A1 et bonnes notes en LV2, Philosophie. Profil aligné avec l'objectif de Conseiller agricole."
STD_2026_0065,Soa Ramanantsoa,20,M,A2,Philosophie:17.16; Français:13.69; Malagasy:10.81; Histoire-Géographie:8.91; Anglais:10.51; LV2:18.21; Mathématiques:10.87; SVT / Sciences humaines:5.46; EPS:9.03,12.46,LV2; Philosophie,Histoire-Géographie; SVT / Sciences humaines,Nature & Écologie; Lecture & Écriture,Process agroalimentaires; Microbiologie; Résolution de problèmes,Espaces de Coworking / Startup,Responsable Qualité HACCP,IAA; CAA; IGGLIA,IAA,Biotechnologie et Agronomie,48.3,Faible,"Excellente adéquation avec la série A2 et bonnes notes en LV2, Philosophie. Profil aligné avec l'objectif de Responsable Qualité HACCP."
STD_2026_0066,Henintsoa Rabenjamina,21,M,L,Philosophie:11.18; Français et Littérature:13.11; Anglais:7.56; LV2:9.3; Malagasy:9.31; Histoire-Géographie:15.39; Éducation civique:12.4; Mathématiques:9.7; Arts / options culturelles:15.23; EPS:15.58,11.53,EPS; Histoire-Géographie,LV2; Anglais,Lecture & Écriture; Musique,Analyse en laboratoire; Pharmacologie; Résolution de problèmes,Laboratoire & R&D,Délégué médical,PIP; DTJA; TEH,PIP,Biotechnologie et Agronomie,42.09,Faible,"Excellente adéquation avec la série L et bonnes notes en EPS, Histoire-Géographie. Profil aligné avec l'objectif de Délégué médical."
STD_2026_0067,Rova Ratsimbazafy,18,M,C,"Mathématiques:13.43; Sciences Physiques, Chimiques et Technologie (SPCT):15.46; Français:10.35; Philosophie:13.61; Malagasy:8.57; Histoire-Géographie:10.84; Anglais:10.16; SVT:16.86; EPS:11.31",13.01,"SVT; Sciences Physiques, Chimiques et Technologie (SPCT)",Anglais; Malagasy,Sport d'équipe; Jeux de Stratégie,CAO Mécanique; Automatisme PLC; Résolution de problèmes,Espaces de Coworking / Startup,Concepteur Mécatronique,EMII; TEH; PIP,EMII,Génie Industriel et Génie Civil,79.86,Élevé,"Excellente adéquation avec la série C et bonnes notes en SVT, Sciences Physiques, Chimiques et Technologie (SPCT). Profil aligné avec l'objectif de Concepteur Mécatronique."
STD_2026_0068,Rova Andriantsitohaina,19,F,D,"SVT:15.51; Sciences Physiques, Chimiques et Technologie (SPCT):12.18; Mathématiques:11.53; Français:9.53; Philosophie:10.3; Malagasy:13.46; Histoire-Géographie:8.64; Anglais:13.03; EPS:7.9",11.96,SVT; Malagasy,Histoire-Géographie; EPS,Robotique; Dessin & Design,Métré et devis; Calcul de structures; Résolution de problèmes,Laboratoire & R&D,Architecte collaborateur,GCA; ICMP; IAA,GCA,Génie Industriel et Génie Civil,71.13,Moyen,"Excellente adéquation avec la série D et bonnes notes en SVT, Malagasy. Profil aligné avec l'objectif de Architecte collaborateur."
STD_2026_0069,Sitraka Rakotomalala,16,F,S,Mathématiques:16.28; Sciences Physiques et Chimiques:18.0; SVT / Biologie-Géologie:18.48; Français:14.39; Philosophie:10.83; Malagasy:7.7; Histoire-Géographie:11.62; Anglais:7.37; EPS:13.92,14.85,SVT / Biologie-Géologie; Sciences Physiques et Chimiques,Malagasy; Anglais,Programmation & Code; Lecture & Écriture,Normes QHSE; Génie des procédés; Résolution de problèmes,Espaces de Coworking / Startup,Ingénieur QHSE,ICMP; EMII; ISAIA,ICMP,Génie Industriel et Génie Civil,91.52,Élevé,"Excellente adéquation avec la série S et bonnes notes en SVT / Biologie-Géologie, Sciences Physiques et Chimiques. Profil aligné avec l'objectif de Ingénieur QHSE."
STD_2026_0070,Tojo Razafindrakoto,17,F,G,Mathématiques de gestion:9.87; Gestion / Comptabilité:15.95; Français:11.05; Anglais:11.1; Économie:20.0; Histoire-Géographie:15.78; Philosophie:14.1; EPS:14.88,13.9,Économie; Gestion / Comptabilité,Français; Mathématiques de gestion,Lecture & Écriture; Économie & Bourse,Signal & Traitement; C/C++ embarqué; Résolution de problèmes,Entreprise industrielle,Concepteur Électronique,ESIIA; DTJA; EMII,ESIIA,Informatique et Télécommunication,51.14,Faible,"Excellente adéquation avec la série G et bonnes notes en Économie, Gestion / Comptabilité. Profil aligné avec l'objectif de Concepteur Électronique."
STD_2026_0071,Fitia Andriantsitohaina,17,M,Technique,Mathématiques appliquées:15.51; Physique appliquée / Technologie:18.94; Dessin technique:13.5; Français:7.77; Anglais:10.2; Philosophie:8.91; EPS:9.75,13.54,Physique appliquée / Technologie; Mathématiques appliquées,Philosophie; Français,Jeux de Stratégie; Volontariat,Machine Learning; Algorithmique & Python; Résolution de problèmes,Espaces de Coworking / Startup,Développeur Fullstack,IGGLIA; ESIIA; ISAIA,IGGLIA,Informatique et Télécommunication,72.37,Moyen,"Excellente adéquation avec la série Technique et bonnes notes en Physique appliquée / Technologie, Mathématiques appliquées. Profil aligné avec l'objectif de Développeur Fullstack."
STD_2026_0072,Sitraka Rakotomalala,18,M,A,Philosophie:11.86; Français:13.34; Malagasy:9.4; Histoire-Géographie:14.65; Anglais:12.59; LV2:14.84; Mathématiques:9.59; SVT / Sciences humaines:6.79; EPS:15.01,12.24,EPS; LV2,Malagasy; SVT / Sciences humaines,Musique; Volontariat,UI/UX Design; Développement Web/Mobile; Résolution de problèmes,Sur le terrain / Chantier,Designer UI/UX,IMTICIA; CAA; PIP,IMTICIA,Informatique et Télécommunication,79.69,Élevé,"Excellente adéquation avec la série A et bonnes notes en EPS, LV2. Profil aligné avec l'objectif de Designer UI/UX."
STD_2026_0073,Faly Ramanantsoa,19,M,A1,Philosophie:16.79; Français:14.62; Malagasy:15.1; Histoire-Géographie:14.91; Anglais:10.52; LV2:11.83; Mathématiques:9.14; SVT / Sciences humaines:10.57; EPS:11.9,13.58,Philosophie; Malagasy,Anglais; Mathématiques,Économie & Bourse; Nature & Écologie,Python / R Data; PowerBI & Analytics; Résolution de problèmes,Entreprise industrielle,Data Scientist,ISAIA; TEH; FIC,ISAIA,Informatique et Télécommunication,48.97,Faible,"Excellente adéquation avec la série A1 et bonnes notes en Philosophie, Malagasy. Profil aligné avec l'objectif de Data Scientist."
STD_2026_0074,Hery Rasoanaivo,17,M,A2,Philosophie:14.32; Français:15.53; Malagasy:8.3; Histoire-Géographie:10.39; Anglais:8.11; LV2:11.78; Mathématiques:7.23; SVT / Sciences humaines:4.98; EPS:10.35,10.9,Français; Philosophie,Mathématiques; SVT / Sciences humaines,Sport d'équipe; Volontariat,Écotourisme & Biodiversité; Gestion de projets durables; Résolution de problèmes,Espaces de Coworking / Startup,Responsable Parc Naturel,TEE; GCA; TEH,TEE,Techniques du Tourisme,68.34,Moyen,"Excellente adéquation avec la série A2 et bonnes notes en Français, Philosophie. Profil aligné avec l'objectif de Responsable Parc Naturel."
STD_2026_0075,Faly Rabenjamina,20,M,L,Philosophie:16.24; Français et Littérature:14.65; Anglais:16.89; LV2:11.65; Malagasy:9.85; Histoire-Géographie:12.73; Éducation civique:10.51; Mathématiques:4.85; Arts / options culturelles:12.25; EPS:12.67,13.03,Anglais; Philosophie,Malagasy; Mathématiques,Dessin & Design; Nature & Écologie,Management hôtelier; Gestion événementielle; Résolution de problèmes,Sur le terrain / Chantier,Manager d'Hôtel,TEH; IMTICIA; EMII,TEH,Techniques du Tourisme,79.57,Élevé,"Excellente adéquation avec la série L et bonnes notes en Anglais, Philosophie. Profil aligné avec l'objectif de Manager d'Hôtel."
STD_2026_0076,Mialy Randriamampianina,16,M,C,"Mathématiques:11.4; Sciences Physiques, Chimiques et Technologie (SPCT):13.98; Français:7.75; Philosophie:14.69; Malagasy:16.8; Histoire-Géographie:7.18; Anglais:10.87; SVT:14.72; EPS:10.01",12.08,Malagasy; SVT,Français; Histoire-Géographie,Nature & Écologie; Robotique,Marketing Digital; Techniques de Vente; Résolution de problèmes,Entreprise industrielle,Business Developer,CAA; GCA; IMTICIA,CAA,Techniques des Affaires,73.67,Moyen,"Excellente adéquation avec la série C et bonnes notes en Malagasy, SVT. Profil aligné avec l'objectif de Business Developer."
STD_2026_0077,Hery Rakotomalala,18,F,D,"SVT:15.06; Sciences Physiques, Chimiques et Technologie (SPCT):16.38; Mathématiques:12.75; Français:12.15; Philosophie:11.33; Malagasy:12.8; Histoire-Géographie:7.76; Anglais:10.5; EPS:10.02",13.01,"Sciences Physiques, Chimiques et Technologie (SPCT); SVT",EPS; Histoire-Géographie,Économie & Bourse; Nature & Écologie,Rédaction juridique; Analyse fiscale; Résolution de problèmes,Laboratoire & R&D,Assistant Juridique,DTJA; IAA; IMTICIA,DTJA,Techniques des Affaires,71.38,Moyen,"Excellente adéquation avec la série D et bonnes notes en Sciences Physiques, Chimiques et Technologie (SPCT), SVT. Profil aligné avec l'objectif de Assistant Juridique."
STD_2026_0078,Toky Rasoanaivo,19,M,S,Mathématiques:16.25; Sciences Physiques et Chimiques:14.65; SVT / Biologie-Géologie:11.87; Français:11.91; Philosophie:10.13; Malagasy:12.0; Histoire-Géographie:11.27; Anglais:8.07; EPS:10.58,12.93,Mathématiques; Sciences Physiques et Chimiques,Philosophie; Anglais,Économie & Bourse; Programmation & Code,Gestion des risques; Étude d'impact économique; Résolution de problèmes,Espaces de Coworking / Startup,Analyste Économique,EMP; IAA; EMII,EMP,Techniques des Affaires,76.09,Élevé,"Excellente adéquation avec la série S et bonnes notes en Mathématiques, Sciences Physiques et Chimiques. Profil aligné avec l'objectif de Analyste Économique."
STD_2026_0079,Henintsoa Ramanantsoa,20,M,G,Mathématiques de gestion:12.61; Gestion / Comptabilité:9.58; Français:14.06; Anglais:11.66; Économie:17.44; Histoire-Géographie:9.72; Philosophie:15.62; EPS:10.26,12.56,Économie; Philosophie,Histoire-Géographie; Gestion / Comptabilité,Économie & Bourse; Musique,Contrôle de gestion; Comptabilité générale & analytique; Résolution de problèmes,Laboratoire & R&D,Comptable Senior,FIC; EMII; PIP,FIC,Techniques des Affaires,75.61,Élevé,"Excellente adéquation avec la série G et bonnes notes en Économie, Philosophie. Profil aligné avec l'objectif de Comptable Senior."
STD_2026_0080,Faly Ramanantsoa,17,M,Technique,Mathématiques appliquées:13.91; Physique appliquée / Technologie:8.62; Dessin technique:10.87; Français:11.98; Anglais:10.1; Philosophie:15.91; EPS:14.34,11.75,Philosophie; EPS,Anglais; Physique appliquée / Technologie,Musique; Sport d'équipe,Zootechnie; Agronomie; Résolution de problèmes,Bureau & Télétravail,Responsable d'élevage,AEE; PIP; DTJA,AEE,Biotechnologie et Agronomie,58.56,Moyen,"Excellente adéquation avec la série Technique et bonnes notes en Philosophie, EPS. Profil aligné avec l'objectif de Responsable d'élevage."
STD_2026_0081,Dina Rakotondrabe,18,M,A,Philosophie:17.18; Français:15.24; Malagasy:13.11; Histoire-Géographie:14.34; Anglais:12.59; LV2:12.24; Mathématiques:12.73; SVT / Sciences humaines:10.2; EPS:12.31,13.9,Philosophie; Français,LV2; SVT / Sciences humaines,Dessin & Design; Nature & Écologie,Process agroalimentaires; Contrôle qualité HACCP; Résolution de problèmes,Laboratoire & R&D,Responsable Qualité HACCP,IAA; AEE; TEE,IAA,Biotechnologie et Agronomie,55.92,Moyen,"Excellente adéquation avec la série A et bonnes notes en Philosophie, Français. Profil aligné avec l'objectif de Responsable Qualité HACCP."
STD_2026_0082,Nary Randriamampianina,19,F,A1,Philosophie:17.02; Français:12.96; Malagasy:10.3; Histoire-Géographie:12.52; Anglais:10.76; LV2:16.1; Mathématiques:12.44; SVT / Sciences humaines:6.86; EPS:18.71,13.26,EPS; Philosophie,Malagasy; SVT / Sciences humaines,Sport d'équipe; Économie & Bourse,Pharmacologie; Chimie organique; Résolution de problèmes,Entreprise industrielle,Technicien supérieur en pharmacologie,PIP; GCA; TEH,PIP,Biotechnologie et Agronomie,51.6,Faible,"Excellente adéquation avec la série A1 et bonnes notes en EPS, Philosophie. Profil aligné avec l'objectif de Technicien supérieur en pharmacologie."
STD_2026_0083,Dina Rasoanaivo,21,F,A2,Philosophie:17.55; Français:13.46; Malagasy:10.01; Histoire-Géographie:10.88; Anglais:16.65; LV2:14.11; Mathématiques:6.85; SVT / Sciences humaines:9.6; EPS:10.41,12.98,Philosophie; Anglais,SVT / Sciences humaines; Mathématiques,Lecture & Écriture; Volontariat,Automatisme PLC; Maintenance industrielle; Résolution de problèmes,Laboratoire & R&D,Concepteur Mécatronique,EMII; AEE; ESIIA,EMII,Génie Industriel et Génie Civil,51.33,Faible,"Excellente adéquation avec la série A2 et bonnes notes en Philosophie, Anglais. Profil aligné avec l'objectif de Concepteur Mécatronique."
STD_2026_0084,Andry Rakotondrabe,18,M,L,Philosophie:18.51; Français et Littérature:13.89; Anglais:8.21; LV2:15.88; Malagasy:9.32; Histoire-Géographie:11.68; Éducation civique:10.65; Mathématiques:5.9; Arts / options culturelles:17.15; EPS:9.3,12.73,Philosophie; Arts / options culturelles,Anglais; Mathématiques,Dessin & Design; Jeux de Stratégie,Métré et devis; Conduite de chantier BTP; Résolution de problèmes,Espaces de Coworking / Startup,Chef de chantier BTP,GCA; PIP; FIC,GCA,Génie Industriel et Génie Civil,39.61,Faible,"Excellente adéquation avec la série L et bonnes notes en Philosophie, Arts / options culturelles. Profil aligné avec l'objectif de Chef de chantier BTP."
STD_2026_0085,Vero Rakotondrabe,21,F,C,"Mathématiques:10.65; Sciences Physiques, Chimiques et Technologie (SPCT):13.15; Français:12.15; Philosophie:11.5; Malagasy:12.44; Histoire-Géographie:11.45; Anglais:12.69; SVT:17.47; EPS:11.52",12.47,"SVT; Sciences Physiques, Chimiques et Technologie (SPCT)",Histoire-Géographie; Mathématiques,Jeux de Stratégie; Musique,Raffinage et extraction; Géologie minière; Résolution de problèmes,Laboratoire & R&D,Responsable d'extraction,ICMP; IAA; EMP,ICMP,Génie Industriel et Génie Civil,80.41,Élevé,"Excellente adéquation avec la série C et bonnes notes en SVT, Sciences Physiques, Chimiques et Technologie (SPCT). Profil aligné avec l'objectif de Responsable d'extraction."
STD_2026_0086,Henintsoa Rabenjamina,16,F,D,"SVT:13.12; Sciences Physiques, Chimiques et Technologie (SPCT):16.4; Mathématiques:12.97; Français:12.62; Philosophie:10.57; Malagasy:12.86; Histoire-Géographie:12.51; Anglais:12.92; EPS:15.09",13.49,"Sciences Physiques, Chimiques et Technologie (SPCT); EPS",Histoire-Géographie; Philosophie,Nature & Écologie; Volontariat,Électronique numérique; C/C++ embarqué; Résolution de problèmes,Espaces de Coworking / Startup,Ingénieur Systèmes Embarqués,ESIIA; AEE; IGGLIA,ESIIA,Informatique et Télécommunication,57.44,Moyen,"Excellente adéquation avec la série D et bonnes notes en Sciences Physiques, Chimiques et Technologie (SPCT), EPS. Profil aligné avec l'objectif de Ingénieur Systèmes Embarqués."
STD_2026_0087,Nary Rabenjamina,16,F,S,Mathématiques:15.75; Sciences Physiques et Chimiques:17.07; SVT / Biologie-Géologie:19.78; Français:9.65; Philosophie:13.49; Malagasy:11.27; Histoire-Géographie:14.29; Anglais:11.79; EPS:13.46,15.13,SVT / Biologie-Géologie; Sciences Physiques et Chimiques,Malagasy; Français,Robotique; Volontariat,SQL & Bases de données; Machine Learning; Résolution de problèmes,Bureau & Télétravail,Data Scientist / IA,IGGLIA; DTJA; TEE,IGGLIA,Informatique et Télécommunication,81.83,Élevé,"Excellente adéquation avec la série S et bonnes notes en SVT / Biologie-Géologie, Sciences Physiques et Chimiques. Profil aligné avec l'objectif de Data Scientist / IA."
STD_2026_0088,Mirana Ratsimbazafy,16,F,G,Mathématiques de gestion:10.38; Gestion / Comptabilité:18.86; Français:17.88; Anglais:15.98; Économie:14.71; Histoire-Géographie:13.34; Philosophie:13.37; EPS:14.17,15.21,Gestion / Comptabilité; Français,Histoire-Géographie; Mathématiques de gestion,Dessin & Design; Nature & Écologie,Infographie & 3D; Réseaux informatiques; Résolution de problèmes,Entreprise industrielle,Développeur Web/Mobile,IMTICIA; IAA; ESIIA,IMTICIA,Informatique et Télécommunication,84.0,Élevé,"Excellente adéquation avec la série G et bonnes notes en Gestion / Comptabilité, Français. Profil aligné avec l'objectif de Développeur Web/Mobile."
STD_2026_0089,Vero Randriamampianina,18,F,Technique,Mathématiques appliquées:16.91; Physique appliquée / Technologie:13.64; Dessin technique:9.67; Français:8.81; Anglais:9.99; Philosophie:11.76; EPS:8.66,12.28,Mathématiques appliquées; Physique appliquée / Technologie,Français; EPS,Jeux de Stratégie; Programmation & Code,PowerBI & Analytics; Python / R Data; Résolution de problèmes,Sur le terrain / Chantier,Data Scientist,ISAIA; AEE; CAA,ISAIA,Informatique et Télécommunication,54.09,Faible,"Excellente adéquation avec la série Technique et bonnes notes en Mathématiques appliquées, Physique appliquée / Technologie. Profil aligné avec l'objectif de Data Scientist."
STD_2026_0090,Nary Razafindrakoto,17,F,A,Philosophie:14.26; Français:10.29; Malagasy:14.61; Histoire-Géographie:8.06; Anglais:10.04; LV2:14.36; Mathématiques:7.89; SVT / Sciences humaines:12.26; EPS:14.71,11.88,EPS; Malagasy,Histoire-Géographie; Mathématiques,Volontariat; Programmation & Code,Écotourisme & Biodiversité; Ingénierie touristique; Résolution de problèmes,Espaces de Coworking / Startup,Chef de projet Développement Durable,TEE; EMP; AEE,TEE,Techniques du Tourisme,77.42,Élevé,"Excellente adéquation avec la série A et bonnes notes en EPS, Malagasy. Profil aligné avec l'objectif de Chef de projet Développement Durable."
STD_2026_0091,Andry Rasoanaivo,18,M,A1,Philosophie:13.96; Français:16.91; Malagasy:13.2; Histoire-Géographie:14.28; Anglais:16.31; LV2:13.42; Mathématiques:6.74; SVT / Sciences humaines:6.49; EPS:11.19,13.41,Français; Anglais,Mathématiques; SVT / Sciences humaines,Programmation & Code; Volontariat,Yield Management; Management hôtelier; Résolution de problèmes,Sur le terrain / Chantier,Chef de projet Événementiel,TEH; ISAIA; DTJA,TEH,Techniques du Tourisme,88.75,Élevé,"Excellente adéquation avec la série A1 et bonnes notes en Français, Anglais. Profil aligné avec l'objectif de Chef de projet Événementiel."
STD_2026_0092,Faly Razafindrakoto,18,F,A2,Philosophie:14.14; Français:15.64; Malagasy:18.37; Histoire-Géographie:14.41; Anglais:8.35; LV2:10.66; Mathématiques:8.72; SVT / Sciences humaines:13.43; EPS:13.14,13.33,Malagasy; Français,Mathématiques; Anglais,Dessin & Design; Sport d'équipe,Techniques de Vente; Marketing Digital; Résolution de problèmes,Espaces de Coworking / Startup,Business Developer,CAA; TEE; ICMP,CAA,Techniques des Affaires,71.13,Moyen,"Excellente adéquation avec la série A2 et bonnes notes en Malagasy, Français. Profil aligné avec l'objectif de Business Developer."
STD_2026_0093,Tiana Rajaonarivelo,21,M,L,Philosophie:13.73; Français et Littérature:17.21; Anglais:11.27; LV2:10.49; Malagasy:6.36; Histoire-Géographie:9.5; Éducation civique:16.56; Mathématiques:7.25; Arts / options culturelles:13.5; EPS:10.04,12.0,Français et Littérature; Éducation civique,Mathématiques; Malagasy,Jeux de Stratégie; Économie & Bourse,Analyse fiscale; Droit des contrats; Résolution de problèmes,Bureau & Télétravail,Assistant Juridique,DTJA; IGGLIA; EMP,DTJA,Techniques des Affaires,81.98,Élevé,"Excellente adéquation avec la série L et bonnes notes en Français et Littérature, Éducation civique. Profil aligné avec l'objectif de Assistant Juridique."
STD_2026_0094,Hasina Ratsimbazafy,19,M,C,"Mathématiques:13.2; Sciences Physiques, Chimiques et Technologie (SPCT):13.39; Français:15.12; Philosophie:12.02; Malagasy:8.66; Histoire-Géographie:10.44; Anglais:10.36; SVT:14.84; EPS:11.32",12.7,Français; SVT,Anglais; Malagasy,Dessin & Design; Volontariat,Gestion des risques; Gestion de projet Agile/PMP; Résolution de problèmes,Espaces de Coworking / Startup,Consultant en Organisation,EMP; ISAIA; ESIIA,EMP,Techniques des Affaires,77.93,Élevé,"Excellente adéquation avec la série C et bonnes notes en Français, SVT. Profil aligné avec l'objectif de Consultant en Organisation."
STD_2026_0095,Nary Rakotomalala,20,F,D,"SVT:16.78; Sciences Physiques, Chimiques et Technologie (SPCT):17.32; Mathématiques:17.54; Français:10.88; Philosophie:13.48; Malagasy:11.03; Histoire-Géographie:8.17; Anglais:8.76; EPS:15.95",14.57,"Mathématiques; Sciences Physiques, Chimiques et Technologie (SPCT)",Anglais; Histoire-Géographie,Musique; Économie & Bourse,Audit financier; Comptabilité générale & analytique; Résolution de problèmes,Laboratoire & R&D,Directeur Financier (CFO),FIC; AEE; EMII,FIC,Techniques des Affaires,85.38,Élevé,"Excellente adéquation avec la série D et bonnes notes en Mathématiques, Sciences Physiques, Chimiques et Technologie (SPCT). Profil aligné avec l'objectif de Directeur Financier (CFO)."
STD_2026_0096,Tiana Rajaonarivelo,19,M,S,Mathématiques:13.09; Sciences Physiques et Chimiques:12.29; SVT / Biologie-Géologie:14.17; Français:13.7; Philosophie:14.66; Malagasy:10.05; Histoire-Géographie:9.95; Anglais:9.56; EPS:8.37,12.34,Philosophie; SVT / Biologie-Géologie,Anglais; EPS,Dessin & Design; Jeux de Stratégie,Agronomie; Analyse des sols; Résolution de problèmes,Laboratoire & R&D,Agronome,AEE; ICMP; PIP,AEE,Biotechnologie et Agronomie,77.17,Élevé,"Excellente adéquation avec la série S et bonnes notes en Philosophie, SVT / Biologie-Géologie. Profil aligné avec l'objectif de Agronome."
STD_2026_0097,Sitraka Andriantsitohaina,19,M,G,Mathématiques de gestion:15.59; Gestion / Comptabilité:19.63; Français:10.14; Anglais:15.07; Économie:17.32; Histoire-Géographie:14.47; Philosophie:9.48; EPS:4.87,14.6,Gestion / Comptabilité; Économie,Philosophie; EPS,Nature & Écologie; Musique,Biochimie alimentaire; Microbiologie; Résolution de problèmes,Sur le terrain / Chantier,Responsable Qualité HACCP,IAA; EMP; AEE,IAA,Biotechnologie et Agronomie,59.02,Moyen,"Excellente adéquation avec la série G et bonnes notes en Gestion / Comptabilité, Économie. Profil aligné avec l'objectif de Responsable Qualité HACCP."
STD_2026_0098,Lova Rakotomalala,19,F,Technique,Mathématiques appliquées:17.46; Physique appliquée / Technologie:11.72; Dessin technique:8.91; Français:11.86; Anglais:12.64; Philosophie:10.51; EPS:14.21,12.83,Mathématiques appliquées; EPS,Philosophie; Dessin technique,Dessin & Design; Robotique,Normes GMP/BPF; Analyse en laboratoire; Résolution de problèmes,Entreprise industrielle,Délégué médical,PIP; DTJA; TEE,PIP,Biotechnologie et Agronomie,61.53,Moyen,"Excellente adéquation avec la série Technique et bonnes notes en Mathématiques appliquées, EPS. Profil aligné avec l'objectif de Délégué médical."
STD_2026_0099,Vero Rajaonarivelo,20,M,A,Philosophie:18.19; Français:13.98; Malagasy:9.9; Histoire-Géographie:14.09; Anglais:11.16; LV2:13.43; Mathématiques:8.0; SVT / Sciences humaines:7.89; EPS:9.37,12.7,Philosophie; Histoire-Géographie,Mathématiques; SVT / Sciences humaines,Jeux de Stratégie; Dessin & Design,Automatisme PLC; CAO Mécanique; Résolution de problèmes,Laboratoire & R&D,Automaticien,EMII; ISAIA; EMP,EMII,Génie Industriel et Génie Civil,48.45,Faible,"Excellente adéquation avec la série A et bonnes notes en Philosophie, Histoire-Géographie. Profil aligné avec l'objectif de Automaticien."
STD_2026_0100,Nomena Rabenjamina,21,M,A1,Philosophie:16.56; Français:16.05; Malagasy:11.46; Histoire-Géographie:11.48; Anglais:14.36; LV2:16.34; Mathématiques:7.44; SVT / Sciences humaines:8.05; EPS:9.8,13.25,Philosophie; LV2,SVT / Sciences humaines; Mathématiques,Musique; Économie & Bourse,Métré et devis; Calcul de structures; Résolution de problèmes,Entreprise industrielle,Architecte collaborateur,GCA; EMP; IMTICIA,GCA,Génie Industriel et Génie Civil,44.27,Faible,"Excellente adéquation avec la série A1 et bonnes notes en Philosophie, LV2. Profil aligné avec l'objectif de Architecte collaborateur."
STD_2026_0101,Toky Razafindrakoto,21,F,A2,Philosophie:17.19; Français:16.64; Malagasy:13.71; Histoire-Géographie:16.83; Anglais:9.34; LV2:16.22; Mathématiques:9.78; SVT / Sciences humaines:5.61; EPS:13.52,14.11,Philosophie; Histoire-Géographie,Anglais; SVT / Sciences humaines,Volontariat; Robotique,Raffinage et extraction; Géologie minière; Résolution de problèmes,Entreprise industrielle,Géologue minier,ICMP; IMTICIA; AEE,ICMP,Génie Industriel et Génie Civil,41.03,Faible,"Excellente adéquation avec la série A2 et bonnes notes en Philosophie, Histoire-Géographie. Profil aligné avec l'objectif de Géologue minier."
STD_2026_0102,Faly Rakotomalala,17,F,L,Philosophie:12.66; Français et Littérature:15.87; Anglais:10.26; LV2:18.85; Malagasy:13.69; Histoire-Géographie:14.09; Éducation civique:13.77; Mathématiques:7.04; Arts / options culturelles:16.24; EPS:8.87,13.57,LV2; Arts / options culturelles,EPS; Mathématiques,Sport d'équipe; Lecture & Écriture,Microcontrôleurs IoT; C/C++ embarqué; Résolution de problèmes,Entreprise industrielle,Ingénieur Robotique,ESIIA; TEH; ICMP,ESIIA,Informatique et Télécommunication,40.03,Faible,"Excellente adéquation avec la série L et bonnes notes en LV2, Arts / options culturelles. Profil aligné avec l'objectif de Ingénieur Robotique."
STD_2026_0103,Sitraka Razafindrakoto,16,M,C,"Mathématiques:17.02; Sciences Physiques, Chimiques et Technologie (SPCT):16.29; Français:15.46; Philosophie:12.59; Malagasy:13.24; Histoire-Géographie:11.48; Anglais:16.28; SVT:14.24; EPS:9.55",14.91,"Mathématiques; Sciences Physiques, Chimiques et Technologie (SPCT)",Histoire-Géographie; EPS,Musique; Robotique,Génie Logiciel & Java/Web; SQL & Bases de données; Résolution de problèmes,Espaces de Coworking / Startup,Data Scientist / IA,IGGLIA; EMII; ISAIA,IGGLIA,Informatique et Télécommunication,88.78,Élevé,"Excellente adéquation avec la série C et bonnes notes en Mathématiques, Sciences Physiques, Chimiques et Technologie (SPCT). Profil aligné avec l'objectif de Data Scientist / IA."
STD_2026_0104,Lova Rakotomalala,20,M,D,"SVT:11.86; Sciences Physiques, Chimiques et Technologie (SPCT):16.06; Mathématiques:7.13; Français:11.07; Philosophie:13.0; Malagasy:10.84; Histoire-Géographie:10.03; Anglais:12.88; EPS:14.16",11.8,"Sciences Physiques, Chimiques et Technologie (SPCT); EPS",Histoire-Géographie; Mathématiques,Sport d'équipe; Nature & Écologie,Développement Web/Mobile; UI/UX Design; Résolution de problèmes,Bureau & Télétravail,Administrateur Réseaux & TIC,IMTICIA; AEE; ICMP,IMTICIA,Informatique et Télécommunication,68.81,Moyen,"Excellente adéquation avec la série D et bonnes notes en Sciences Physiques, Chimiques et Technologie (SPCT), EPS. Profil aligné avec l'objectif de Administrateur Réseaux & TIC."
STD_2026_0105,Dina Rakotondrabe,20,F,S,Mathématiques:15.42; Sciences Physiques et Chimiques:16.48; SVT / Biologie-Géologie:15.97; Français:12.01; Philosophie:13.69; Malagasy:10.37; Histoire-Géographie:12.85; Anglais:11.55; EPS:8.43,14.08,Sciences Physiques et Chimiques; SVT / Biologie-Géologie,Malagasy; EPS,Programmation & Code; Robotique,Machine Learning & Deep Learning; Python / R Data; Résolution de problèmes,Laboratoire & R&D,Data Scientist,ISAIA; FIC; TEH,ISAIA,Informatique et Télécommunication,84.57,Élevé,"Excellente adéquation avec la série S et bonnes notes en Sciences Physiques et Chimiques, SVT / Biologie-Géologie. Profil aligné avec l'objectif de Data Scientist."
STD_2026_0106,Mialy Rakotomalala,20,M,G,Mathématiques de gestion:12.52; Gestion / Comptabilité:16.93; Français:11.02; Anglais:14.49; Économie:14.66; Histoire-Géographie:12.42; Philosophie:11.54; EPS:9.43,13.5,Gestion / Comptabilité; Économie,Français; EPS,Jeux de Stratégie; Robotique,Écotourisme & Biodiversité; Gestion de projets durables; Résolution de problèmes,Bureau & Télétravail,Responsable Parc Naturel,TEE; TEH; EMP,TEE,Techniques du Tourisme,73.39,Moyen,"Excellente adéquation avec la série G et bonnes notes en Gestion / Comptabilité, Économie. Profil aligné avec l'objectif de Responsable Parc Naturel."
STD_2026_0107,Andry Rajaonarivelo,20,M,Technique,Mathématiques appliquées:15.62; Physique appliquée / Technologie:11.68; Dessin technique:11.21; Français:10.58; Anglais:12.57; Philosophie:10.98; EPS:11.99,12.46,Mathématiques appliquées; Anglais,Philosophie; Français,Robotique; Nature & Écologie,Yield Management; Gestion événementielle; Résolution de problèmes,Laboratoire & R&D,Directeur de l'Hébergement,TEH; EMP; TEE,TEH,Techniques du Tourisme,48.25,Faible,"Excellente adéquation avec la série Technique et bonnes notes en Mathématiques appliquées, Anglais. Profil aligné avec l'objectif de Directeur de l'Hébergement."
STD_2026_0108,Henintsoa Razafindrakoto,16,F,A,Philosophie:8.61; Français:13.1; Malagasy:10.1; Histoire-Géographie:15.41; Anglais:13.39; LV2:13.19; Mathématiques:5.93; SVT / Sciences humaines:11.38; EPS:10.02,11.5,Histoire-Géographie; Anglais,Philosophie; Mathématiques,Lecture & Écriture; Nature & Écologie,Techniques de Vente; Marketing Digital; Résolution de problèmes,Entreprise industrielle,Chef de Produit Marketing,CAA; TEE; DTJA,CAA,Techniques des Affaires,72.28,Moyen,"Excellente adéquation avec la série A et bonnes notes en Histoire-Géographie, Anglais. Profil aligné avec l'objectif de Chef de Produit Marketing."
STD_2026_0109,Sitraka Rajaonarivelo,18,M,A1,Philosophie:12.32; Français:13.55; Malagasy:10.43; Histoire-Géographie:13.92; Anglais:13.38; LV2:14.56; Mathématiques:9.73; SVT / Sciences humaines:13.54; EPS:7.09,12.38,LV2; Histoire-Géographie,Mathématiques; EPS,Dessin & Design; Économie & Bourse,Conseil d'entreprise; Droit des contrats; Résolution de problèmes,Entreprise industrielle,Gestionnaire de Contrats,DTJA; ICMP; CAA,DTJA,Techniques des Affaires,82.12,Élevé,"Excellente adéquation avec la série A1 et bonnes notes en LV2, Histoire-Géographie. Profil aligné avec l'objectif de Gestionnaire de Contrats."
STD_2026_0110,Nary Rakotondrabe,17,M,A2,Philosophie:11.53; Français:13.5; Malagasy:14.33; Histoire-Géographie:11.48; Anglais:11.88; LV2:12.14; Mathématiques:9.72; SVT / Sciences humaines:13.74; EPS:11.28,12.31,Malagasy; SVT / Sciences humaines,EPS; Mathématiques,Musique; Sport d'équipe,Gestion de projet Agile/PMP; Analyse financière; Résolution de problèmes,Laboratoire & R&D,Analyste Économique,EMP; IMTICIA; AEE,EMP,Techniques des Affaires,72.63,Moyen,"Excellente adéquation avec la série A2 et bonnes notes en Malagasy, SVT / Sciences humaines. Profil aligné avec l'objectif de Analyste Économique."
STD_2026_0111,Toky Ratsimbazafy,18,F,L,Philosophie:11.8; Français et Littérature:15.02; Anglais:18.22; LV2:16.52; Malagasy:9.75; Histoire-Géographie:14.98; Éducation civique:6.84; Mathématiques:8.37; Arts / options culturelles:15.49; EPS:9.82,13.38,Anglais; LV2,Mathématiques; Éducation civique,Jeux de Stratégie; Économie & Bourse,Comptabilité générale & analytique; Contrôle de gestion; Résolution de problèmes,Sur le terrain / Chantier,Contrôleur de Gestion,FIC; ESIIA; EMII,FIC,Techniques des Affaires,49.3,Faible,"Excellente adéquation avec la série L et bonnes notes en Anglais, LV2. Profil aligné avec l'objectif de Contrôleur de Gestion."
STD_2026_0112,Toky Ratsimbazafy,18,M,C,"Mathématiques:13.31; Sciences Physiques, Chimiques et Technologie (SPCT):12.17; Français:11.83; Philosophie:11.86; Malagasy:12.94; Histoire-Géographie:11.77; Anglais:11.04; SVT:18.14; EPS:12.37",12.97,SVT; Mathématiques,Histoire-Géographie; Anglais,Programmation & Code; Dessin & Design,Agronomie; Gestion d'exploitation; Résolution de problèmes,Entreprise industrielle,Chef d'exploitation,AEE; FIC; EMII,AEE,Biotechnologie et Agronomie,82.13,Élevé,"Excellente adéquation avec la série C et bonnes notes en SVT, Mathématiques. Profil aligné avec l'objectif de Chef d'exploitation."
STD_2026_0113,Dina Razafindrakoto,20,F,D,"SVT:11.53; Sciences Physiques, Chimiques et Technologie (SPCT):16.88; Mathématiques:16.81; Français:14.48; Philosophie:9.92; Malagasy:13.71; Histoire-Géographie:12.52; Anglais:11.81; EPS:11.84",13.82,"Sciences Physiques, Chimiques et Technologie (SPCT); Mathématiques",SVT; Philosophie,Jeux de Stratégie; Dessin & Design,Biochimie alimentaire; Microbiologie; Résolution de problèmes,Entreprise industrielle,Biologiste industriel,IAA; FIC; TEE,IAA,Biotechnologie et Agronomie,76.4,Élevé,"Excellente adéquation avec la série D et bonnes notes en Sciences Physiques, Chimiques et Technologie (SPCT), Mathématiques. Profil aligné avec l'objectif de Biologiste industriel."
STD_2026_0114,Andry Rakotondrabe,19,F,S,Mathématiques:11.32; Sciences Physiques et Chimiques:11.52; SVT / Biologie-Géologie:12.82; Français:11.78; Philosophie:7.65; Malagasy:12.6; Histoire-Géographie:12.27; Anglais:9.7; EPS:11.76,11.48,SVT / Biologie-Géologie; Malagasy,Anglais; Philosophie,Sport d'équipe; Jeux de Stratégie,Analyse en laboratoire; Chimie organique; Résolution de problèmes,Entreprise industrielle,Technicien supérieur en pharmacologie,PIP; CAA; FIC,PIP,Biotechnologie et Agronomie,75.83,Élevé,"Excellente adéquation avec la série S et bonnes notes en SVT / Biologie-Géologie, Malagasy. Profil aligné avec l'objectif de Technicien supérieur en pharmacologie."
STD_2026_0115,Toky Ratsimbazafy,20,F,G,Mathématiques de gestion:10.92; Gestion / Comptabilité:16.89; Français:14.38; Anglais:4.07; Économie:16.26; Histoire-Géographie:7.69; Philosophie:9.48; EPS:10.41,12.07,Gestion / Comptabilité; Économie,Histoire-Géographie; Anglais,Robotique; Lecture & Écriture,CAO Mécanique; Maintenance industrielle; Résolution de problèmes,Sur le terrain / Chantier,Automaticien,EMII; IAA; GCA,EMII,Génie Industriel et Génie Civil,39.46,Faible,"Excellente adéquation avec la série G et bonnes notes en Gestion / Comptabilité, Économie. Profil aligné avec l'objectif de Automaticien."
STD_2026_0116,Hery Andriantsitohaina,19,F,Technique,Mathématiques appliquées:14.69; Physique appliquée / Technologie:11.72; Dessin technique:15.86; Français:9.95; Anglais:9.79; Philosophie:9.43; EPS:12.59,12.51,Dessin technique; Mathématiques appliquées,Anglais; Philosophie,Sport d'équipe; Nature & Écologie,AutoCAD/Revit; Calcul de structures; Résolution de problèmes,Laboratoire & R&D,Architecte collaborateur,GCA; TEE; PIP,GCA,Génie Industriel et Génie Civil,90.01,Élevé,"Excellente adéquation avec la série Technique et bonnes notes en Dessin technique, Mathématiques appliquées. Profil aligné avec l'objectif de Architecte collaborateur."
STD_2026_0117,Vero Rasoanaivo,18,M,A,Philosophie:13.21; Français:13.48; Malagasy:14.46; Histoire-Géographie:10.1; Anglais:11.32; LV2:17.05; Mathématiques:9.76; SVT / Sciences humaines:10.1; EPS:9.84,12.54,LV2; Malagasy,EPS; Mathématiques,Sport d'équipe; Nature & Écologie,Normes QHSE; Raffinage et extraction; Résolution de problèmes,Sur le terrain / Chantier,Responsable d'extraction,ICMP; IGGLIA; TEE,ICMP,Génie Industriel et Génie Civil,52.78,Faible,"Excellente adéquation avec la série A et bonnes notes en LV2, Malagasy. Profil aligné avec l'objectif de Responsable d'extraction."
STD_2026_0118,Tojo Rasoanaivo,17,F,A1,Philosophie:17.62; Français:16.56; Malagasy:11.93; Histoire-Géographie:10.6; Anglais:14.08; LV2:13.31; Mathématiques:5.79; SVT / Sciences humaines:13.72; EPS:10.78,13.46,Philosophie; Français,Histoire-Géographie; Mathématiques,Lecture & Écriture; Musique,Microcontrôleurs IoT; C/C++ embarqué; Résolution de problèmes,Laboratoire & R&D,Concepteur Électronique,ESIIA; EMP; GCA,ESIIA,Informatique et Télécommunication,53.03,Faible,"Excellente adéquation avec la série A1 et bonnes notes en Philosophie, Français. Profil aligné avec l'objectif de Concepteur Électronique."
STD_2026_0119,Toky Rajaonarivelo,20,F,A2,Philosophie:7.3; Français:14.92; Malagasy:13.25; Histoire-Géographie:10.48; Anglais:12.07; LV2:17.73; Mathématiques:13.22; SVT / Sciences humaines:11.0; EPS:8.41,12.2,LV2; Français,EPS; Philosophie,Sport d'équipe; Économie & Bourse,Machine Learning; SQL & Bases de données; Résolution de problèmes,Sur le terrain / Chantier,Ingénieur Génie Logiciel,IGGLIA; IMTICIA; IAA,IGGLIA,Informatique et Télécommunication,80.72,Élevé,"Excellente adéquation avec la série A2 et bonnes notes en LV2, Français. Profil aligné avec l'objectif de Ingénieur Génie Logiciel."
STD_2026_0120,Toky Rabenjamina,19,F,L,Philosophie:11.4; Français et Littérature:15.49; Anglais:15.27; LV2:14.01; Malagasy:13.07; Histoire-Géographie:7.83; Éducation civique:12.56; Mathématiques:6.0; Arts / options culturelles:15.52; EPS:10.2,12.59,Arts / options culturelles; Français et Littérature,Histoire-Géographie; Mathématiques,Musique; Programmation & Code,Développement Web/Mobile; Réseaux informatiques; Résolution de problèmes,Sur le terrain / Chantier,Concepteur Multimédia,IMTICIA; PIP; EMP,IMTICIA,Informatique et Télécommunication,80.73,Élevé,"Excellente adéquation avec la série L et bonnes notes en Arts / options culturelles, Français et Littérature. Profil aligné avec l'objectif de Concepteur Multimédia."
STD_2026_0121,Faly Rakotomalala,16,F,C,"Mathématiques:14.7; Sciences Physiques, Chimiques et Technologie (SPCT):18.64; Français:14.97; Philosophie:13.12; Malagasy:11.12; Histoire-Géographie:8.29; Anglais:9.84; SVT:16.99; EPS:15.37",14.69,"Sciences Physiques, Chimiques et Technologie (SPCT); SVT",Anglais; Histoire-Géographie,Musique; Volontariat,Statistiques inférentielles; Python / R Data; Résolution de problèmes,Sur le terrain / Chantier,Consultant Big Data,ISAIA; IGGLIA; TEH,ISAIA,Informatique et Télécommunication,76.76,Élevé,"Excellente adéquation avec la série C et bonnes notes en Sciences Physiques, Chimiques et Technologie (SPCT), SVT. Profil aligné avec l'objectif de Consultant Big Data."
STD_2026_0122,Mialy Ramanantsoa,19,F,D,"SVT:11.97; Sciences Physiques, Chimiques et Technologie (SPCT):17.44; Mathématiques:17.76; Français:12.79; Philosophie:12.79; Malagasy:11.46; Histoire-Géographie:15.63; Anglais:11.5; EPS:9.78",14.09,"Mathématiques; Sciences Physiques, Chimiques et Technologie (SPCT)",Malagasy; EPS,Musique; Sport d'équipe,Ingénierie touristique; Guide & Médiation; Résolution de problèmes,Sur le terrain / Chantier,Responsable Parc Naturel,TEE; IMTICIA; DTJA,TEE,Techniques du Tourisme,77.84,Élevé,"Excellente adéquation avec la série D et bonnes notes en Mathématiques, Sciences Physiques, Chimiques et Technologie (SPCT). Profil aligné avec l'objectif de Responsable Parc Naturel."
STD_2026_0123,Hasina Randriamampianina,18,F,S,Mathématiques:16.54; Sciences Physiques et Chimiques:19.02; SVT / Biologie-Géologie:19.57; Français:8.26; Philosophie:10.68; Malagasy:7.5; Histoire-Géographie:12.62; Anglais:13.42; EPS:9.64,14.85,SVT / Biologie-Géologie; Sciences Physiques et Chimiques,Français; Malagasy,Économie & Bourse; Musique,Gestion événementielle; Management hôtelier; Résolution de problèmes,Laboratoire & R&D,Directeur de l'Hébergement,TEH; GCA; ICMP,TEH,Techniques du Tourisme,47.93,Faible,"Excellente adéquation avec la série S et bonnes notes en SVT / Biologie-Géologie, Sciences Physiques et Chimiques. Profil aligné avec l'objectif de Directeur de l'Hébergement."
STD_2026_0124,Mialy Rakotomalala,19,F,G,Mathématiques de gestion:13.61; Gestion / Comptabilité:14.32; Français:12.42; Anglais:11.3; Économie:13.02; Histoire-Géographie:10.09; Philosophie:12.85; EPS:9.87,12.64,Gestion / Comptabilité; Mathématiques de gestion,Histoire-Géographie; EPS,Volontariat; Nature & Écologie,Negociation internationale; Analyse Marché; Résolution de problèmes,Laboratoire & R&D,Directeur des Ventes,CAA; ESIIA; EMII,CAA,Techniques des Affaires,79.84,Élevé,"Excellente adéquation avec la série G et bonnes notes en Gestion / Comptabilité, Mathématiques de gestion. Profil aligné avec l'objectif de Directeur des Ventes."
STD_2026_0125,Rova Rasoanaivo,19,M,Technique,Mathématiques appliquées:14.32; Physique appliquée / Technologie:16.81; Dessin technique:14.19; Français:3.12; Anglais:7.19; Philosophie:12.5; EPS:9.17,12.22,Physique appliquée / Technologie; Mathématiques appliquées,Anglais; Français,Dessin & Design; Programmation & Code,Analyse fiscale; Droit des contrats; Résolution de problèmes,Sur le terrain / Chantier,Juriste d'Entreprise,DTJA; IMTICIA; IGGLIA,DTJA,Techniques des Affaires,43.87,Faible,"Excellente adéquation avec la série Technique et bonnes notes en Physique appliquée / Technologie, Mathématiques appliquées. Profil aligné avec l'objectif de Juriste d'Entreprise."
STD_2026_0126,Fitia Rakotondrabe,18,M,A,Philosophie:13.99; Français:13.97; Malagasy:14.3; Histoire-Géographie:10.34; Anglais:11.43; LV2:18.07; Mathématiques:10.65; SVT / Sciences humaines:14.46; EPS:12.65,13.41,LV2; SVT / Sciences humaines,Mathématiques; Histoire-Géographie,Robotique; Lecture & Écriture,Gestion des risques; Analyse financière; Résolution de problèmes,Bureau & Télétravail,Chef de Projet,EMP; PIP; CAA,EMP,Techniques des Affaires,74.46,Moyen,"Excellente adéquation avec la série A et bonnes notes en LV2, SVT / Sciences humaines. Profil aligné avec l'objectif de Chef de Projet."
STD_2026_0127,Mirana Rajaonarivelo,17,M,A1,Philosophie:15.78; Français:15.79; Malagasy:15.88; Histoire-Géographie:10.99; Anglais:11.69; LV2:9.98; Mathématiques:7.48; SVT / Sciences humaines:10.11; EPS:10.62,12.89,Malagasy; Français,LV2; Mathématiques,Dessin & Design; Nature & Écologie,Comptabilité générale & analytique; Audit financier; Résolution de problèmes,Laboratoire & R&D,Directeur Financier (CFO),FIC; IMTICIA; GCA,FIC,Techniques des Affaires,48.28,Faible,"Excellente adéquation avec la série A1 et bonnes notes en Malagasy, Français. Profil aligné avec l'objectif de Directeur Financier (CFO)."
STD_2026_0128,Mialy Razafindrakoto,16,F,A2,Philosophie:14.8; Français:12.68; Malagasy:10.84; Histoire-Géographie:7.9; Anglais:9.1; LV2:13.9; Mathématiques:6.1; SVT / Sciences humaines:9.06; EPS:8.23,10.97,Philosophie; LV2,Histoire-Géographie; Mathématiques,Économie & Bourse; Jeux de Stratégie,Analyse des sols; Agronomie; Résolution de problèmes,Laboratoire & R&D,Agronome,AEE; ISAIA; TEH,AEE,Biotechnologie et Agronomie,66.39,Moyen,"Excellente adéquation avec la série A2 et bonnes notes en Philosophie, LV2. Profil aligné avec l'objectif de Agronome."
STD_2026_0129,Tojo Rasoanaivo,16,F,L,Philosophie:14.78; Français et Littérature:13.66; Anglais:5.99; LV2:12.4; Malagasy:9.43; Histoire-Géographie:12.71; Éducation civique:10.3; Mathématiques:4.5; Arts / options culturelles:14.43; EPS:12.22,11.41,Philosophie; Arts / options culturelles,Anglais; Mathématiques,Lecture & Écriture; Sport d'équipe,Biochimie alimentaire; Microbiologie; Résolution de problèmes,Entreprise industrielle,Responsable Qualité HACCP,IAA; ISAIA; IGGLIA,IAA,Biotechnologie et Agronomie,42.46,Faible,"Excellente adéquation avec la série L et bonnes notes en Philosophie, Arts / options culturelles. Profil aligné avec l'objectif de Responsable Qualité HACCP."
STD_2026_0130,Lova Ratsimbazafy,20,F,C,"Mathématiques:15.39; Sciences Physiques, Chimiques et Technologie (SPCT):19.93; Français:9.31; Philosophie:3.43; Malagasy:8.87; Histoire-Géographie:12.95; Anglais:9.37; SVT:11.87; EPS:8.03",12.97,"Sciences Physiques, Chimiques et Technologie (SPCT); Mathématiques",EPS; Philosophie,Sport d'équipe; Lecture & Écriture,Normes GMP/BPF; Analyse en laboratoire; Résolution de problèmes,Bureau & Télétravail,Assistant de recherche galénique,PIP; ESIIA; IMTICIA,PIP,Biotechnologie et Agronomie,78.53,Élevé,"Excellente adéquation avec la série C et bonnes notes en Sciences Physiques, Chimiques et Technologie (SPCT), Mathématiques. Profil aligné avec l'objectif de Assistant de recherche galénique."
STD_2026_0131,Henintsoa Ramanantsoa,17,M,D,"SVT:13.02; Sciences Physiques, Chimiques et Technologie (SPCT):17.28; Mathématiques:14.05; Français:13.04; Philosophie:13.33; Malagasy:9.92; Histoire-Géographie:10.6; Anglais:11.91; EPS:10.48",13.32,"Sciences Physiques, Chimiques et Technologie (SPCT); Mathématiques",EPS; Malagasy,Robotique; Économie & Bourse,CAO Mécanique; Automatisme PLC; Résolution de problèmes,Entreprise industrielle,Concepteur Mécatronique,EMII; EMP; CAA,EMII,Génie Industriel et Génie Civil,77.82,Élevé,"Excellente adéquation avec la série D et bonnes notes en Sciences Physiques, Chimiques et Technologie (SPCT), Mathématiques. Profil aligné avec l'objectif de Concepteur Mécatronique."
STD_2026_0132,Soa Rakotomalala,21,F,S,Mathématiques:13.96; Sciences Physiques et Chimiques:17.87; SVT / Biologie-Géologie:16.02; Français:10.14; Philosophie:14.42; Malagasy:9.7; Histoire-Géographie:14.93; Anglais:13.64; EPS:14.57,14.52,Sciences Physiques et Chimiques; SVT / Biologie-Géologie,Français; Malagasy,Volontariat; Sport d'équipe,Calcul de structures; Conduite de chantier BTP; Résolution de problèmes,Laboratoire & R&D,Conducteur de travaux,GCA; ICMP; DTJA,GCA,Génie Industriel et Génie Civil,94.74,Élevé,"Excellente adéquation avec la série S et bonnes notes en Sciences Physiques et Chimiques, SVT / Biologie-Géologie. Profil aligné avec l'objectif de Conducteur de travaux."
STD_2026_0133,Lova Rakotondrabe,17,M,G,Mathématiques de gestion:13.44; Gestion / Comptabilité:15.23; Français:14.14; Anglais:10.19; Économie:12.5; Histoire-Géographie:13.46; Philosophie:13.18; EPS:10.42,13.1,Gestion / Comptabilité; Français,EPS; Anglais,Économie & Bourse; Programmation & Code,Normes QHSE; Génie des procédés; Résolution de problèmes,Laboratoire & R&D,Ingénieur QHSE,ICMP; TEE; EMP,ICMP,Génie Industriel et Génie Civil,57.78,Moyen,"Excellente adéquation avec la série G et bonnes notes en Gestion / Comptabilité, Français. Profil aligné avec l'objectif de Ingénieur QHSE."
STD_2026_0134,Tojo Rakotondrabe,19,M,Technique,Mathématiques appliquées:13.48; Physique appliquée / Technologie:18.57; Dessin technique:12.25; Français:14.55; Anglais:11.51; Philosophie:8.35; EPS:5.92,13.39,Physique appliquée / Technologie; Français,Philosophie; EPS,Programmation & Code; Jeux de Stratégie,C/C++ embarqué; Microcontrôleurs IoT; Résolution de problèmes,Sur le terrain / Chantier,Concepteur Électronique,ESIIA; AEE; GCA,ESIIA,Informatique et Télécommunication,77.02,Élevé,"Excellente adéquation avec la série Technique et bonnes notes en Physique appliquée / Technologie, Français. Profil aligné avec l'objectif de Concepteur Électronique."
STD_2026_0135,Fitia Razafindrakoto,20,M,A,Philosophie:15.65; Français:17.21; Malagasy:5.99; Histoire-Géographie:12.99; Anglais:13.37; LV2:14.75; Mathématiques:6.79; SVT / Sciences humaines:9.09; EPS:10.35,12.57,Français; Philosophie,Mathématiques; Malagasy,Économie & Bourse; Volontariat,SQL & Bases de données; Machine Learning; Résolution de problèmes,Sur le terrain / Chantier,Architecte SI,IGGLIA; EMII; ISAIA,IGGLIA,Informatique et Télécommunication,78.46,Élevé,"Excellente adéquation avec la série A et bonnes notes en Français, Philosophie. Profil aligné avec l'objectif de Architecte SI."
STD_2026_0136,Mirana Rabenjamina,17,F,A1,Philosophie:19.89; Français:13.49; Malagasy:10.01; Histoire-Géographie:14.25; Anglais:11.87; LV2:15.82; Mathématiques:4.66; SVT / Sciences humaines:8.35; EPS:12.9,13.29,Philosophie; LV2,SVT / Sciences humaines; Mathématiques,Sport d'équipe; Dessin & Design,Réseaux informatiques; UI/UX Design; Résolution de problèmes,Bureau & Télétravail,Designer UI/UX,IMTICIA; ICMP; IAA,IMTICIA,Informatique et Télécommunication,68.06,Moyen,"Excellente adéquation avec la série A1 et bonnes notes en Philosophie, LV2. Profil aligné avec l'objectif de Designer UI/UX."
STD_2026_0137,Tojo Rasoanaivo,20,F,A2,Philosophie:11.79; Français:12.38; Malagasy:10.01; Histoire-Géographie:10.47; Anglais:12.5; LV2:14.67; Mathématiques:9.25; SVT / Sciences humaines:8.18; EPS:13.1,11.64,LV2; EPS,Mathématiques; SVT / Sciences humaines,Économie & Bourse; Dessin & Design,PowerBI & Analytics; Python / R Data; Résolution de problèmes,Bureau & Télétravail,Statisticien Décisionnel,ISAIA; PIP; FIC,ISAIA,Informatique et Télécommunication,47.35,Faible,"Excellente adéquation avec la série A2 et bonnes notes en LV2, EPS. Profil aligné avec l'objectif de Statisticien Décisionnel."
STD_2026_0138,Toky Razafindrakoto,16,F,L,Philosophie:14.03; Français et Littérature:12.04; Anglais:14.52; LV2:13.28; Malagasy:8.01; Histoire-Géographie:10.69; Éducation civique:11.3; Mathématiques:8.33; Arts / options culturelles:16.64; EPS:13.25,12.4,Arts / options culturelles; Anglais,Mathématiques; Malagasy,Lecture & Écriture; Sport d'équipe,Guide & Médiation; Gestion de projets durables; Résolution de problèmes,Laboratoire & R&D,Consultant Écotourisme,TEE; IMTICIA; ESIIA,TEE,Techniques du Tourisme,82.32,Élevé,"Excellente adéquation avec la série L et bonnes notes en Arts / options culturelles, Anglais. Profil aligné avec l'objectif de Consultant Écotourisme."
STD_2026_0139,Mialy Rabenjamina,21,M,C,"Mathématiques:9.7; Sciences Physiques, Chimiques et Technologie (SPCT):13.27; Français:12.88; Philosophie:14.22; Malagasy:11.93; Histoire-Géographie:15.73; Anglais:8.28; SVT:15.8; EPS:10.77",12.26,SVT; Histoire-Géographie,Mathématiques; Anglais,Dessin & Design; Robotique,Management hôtelier; Yield Management; Résolution de problèmes,Espaces de Coworking / Startup,Directeur de l'Hébergement,TEH; TEE; ICMP,TEH,Techniques du Tourisme,50.94,Faible,"Excellente adéquation avec la série C et bonnes notes en SVT, Histoire-Géographie. Profil aligné avec l'objectif de Directeur de l'Hébergement."
STD_2026_0140,Lova Ramanantsoa,19,F,D,"SVT:18.78; Sciences Physiques, Chimiques et Technologie (SPCT):14.12; Mathématiques:12.61; Français:12.64; Philosophie:12.74; Malagasy:10.13; Histoire-Géographie:10.17; Anglais:6.75; EPS:12.76",13.43,"SVT; Sciences Physiques, Chimiques et Technologie (SPCT)",Malagasy; Anglais,Musique; Lecture & Écriture,Techniques de Vente; Negociation internationale; Résolution de problèmes,Entreprise industrielle,Business Developer,CAA; IGGLIA; ESIIA,CAA,Techniques des Affaires,71.69,Moyen,"Excellente adéquation avec la série D et bonnes notes en SVT, Sciences Physiques, Chimiques et Technologie (SPCT). Profil aligné avec l'objectif de Business Developer."
STD_2026_0141,Mirana Ramanantsoa,19,M,S,Mathématiques:15.12; Sciences Physiques et Chimiques:16.08; SVT / Biologie-Géologie:16.74; Français:9.44; Philosophie:8.21; Malagasy:8.61; Histoire-Géographie:10.09; Anglais:15.57; EPS:10.63,13.57,SVT / Biologie-Géologie; Sciences Physiques et Chimiques,Malagasy; Philosophie,Nature & Écologie; Économie & Bourse,Analyse fiscale; Droit des contrats; Résolution de problèmes,Sur le terrain / Chantier,Juriste d'Entreprise,DTJA; CAA; ESIIA,DTJA,Techniques des Affaires,47.97,Faible,"Excellente adéquation avec la série S et bonnes notes en SVT / Biologie-Géologie, Sciences Physiques et Chimiques. Profil aligné avec l'objectif de Juriste d'Entreprise."
STD_2026_0142,Lova Ramanantsoa,19,F,G,Mathématiques de gestion:9.7; Gestion / Comptabilité:15.3; Français:14.77; Anglais:7.41; Économie:11.5; Histoire-Géographie:9.29; Philosophie:9.57; EPS:11.12,11.55,Gestion / Comptabilité; Français,Histoire-Géographie; Anglais,Dessin & Design; Lecture & Écriture,Étude d'impact économique; Gestion de projet Agile/PMP; Résolution de problèmes,Laboratoire & R&D,Chef de Projet,EMP; IAA; AEE,EMP,Techniques des Affaires,69.04,Moyen,"Excellente adéquation avec la série G et bonnes notes en Gestion / Comptabilité, Français. Profil aligné avec l'objectif de Chef de Projet."
STD_2026_0143,Hery Rabenjamina,21,M,Technique,Mathématiques appliquées:16.31; Physique appliquée / Technologie:13.57; Dessin technique:14.34; Français:6.61; Anglais:8.69; Philosophie:11.87; EPS:12.82,12.77,Mathématiques appliquées; Dessin technique,Anglais; Français,Dessin & Design; Musique,Contrôle de gestion; Audit financier; Résolution de problèmes,Sur le terrain / Chantier,Directeur Financier (CFO),FIC; EMP; TEH,FIC,Techniques des Affaires,50.74,Faible,"Excellente adéquation avec la série Technique et bonnes notes en Mathématiques appliquées, Dessin technique. Profil aligné avec l'objectif de Directeur Financier (CFO)."
STD_2026_0144,Hery Rasoanaivo,17,M,A,Philosophie:17.25; Français:11.36; Malagasy:10.9; Histoire-Géographie:9.41; Anglais:14.03; LV2:15.01; Mathématiques:7.16; SVT / Sciences humaines:9.53; EPS:5.64,11.87,Philosophie; LV2,Mathématiques; EPS,Lecture & Écriture; Sport d'équipe,Analyse des sols; Agronomie; Résolution de problèmes,Bureau & Télétravail,Agronome,AEE; ESIIA; DTJA,AEE,Biotechnologie et Agronomie,73.75,Moyen,"Excellente adéquation avec la série A et bonnes notes en Philosophie, LV2. Profil aligné avec l'objectif de Agronome."
STD_2026_0145,Tojo Randriamampianina,19,F,A1,Philosophie:13.81; Français:11.54; Malagasy:17.3; Histoire-Géographie:11.65; Anglais:10.21; LV2:11.4; Mathématiques:11.39; SVT / Sciences humaines:10.96; EPS:14.4,12.7,Malagasy; EPS,SVT / Sciences humaines; Anglais,Nature & Écologie; Programmation & Code,Process agroalimentaires; Microbiologie; Résolution de problèmes,Sur le terrain / Chantier,Responsable Qualité HACCP,IAA; ESIIA; GCA,IAA,Biotechnologie et Agronomie,50.11,Faible,"Excellente adéquation avec la série A1 et bonnes notes en Malagasy, EPS. Profil aligné avec l'objectif de Responsable Qualité HACCP."
STD_2026_0146,Mirana Ramanantsoa,18,F,A2,Philosophie:13.72; Français:14.3; Malagasy:16.81; Histoire-Géographie:12.48; Anglais:13.84; LV2:15.27; Mathématiques:11.14; SVT / Sciences humaines:10.78; EPS:10.02,13.67,Malagasy; LV2,SVT / Sciences humaines; EPS,Musique; Économie & Bourse,Analyse en laboratoire; Pharmacologie; Résolution de problèmes,Espaces de Coworking / Startup,Responsable contrôle qualité labo,PIP; CAA; DTJA,PIP,Biotechnologie et Agronomie,47.48,Faible,"Excellente adéquation avec la série A2 et bonnes notes en Malagasy, LV2. Profil aligné avec l'objectif de Responsable contrôle qualité labo."
STD_2026_0147,Hasina Rasoanaivo,18,F,L,Philosophie:13.91; Français et Littérature:14.68; Anglais:9.2; LV2:14.86; Malagasy:10.02; Histoire-Géographie:11.87; Éducation civique:11.88; Mathématiques:5.62; Arts / options culturelles:15.31; EPS:12.34,12.35,Arts / options culturelles; LV2,Anglais; Mathématiques,Économie & Bourse; Sport d'équipe,Automatisme PLC; Électrotechnique; Résolution de problèmes,Entreprise industrielle,Concepteur Mécatronique,EMII; IGGLIA; TEE,EMII,Génie Industriel et Génie Civil,40.44,Faible,"Excellente adéquation avec la série L et bonnes notes en Arts / options culturelles, LV2. Profil aligné avec l'objectif de Concepteur Mécatronique."
STD_2026_0148,Faly Rajaonarivelo,16,F,C,"Mathématiques:10.88; Sciences Physiques, Chimiques et Technologie (SPCT):14.48; Français:12.51; Philosophie:9.48; Malagasy:12.22; Histoire-Géographie:8.7; Anglais:13.38; SVT:13.67; EPS:8.4",11.93,"Sciences Physiques, Chimiques et Technologie (SPCT); SVT",Histoire-Géographie; EPS,Programmation & Code; Robotique,AutoCAD/Revit; Calcul de structures; Résolution de problèmes,Entreprise industrielle,Ingénieur Génie Civil,GCA; DTJA; PIP,GCA,Génie Industriel et Génie Civil,75.2,Élevé,"Excellente adéquation avec la série C et bonnes notes en Sciences Physiques, Chimiques et Technologie (SPCT), SVT. Profil aligné avec l'objectif de Ingénieur Génie Civil."
STD_2026_0149,Hasina Rabenjamina,17,F,D,"SVT:13.07; Sciences Physiques, Chimiques et Technologie (SPCT):19.97; Mathématiques:15.56; Français:11.6; Philosophie:11.48; Malagasy:5.05; Histoire-Géographie:8.95; Anglais:13.07; EPS:12.79",13.57,"Sciences Physiques, Chimiques et Technologie (SPCT); Mathématiques",Histoire-Géographie; Malagasy,Volontariat; Jeux de Stratégie,Normes QHSE; Raffinage et extraction; Résolution de problèmes,Laboratoire & R&D,Responsable d'extraction,ICMP; IGGLIA; FIC,ICMP,Génie Industriel et Génie Civil,91.73,Élevé,"Excellente adéquation avec la série D et bonnes notes en Sciences Physiques, Chimiques et Technologie (SPCT), Mathématiques. Profil aligné avec l'objectif de Responsable d'extraction."
STD_2026_0150,Nary Rabenjamina,16,M,S,Mathématiques:18.44; Sciences Physiques et Chimiques:13.38; SVT / Biologie-Géologie:12.98; Français:7.26; Philosophie:12.7; Malagasy:9.41; Histoire-Géographie:9.89; Anglais:12.77; EPS:14.2,13.35,Mathématiques; EPS,Malagasy; Français,Économie & Bourse; Lecture & Écriture,Microcontrôleurs IoT; Signal & Traitement; Résolution de problèmes,Sur le terrain / Chantier,Ingénieur Systèmes Embarqués,ESIIA; TEE; IMTICIA,ESIIA,Informatique et Télécommunication,81.48,Élevé,"Excellente adéquation avec la série S et bonnes notes en Mathématiques, EPS. Profil aligné avec l'objectif de Ingénieur Systèmes Embarqués."
STD_2026_0151,Henintsoa Andriantsitohaina,20,M,G,Mathématiques de gestion:13.72; Gestion / Comptabilité:15.61; Français:15.03; Anglais:9.58; Économie:12.32; Histoire-Géographie:10.25; Philosophie:8.65; EPS:8.48,12.58,Gestion / Comptabilité; Français,Philosophie; EPS,Économie & Bourse; Sport d'équipe,Algorithmique & Python; Génie Logiciel & Java/Web; Résolution de problèmes,Espaces de Coworking / Startup,Data Scientist / IA,IGGLIA; ISAIA; IMTICIA,IGGLIA,Informatique et Télécommunication,76.35,Élevé,"Excellente adéquation avec la série G et bonnes notes en Gestion / Comptabilité, Français. Profil aligné avec l'objectif de Data Scientist / IA."
STD_2026_0152,Rova Randriamampianina,19,M,Technique,Mathématiques appliquées:16.2; Physique appliquée / Technologie:15.72; Dessin technique:11.9; Français:9.64; Anglais:10.0; Philosophie:10.17; EPS:11.32,13.12,Mathématiques appliquées; Physique appliquée / Technologie,Anglais; Français,Volontariat; Dessin & Design,Développement Web/Mobile; Infographie & 3D; Résolution de problèmes,Laboratoire & R&D,Concepteur Multimédia,IMTICIA; ICMP; DTJA,IMTICIA,Informatique et Télécommunication,83.6,Élevé,"Excellente adéquation avec la série Technique et bonnes notes en Mathématiques appliquées, Physique appliquée / Technologie. Profil aligné avec l'objectif de Concepteur Multimédia."
STD_2026_0153,Lova Ratsimbazafy,18,M,A,Philosophie:11.87; Français:11.23; Malagasy:12.63; Histoire-Géographie:12.51; Anglais:9.8; LV2:15.76; Mathématiques:8.9; SVT / Sciences humaines:5.32; EPS:9.11,11.31,LV2; Malagasy,Mathématiques; SVT / Sciences humaines,Jeux de Stratégie; Musique,Machine Learning & Deep Learning; Statistiques inférentielles; Résolution de problèmes,Sur le terrain / Chantier,Statisticien Décisionnel,ISAIA; AEE; GCA,ISAIA,Informatique et Télécommunication,45.33,Faible,"Excellente adéquation avec la série A et bonnes notes en LV2, Malagasy. Profil aligné avec l'objectif de Statisticien Décisionnel."
STD_2026_0154,Dina Ramanantsoa,21,M,A1,Philosophie:10.77; Français:14.03; Malagasy:13.67; Histoire-Géographie:11.41; Anglais:11.83; LV2:14.52; Mathématiques:11.34; SVT / Sciences humaines:10.57; EPS:7.75,12.09,LV2; Français,SVT / Sciences humaines; EPS,Économie & Bourse; Lecture & Écriture,Gestion de projets durables; Écotourisme & Biodiversité; Résolution de problèmes,Bureau & Télétravail,Chef de projet Développement Durable,TEE; AEE; FIC,TEE,Techniques du Tourisme,76.69,Élevé,"Excellente adéquation avec la série A1 et bonnes notes en LV2, Français. Profil aligné avec l'objectif de Chef de projet Développement Durable."
STD_2026_0155,Rova Rajaonarivelo,19,M,A2,Philosophie:10.86; Français:10.17; Malagasy:11.06; Histoire-Géographie:14.1; Anglais:15.02; LV2:12.06; Mathématiques:8.34; SVT / Sciences humaines:10.83; EPS:15.37,11.97,EPS; Anglais,Français; Mathématiques,Jeux de Stratégie; Volontariat,Communication interculturelle; Management hôtelier; Résolution de problèmes,Bureau & Télétravail,Responsable d'Agence de Voyage,TEH; EMP; GCA,TEH,Techniques du Tourisme,80.84,Élevé,"Excellente adéquation avec la série A2 et bonnes notes en EPS, Anglais. Profil aligné avec l'objectif de Responsable d'Agence de Voyage."
STD_2026_0156,Vero Ramanantsoa,19,M,L,Philosophie:14.44; Français et Littérature:14.41; Anglais:13.92; LV2:15.09; Malagasy:12.8; Histoire-Géographie:13.32; Éducation civique:11.33; Mathématiques:9.14; Arts / options culturelles:13.37; EPS:7.36,13.16,LV2; Philosophie,Mathématiques; EPS,Robotique; Sport d'équipe,Techniques de Vente; Marketing Digital; Résolution de problèmes,Entreprise industrielle,Business Developer,CAA; TEH; EMP,CAA,Techniques des Affaires,74.45,Moyen,"Excellente adéquation avec la série L et bonnes notes en LV2, Philosophie. Profil aligné avec l'objectif de Business Developer."
STD_2026_0157,Sitraka Rajaonarivelo,21,M,C,"Mathématiques:13.3; Sciences Physiques, Chimiques et Technologie (SPCT):14.25; Français:13.87; Philosophie:14.49; Malagasy:13.87; Histoire-Géographie:6.32; Anglais:11.94; SVT:13.5; EPS:12.12",13.04,"Philosophie; Sciences Physiques, Chimiques et Technologie (SPCT)",Anglais; Histoire-Géographie,Volontariat; Lecture & Écriture,Conseil d'entreprise; Droit des contrats; Résolution de problèmes,Entreprise industrielle,Juriste d'Entreprise,DTJA; CAA; IMTICIA,DTJA,Techniques des Affaires,51.63,Faible,"Excellente adéquation avec la série C et bonnes notes en Philosophie, Sciences Physiques, Chimiques et Technologie (SPCT). Profil aligné avec l'objectif de Juriste d'Entreprise."
STD_2026_0158,Tiana Ramanantsoa,16,M,D,"SVT:13.18; Sciences Physiques, Chimiques et Technologie (SPCT):14.74; Mathématiques:10.62; Français:16.91; Philosophie:12.15; Malagasy:10.13; Histoire-Géographie:10.24; Anglais:11.25; EPS:11.16",12.64,"Français; Sciences Physiques, Chimiques et Technologie (SPCT)",Histoire-Géographie; Malagasy,Robotique; Musique,Analyse financière; Étude d'impact économique; Résolution de problèmes,Espaces de Coworking / Startup,Chef de Projet,EMP; DTJA; FIC,EMP,Techniques des Affaires,74.41,Moyen,"Excellente adéquation avec la série D et bonnes notes en Français, Sciences Physiques, Chimiques et Technologie (SPCT). Profil aligné avec l'objectif de Chef de Projet."
STD_2026_0159,Rova Ramanantsoa,16,M,S,Mathématiques:15.94; Sciences Physiques et Chimiques:14.37; SVT / Biologie-Géologie:19.16; Français:12.68; Philosophie:13.59; Malagasy:12.45; Histoire-Géographie:13.11; Anglais:10.34; EPS:10.84,14.59,SVT / Biologie-Géologie; Mathématiques,EPS; Anglais,Jeux de Stratégie; Dessin & Design,Comptabilité générale & analytique; Audit financier; Résolution de problèmes,Entreprise industrielle,Comptable Senior,FIC; AEE; EMP,FIC,Techniques des Affaires,84.01,Élevé,"Excellente adéquation avec la série S et bonnes notes en SVT / Biologie-Géologie, Mathématiques. Profil aligné avec l'objectif de Comptable Senior."
STD_2026_0160,Tojo Ramanantsoa,18,F,G,Mathématiques de gestion:12.42; Gestion / Comptabilité:12.71; Français:13.06; Anglais:14.12; Économie:20.0; Histoire-Géographie:14.94; Philosophie:11.0; EPS:16.28,14.19,Économie; EPS,Mathématiques de gestion; Philosophie,Sport d'équipe; Lecture & Écriture,Gestion d'exploitation; Analyse des sols; Résolution de problèmes,Laboratoire & R&D,Conseiller agricole,AEE; ICMP; IAA,AEE,Biotechnologie et Agronomie,48.9,Faible,"Excellente adéquation avec la série G et bonnes notes en Économie, EPS. Profil aligné avec l'objectif de Conseiller agricole."
STD_2026_0161,Hasina Rasoanaivo,16,F,Technique,Mathématiques appliquées:14.55; Physique appliquée / Technologie:14.91; Dessin technique:11.75; Français:14.2; Anglais:9.21; Philosophie:10.25; EPS:11.4,12.97,Physique appliquée / Technologie; Mathématiques appliquées,Philosophie; Anglais,Lecture & Écriture; Robotique,Process agroalimentaires; Biochimie alimentaire; Résolution de problèmes,Espaces de Coworking / Startup,Ingénieur Agroalimentaire,IAA; GCA; CAA,IAA,Biotechnologie et Agronomie,71.55,Moyen,"Excellente adéquation avec la série Technique et bonnes notes en Physique appliquée / Technologie, Mathématiques appliquées. Profil aligné avec l'objectif de Ingénieur Agroalimentaire."
STD_2026_0162,Vero Rasoanaivo,18,M,A,Philosophie:16.64; Français:16.3; Malagasy:7.82; Histoire-Géographie:13.58; Anglais:11.89; LV2:16.55; Mathématiques:11.46; SVT / Sciences humaines:13.21; EPS:16.69,13.94,EPS; Philosophie,Mathématiques; Malagasy,Volontariat; Sport d'équipe,Pharmacologie; Chimie organique; Résolution de problèmes,Entreprise industrielle,Délégué médical,PIP; EMP; ISAIA,PIP,Biotechnologie et Agronomie,53.74,Faible,"Excellente adéquation avec la série A et bonnes notes en EPS, Philosophie. Profil aligné avec l'objectif de Délégué médical."
STD_2026_0163,Andry Rajaonarivelo,20,M,A1,Philosophie:12.26; Français:15.63; Malagasy:12.92; Histoire-Géographie:7.91; Anglais:13.89; LV2:16.19; Mathématiques:12.62; SVT / Sciences humaines:11.59; EPS:10.61,12.76,LV2; Français,EPS; Histoire-Géographie,Lecture & Écriture; Dessin & Design,Maintenance industrielle; Électrotechnique; Résolution de problèmes,Sur le terrain / Chantier,Automaticien,EMII; TEH; IAA,EMII,Génie Industriel et Génie Civil,52.89,Faible,"Excellente adéquation avec la série A1 et bonnes notes en LV2, Français. Profil aligné avec l'objectif de Automaticien."
STD_2026_0164,Dina Razafindrakoto,20,M,A2,Philosophie:13.29; Français:18.5; Malagasy:10.4; Histoire-Géographie:8.24; Anglais:9.98; LV2:13.72; Mathématiques:7.61; SVT / Sciences humaines:6.31; EPS:8.53,11.66,Français; LV2,Mathématiques; SVT / Sciences humaines,Sport d'équipe; Économie & Bourse,Calcul de structures; Conduite de chantier BTP; Résolution de problèmes,Sur le terrain / Chantier,Conducteur de travaux,GCA; ESIIA; IMTICIA,GCA,Génie Industriel et Génie Civil,45.75,Faible,"Excellente adéquation avec la série A2 et bonnes notes en Français, LV2. Profil aligné avec l'objectif de Conducteur de travaux."
STD_2026_0165,Sitraka Ramanantsoa,18,F,L,Philosophie:14.35; Français et Littérature:15.39; Anglais:9.87; LV2:16.88; Malagasy:10.24; Histoire-Géographie:11.29; Éducation civique:10.56; Mathématiques:5.35; Arts / options culturelles:12.47; EPS:11.07,12.47,LV2; Français et Littérature,Anglais; Mathématiques,Robotique; Lecture & Écriture,Raffinage et extraction; Génie des procédés; Résolution de problèmes,Bureau & Télétravail,Ingénieur Procédés,ICMP; IGGLIA; PIP,ICMP,Génie Industriel et Génie Civil,28.15,Faible,"Excellente adéquation avec la série L et bonnes notes en LV2, Français et Littérature. Profil aligné avec l'objectif de Ingénieur Procédés."
STD_2026_0166,Hery Rakotomalala,17,F,C,"Mathématiques:15.99; Sciences Physiques, Chimiques et Technologie (SPCT):13.05; Français:12.71; Philosophie:10.15; Malagasy:9.74; Histoire-Géographie:8.28; Anglais:9.36; SVT:16.48; EPS:9.23",12.8,SVT; Mathématiques,EPS; Histoire-Géographie,Nature & Écologie; Dessin & Design,Électronique numérique; C/C++ embarqué; Résolution de problèmes,Sur le terrain / Chantier,Développeur IoT,ESIIA; ICMP; GCA,ESIIA,Informatique et Télécommunication,77.87,Élevé,"Excellente adéquation avec la série C et bonnes notes en SVT, Mathématiques. Profil aligné avec l'objectif de Développeur IoT."
STD_2026_0167,Sitraka Rajaonarivelo,17,M,D,"SVT:15.87; Sciences Physiques, Chimiques et Technologie (SPCT):11.5; Mathématiques:7.54; Français:13.13; Philosophie:13.69; Malagasy:14.55; Histoire-Géographie:11.03; Anglais:11.91; EPS:11.89",12.27,SVT; Malagasy,Histoire-Géographie; Mathématiques,Musique; Économie & Bourse,Génie Logiciel & Java/Web; Algorithmique & Python; Résolution de problèmes,Sur le terrain / Chantier,Architecte SI,IGGLIA; TEH; CAA,IGGLIA,Informatique et Télécommunication,77.24,Élevé,"Excellente adéquation avec la série D et bonnes notes en SVT, Malagasy. Profil aligné avec l'objectif de Architecte SI."
STD_2026_0168,Dina Rabenjamina,18,M,S,Mathématiques:14.31; Sciences Physiques et Chimiques:13.42; SVT / Biologie-Géologie:18.04; Français:12.53; Philosophie:14.38; Malagasy:12.33; Histoire-Géographie:7.31; Anglais:11.85; EPS:12.48,13.72,SVT / Biologie-Géologie; Philosophie,Anglais; Histoire-Géographie,Robotique; Sport d'équipe,Réseaux informatiques; UI/UX Design; Résolution de problèmes,Bureau & Télétravail,Concepteur Multimédia,IMTICIA; ICMP; TEE,IMTICIA,Informatique et Télécommunication,81.33,Élevé,"Excellente adéquation avec la série S et bonnes notes en SVT / Biologie-Géologie, Philosophie. Profil aligné avec l'objectif de Concepteur Multimédia."
STD_2026_0169,Fitia Ratsimbazafy,21,F,G,Mathématiques de gestion:11.55; Gestion / Comptabilité:15.15; Français:8.94; Anglais:13.23; Économie:12.6; Histoire-Géographie:12.82; Philosophie:13.17; EPS:14.54,12.72,Gestion / Comptabilité; EPS,Mathématiques de gestion; Français,Économie & Bourse; Robotique,PowerBI & Analytics; Statistiques inférentielles; Résolution de problèmes,Laboratoire & R&D,Data Analyst,ISAIA; ESIIA; TEH,ISAIA,Informatique et Télécommunication,73.45,Moyen,"Excellente adéquation avec la série G et bonnes notes en Gestion / Comptabilité, EPS. Profil aligné avec l'objectif de Data Analyst."
STD_2026_0170,Fitia Rajaonarivelo,21,F,Technique,Mathématiques appliquées:18.13; Physique appliquée / Technologie:17.6; Dessin technique:11.13; Français:13.03; Anglais:14.5; Philosophie:9.51; EPS:15.69,15.07,Mathématiques appliquées; Physique appliquée / Technologie,Dessin technique; Philosophie,Musique; Robotique,Gestion de projets durables; Guide & Médiation; Résolution de problèmes,Bureau & Télétravail,Responsable Parc Naturel,TEE; ISAIA; ESIIA,TEE,Techniques du Tourisme,58.2,Moyen,"Excellente adéquation avec la série Technique et bonnes notes en Mathématiques appliquées, Physique appliquée / Technologie. Profil aligné avec l'objectif de Responsable Parc Naturel."
STD_2026_0171,Sitraka Andriantsitohaina,16,M,A,Philosophie:14.66; Français:12.92; Malagasy:14.96; Histoire-Géographie:13.84; Anglais:6.62; LV2:13.12; Mathématiques:10.76; SVT / Sciences humaines:6.13; EPS:10.3,12.22,Malagasy; Philosophie,Anglais; SVT / Sciences humaines,Économie & Bourse; Robotique,Communication interculturelle; Management hôtelier; Résolution de problèmes,Espaces de Coworking / Startup,Manager d'Hôtel,TEH; PIP; IMTICIA,TEH,Techniques du Tourisme,79.2,Élevé,"Excellente adéquation avec la série A et bonnes notes en Malagasy, Philosophie. Profil aligné avec l'objectif de Manager d'Hôtel."
STD_2026_0172,Sitraka Rakotomalala,16,M,A1,Philosophie:17.03; Français:13.18; Malagasy:10.6; Histoire-Géographie:13.7; Anglais:13.65; LV2:9.71; Mathématiques:5.53; SVT / Sciences humaines:7.06; EPS:9.35,12.07,Philosophie; Histoire-Géographie,SVT / Sciences humaines; Mathématiques,Programmation & Code; Robotique,Techniques de Vente; Marketing Digital; Résolution de problèmes,Laboratoire & R&D,Chef de Produit Marketing,CAA; TEH; EMII,CAA,Techniques des Affaires,76.31,Élevé,"Excellente adéquation avec la série A1 et bonnes notes en Philosophie, Histoire-Géographie. Profil aligné avec l'objectif de Chef de Produit Marketing."
STD_2026_0173,Henintsoa Razafindrakoto,16,M,A2,Philosophie:15.99; Français:13.68; Malagasy:12.8; Histoire-Géographie:10.57; Anglais:10.85; LV2:15.38; Mathématiques:12.38; SVT / Sciences humaines:4.59; EPS:13.69,12.75,Philosophie; LV2,Histoire-Géographie; SVT / Sciences humaines,Dessin & Design; Sport d'équipe,Droit des contrats; Analyse fiscale; Résolution de problèmes,Entreprise industrielle,Juriste d'Entreprise,DTJA; IAA; EMP,DTJA,Techniques des Affaires,77.44,Élevé,"Excellente adéquation avec la série A2 et bonnes notes en Philosophie, LV2. Profil aligné avec l'objectif de Juriste d'Entreprise."
STD_2026_0174,Lova Rasoanaivo,19,F,L,Philosophie:14.9; Français et Littérature:16.25; Anglais:16.98; LV2:19.2; Malagasy:12.36; Histoire-Géographie:12.35; Éducation civique:14.28; Mathématiques:12.19; Arts / options culturelles:13.6; EPS:8.44,14.74,LV2; Anglais,Mathématiques; EPS,Robotique; Jeux de Stratégie,Étude d'impact économique; Analyse financière; Résolution de problèmes,Entreprise industrielle,Analyste Économique,EMP; TEE; DTJA,EMP,Techniques des Affaires,64.01,Moyen,"Excellente adéquation avec la série L et bonnes notes en LV2, Anglais. Profil aligné avec l'objectif de Analyste Économique."
STD_2026_0175,Dina Ratsimbazafy,21,M,C,"Mathématiques:17.21; Sciences Physiques, Chimiques et Technologie (SPCT):14.72; Français:6.23; Philosophie:12.66; Malagasy:13.57; Histoire-Géographie:12.03; Anglais:13.09; SVT:16.42; EPS:9.39",13.73,Mathématiques; SVT,EPS; Français,Musique; Nature & Écologie,Contrôle de gestion; Gestion de trésorerie; Résolution de problèmes,Espaces de Coworking / Startup,Directeur Financier (CFO),FIC; ICMP; IGGLIA,FIC,Techniques des Affaires,75.5,Élevé,"Excellente adéquation avec la série C et bonnes notes en Mathématiques, SVT. Profil aligné avec l'objectif de Directeur Financier (CFO)."
STD_2026_0176,Soa Rajaonarivelo,20,M,D,"SVT:16.88; Sciences Physiques, Chimiques et Technologie (SPCT):15.23; Mathématiques:9.83; Français:8.61; Philosophie:11.14; Malagasy:9.46; Histoire-Géographie:11.94; Anglais:8.54; EPS:11.54",12.33,"SVT; Sciences Physiques, Chimiques et Technologie (SPCT)",Français; Anglais,Sport d'équipe; Volontariat,Agronomie; Gestion d'exploitation; Résolution de problèmes,Sur le terrain / Chantier,Responsable d'élevage,AEE; FIC; PIP,AEE,Biotechnologie et Agronomie,70.18,Moyen,"Excellente adéquation avec la série D et bonnes notes en SVT, Sciences Physiques, Chimiques et Technologie (SPCT). Profil aligné avec l'objectif de Responsable d'élevage."
STD_2026_0177,Henintsoa Razafindrakoto,19,F,S,Mathématiques:14.47; Sciences Physiques et Chimiques:13.65; SVT / Biologie-Géologie:14.44; Français:13.34; Philosophie:12.17; Malagasy:9.45; Histoire-Géographie:10.18; Anglais:9.6; EPS:7.68,12.7,Mathématiques; SVT / Biologie-Géologie,Malagasy; EPS,Volontariat; Programmation & Code,Contrôle qualité HACCP; Microbiologie; Résolution de problèmes,Sur le terrain / Chantier,Conducteur de ligne de production,IAA; DTJA; CAA,IAA,Biotechnologie et Agronomie,79.07,Élevé,"Excellente adéquation avec la série S et bonnes notes en Mathématiques, SVT / Biologie-Géologie. Profil aligné avec l'objectif de Conducteur de ligne de production."
STD_2026_0178,Sitraka Andriantsitohaina,19,F,G,Mathématiques de gestion:14.35; Gestion / Comptabilité:15.1; Français:15.34; Anglais:5.3; Économie:11.67; Histoire-Géographie:9.71; Philosophie:13.23; EPS:7.42,12.15,Français; Gestion / Comptabilité,EPS; Anglais,Robotique; Lecture & Écriture,Analyse en laboratoire; Pharmacologie; Résolution de problèmes,Espaces de Coworking / Startup,Assistant de recherche galénique,PIP; EMII; TEE,PIP,Biotechnologie et Agronomie,48.59,Faible,"Excellente adéquation avec la série G et bonnes notes en Français, Gestion / Comptabilité. Profil aligné avec l'objectif de Assistant de recherche galénique."
STD_2026_0179,Mirana Rakotomalala,20,F,Technique,Mathématiques appliquées:13.43; Physique appliquée / Technologie:16.02; Dessin technique:15.63; Français:13.66; Anglais:9.39; Philosophie:11.44; EPS:10.38,13.54,Physique appliquée / Technologie; Dessin technique,EPS; Anglais,Jeux de Stratégie; Volontariat,Maintenance industrielle; CAO Mécanique; Résolution de problèmes,Bureau & Télétravail,Concepteur Mécatronique,EMII; TEH; DTJA,EMII,Génie Industriel et Génie Civil,76.61,Élevé,"Excellente adéquation avec la série Technique et bonnes notes en Physique appliquée / Technologie, Dessin technique. Profil aligné avec l'objectif de Concepteur Mécatronique."
STD_2026_0180,Tiana Rakotomalala,19,M,A,Philosophie:14.75; Français:18.63; Malagasy:11.97; Histoire-Géographie:6.7; Anglais:7.31; LV2:17.15; Mathématiques:12.01; SVT / Sciences humaines:7.62; EPS:12.62,12.65,Français; LV2,Anglais; Histoire-Géographie,Nature & Écologie; Dessin & Design,Métré et devis; Conduite de chantier BTP; Résolution de problèmes,Laboratoire & R&D,Architecte collaborateur,GCA; IGGLIA; EMII,GCA,Génie Industriel et Génie Civil,42.12,Faible,"Excellente adéquation avec la série A et bonnes notes en Français, LV2. Profil aligné avec l'objectif de Architecte collaborateur."
STD_2026_0181,Henintsoa Rabenjamina,16,M,A1,Philosophie:15.17; Français:13.69; Malagasy:7.47; Histoire-Géographie:8.51; Anglais:13.57; LV2:13.01; Mathématiques:6.61; SVT / Sciences humaines:12.27; EPS:16.55,11.96,EPS; Philosophie,Malagasy; Mathématiques,Dessin & Design; Lecture & Écriture,Génie des procédés; Normes QHSE; Résolution de problèmes,Sur le terrain / Chantier,Ingénieur Procédés,ICMP; ISAIA; TEH,ICMP,Génie Industriel et Génie Civil,48.18,Faible,"Excellente adéquation avec la série A1 et bonnes notes en EPS, Philosophie. Profil aligné avec l'objectif de Ingénieur Procédés."
STD_2026_0182,Hery Rasoanaivo,16,F,A2,Philosophie:10.71; Français:13.69; Malagasy:13.88; Histoire-Géographie:13.55; Anglais:9.64; LV2:14.8; Mathématiques:8.24; SVT / Sciences humaines:13.81; EPS:13.24,12.5,LV2; Malagasy,Anglais; Mathématiques,Économie & Bourse; Nature & Écologie,C/C++ embarqué; Électronique numérique; Résolution de problèmes,Sur le terrain / Chantier,Ingénieur Systèmes Embarqués,ESIIA; EMP; CAA,ESIIA,Informatique et Télécommunication,45.51,Faible,"Excellente adéquation avec la série A2 et bonnes notes en LV2, Malagasy. Profil aligné avec l'objectif de Ingénieur Systèmes Embarqués."
STD_2026_0183,Kanto Ratsimbazafy,17,M,L,Philosophie:17.55; Français et Littérature:12.72; Anglais:14.6; LV2:11.57; Malagasy:10.95; Histoire-Géographie:11.86; Éducation civique:14.61; Mathématiques:5.54; Arts / options culturelles:17.13; EPS:10.47,13.12,Philosophie; Arts / options culturelles,EPS; Mathématiques,Jeux de Stratégie; Robotique,Génie Logiciel & Java/Web; SQL & Bases de données; Résolution de problèmes,Entreprise industrielle,Architecte SI,IGGLIA; ISAIA; IAA,IGGLIA,Informatique et Télécommunication,43.94,Faible,"Excellente adéquation avec la série L et bonnes notes en Philosophie, Arts / options culturelles. Profil aligné avec l'objectif de Architecte SI."
STD_2026_0184,Henintsoa Rasoanaivo,21,M,C,"Mathématiques:19.45; Sciences Physiques, Chimiques et Technologie (SPCT):17.18; Français:8.38; Philosophie:12.08; Malagasy:9.39; Histoire-Géographie:7.46; Anglais:12.05; SVT:14.74; EPS:15.3",14.52,"Mathématiques; Sciences Physiques, Chimiques et Technologie (SPCT)",Français; Histoire-Géographie,Lecture & Écriture; Robotique,Réseaux informatiques; Développement Web/Mobile; Résolution de problèmes,Bureau & Télétravail,Designer UI/UX,IMTICIA; ESIIA; FIC,IMTICIA,Informatique et Télécommunication,82.37,Élevé,"Excellente adéquation avec la série C et bonnes notes en Mathématiques, Sciences Physiques, Chimiques et Technologie (SPCT). Profil aligné avec l'objectif de Designer UI/UX."
STD_2026_0185,Tojo Ratsimbazafy,21,F,D,"SVT:14.59; Sciences Physiques, Chimiques et Technologie (SPCT):15.84; Mathématiques:7.82; Français:12.86; Philosophie:8.92; Malagasy:11.77; Histoire-Géographie:13.16; Anglais:15.82; EPS:9.98",12.54,"Sciences Physiques, Chimiques et Technologie (SPCT); Anglais",Philosophie; Mathématiques,Jeux de Stratégie; Dessin & Design,PowerBI & Analytics; Statistiques inférentielles; Résolution de problèmes,Laboratoire & R&D,Data Scientist,ISAIA; EMP; GCA,ISAIA,Informatique et Télécommunication,75.99,Élevé,"Excellente adéquation avec la série D et bonnes notes en Sciences Physiques, Chimiques et Technologie (SPCT), Anglais. Profil aligné avec l'objectif de Data Scientist."
STD_2026_0186,Kanto Rakotomalala,21,F,S,Mathématiques:11.68; Sciences Physiques et Chimiques:17.86; SVT / Biologie-Géologie:16.41; Français:16.97; Philosophie:13.36; Malagasy:9.2; Histoire-Géographie:11.92; Anglais:8.58; EPS:9.19,13.75,Sciences Physiques et Chimiques; Français,EPS; Anglais,Programmation & Code; Volontariat,Gestion de projets durables; Guide & Médiation; Résolution de problèmes,Entreprise industrielle,Responsable Parc Naturel,TEE; GCA; ESIIA,TEE,Techniques du Tourisme,81.93,Élevé,"Excellente adéquation avec la série S et bonnes notes en Sciences Physiques et Chimiques, Français. Profil aligné avec l'objectif de Responsable Parc Naturel."
STD_2026_0187,Nary Rakotomalala,19,F,G,Mathématiques de gestion:15.82; Gestion / Comptabilité:17.1; Français:10.38; Anglais:14.24; Économie:10.48; Histoire-Géographie:8.84; Philosophie:11.22; EPS:13.58,13.43,Gestion / Comptabilité; Mathématiques de gestion,Français; Histoire-Géographie,Musique; Dessin & Design,Yield Management; Management hôtelier; Résolution de problèmes,Bureau & Télétravail,Chef de projet Événementiel,TEH; PIP; AEE,TEH,Techniques du Tourisme,82.14,Élevé,"Excellente adéquation avec la série G et bonnes notes en Gestion / Comptabilité, Mathématiques de gestion. Profil aligné avec l'objectif de Chef de projet Événementiel."
STD_2026_0188,Tiana Ratsimbazafy,17,F,Technique,Mathématiques appliquées:12.1; Physique appliquée / Technologie:13.57; Dessin technique:13.56; Français:20.0; Anglais:15.76; Philosophie:11.61; EPS:13.88,14.1,Français; Anglais,Mathématiques appliquées; Philosophie,Lecture & Écriture; Musique,Marketing Digital; Techniques de Vente; Résolution de problèmes,Sur le terrain / Chantier,Responsable Commercial,CAA; GCA; TEE,CAA,Techniques des Affaires,69.98,Moyen,"Excellente adéquation avec la série Technique et bonnes notes en Français, Anglais. Profil aligné avec l'objectif de Responsable Commercial."
STD_2026_0189,Soa Randriamampianina,21,M,A,Philosophie:14.69; Français:15.27; Malagasy:10.13; Histoire-Géographie:9.77; Anglais:12.4; LV2:14.83; Mathématiques:11.34; SVT / Sciences humaines:8.77; EPS:10.24,12.39,Français; LV2,Histoire-Géographie; SVT / Sciences humaines,Jeux de Stratégie; Robotique,Rédaction juridique; Conseil d'entreprise; Résolution de problèmes,Laboratoire & R&D,Consultant Fiscaliste,DTJA; ESIIA; CAA,DTJA,Techniques des Affaires,80.21,Élevé,"Excellente adéquation avec la série A et bonnes notes en Français, LV2. Profil aligné avec l'objectif de Consultant Fiscaliste."
STD_2026_0190,Vero Randriamampianina,18,M,A1,Philosophie:12.09; Français:15.56; Malagasy:13.71; Histoire-Géographie:12.07; Anglais:9.77; LV2:14.9; Mathématiques:8.43; SVT / Sciences humaines:8.16; EPS:7.98,12.15,Français; LV2,SVT / Sciences humaines; EPS,Sport d'équipe; Robotique,Étude d'impact économique; Analyse financière; Résolution de problèmes,Laboratoire & R&D,Scrum Master,EMP; IAA; CAA,EMP,Techniques des Affaires,73.88,Moyen,"Excellente adéquation avec la série A1 et bonnes notes en Français, LV2. Profil aligné avec l'objectif de Scrum Master."
STD_2026_0191,Dina Randriamampianina,20,M,A2,Philosophie:17.28; Français:16.92; Malagasy:12.18; Histoire-Géographie:12.93; Anglais:10.68; LV2:15.15; Mathématiques:10.5; SVT / Sciences humaines:8.03; EPS:9.15,13.44,Philosophie; Français,EPS; SVT / Sciences humaines,Musique; Nature & Écologie,Contrôle de gestion; Comptabilité générale & analytique; Résolution de problèmes,Bureau & Télétravail,Auditeur Financier,FIC; PIP; IAA,FIC,Techniques des Affaires,55.41,Moyen,"Excellente adéquation avec la série A2 et bonnes notes en Philosophie, Français. Profil aligné avec l'objectif de Auditeur Financier."
STD_2026_0192,Andry Ramanantsoa,18,M,L,Philosophie:14.8; Français et Littérature:14.8; Anglais:11.84; LV2:14.79; Malagasy:16.36; Histoire-Géographie:10.59; Éducation civique:12.42; Mathématiques:12.5; Arts / options culturelles:12.92; EPS:9.34,13.43,Malagasy; Philosophie,Histoire-Géographie; EPS,Lecture & Écriture; Robotique,Analyse des sols; Zootechnie; Résolution de problèmes,Laboratoire & R&D,Conseiller agricole,AEE; IMTICIA; IGGLIA,AEE,Biotechnologie et Agronomie,51.42,Faible,"Excellente adéquation avec la série L et bonnes notes en Malagasy, Philosophie. Profil aligné avec l'objectif de Conseiller agricole."
STD_2026_0193,Tiana Rajaonarivelo,20,F,C,"Mathématiques:16.98; Sciences Physiques, Chimiques et Technologie (SPCT):17.46; Français:12.08; Philosophie:7.5; Malagasy:11.16; Histoire-Géographie:16.48; Anglais:9.35; SVT:16.22; EPS:10.16",14.41,"Sciences Physiques, Chimiques et Technologie (SPCT); Mathématiques",Anglais; Philosophie,Volontariat; Économie & Bourse,Biochimie alimentaire; Contrôle qualité HACCP; Résolution de problèmes,Entreprise industrielle,Biologiste industriel,IAA; FIC; IMTICIA,IAA,Biotechnologie et Agronomie,83.8,Élevé,"Excellente adéquation avec la série C et bonnes notes en Sciences Physiques, Chimiques et Technologie (SPCT), Mathématiques. Profil aligné avec l'objectif de Biologiste industriel."
STD_2026_0194,Tiana Ratsimbazafy,21,F,D,"SVT:16.53; Sciences Physiques, Chimiques et Technologie (SPCT):19.58; Mathématiques:12.32; Français:9.61; Philosophie:7.89; Malagasy:12.78; Histoire-Géographie:7.2; Anglais:13.45; EPS:8.61",13.36,"Sciences Physiques, Chimiques et Technologie (SPCT); SVT",Philosophie; Histoire-Géographie,Musique; Dessin & Design,Pharmacologie; Chimie organique; Résolution de problèmes,Espaces de Coworking / Startup,Responsable contrôle qualité labo,PIP; TEE; IMTICIA,PIP,Biotechnologie et Agronomie,81.88,Élevé,"Excellente adéquation avec la série D et bonnes notes en Sciences Physiques, Chimiques et Technologie (SPCT), SVT. Profil aligné avec l'objectif de Responsable contrôle qualité labo."
STD_2026_0195,Hery Rabenjamina,18,F,S,Mathématiques:17.41; Sciences Physiques et Chimiques:15.52; SVT / Biologie-Géologie:10.74; Français:6.52; Philosophie:9.63; Malagasy:14.58; Histoire-Géographie:7.45; Anglais:10.57; EPS:10.79,12.72,Mathématiques; Sciences Physiques et Chimiques,Histoire-Géographie; Français,Musique; Robotique,Automatisme PLC; Maintenance industrielle; Résolution de problèmes,Bureau & Télétravail,Ingénieur Électromécanicien,EMII; EMP; ISAIA,EMII,Génie Industriel et Génie Civil,90.39,Élevé,"Excellente adéquation avec la série S et bonnes notes en Mathématiques, Sciences Physiques et Chimiques. Profil aligné avec l'objectif de Ingénieur Électromécanicien."
STD_2026_0196,Hasina Ratsimbazafy,16,M,G,Mathématiques de gestion:12.69; Gestion / Comptabilité:16.94; Français:9.06; Anglais:11.15; Économie:16.99; Histoire-Géographie:11.1; Philosophie:15.44; EPS:8.47,13.24,Économie; Gestion / Comptabilité,Français; EPS,Lecture & Écriture; Dessin & Design,Conduite de chantier BTP; Calcul de structures; Résolution de problèmes,Espaces de Coworking / Startup,Architecte collaborateur,GCA; DTJA; IGGLIA,GCA,Génie Industriel et Génie Civil,53.84,Faible,"Excellente adéquation avec la série G et bonnes notes en Économie, Gestion / Comptabilité. Profil aligné avec l'objectif de Architecte collaborateur."
STD_2026_0197,Dina Rakotomalala,17,M,Technique,Mathématiques appliquées:20.0; Physique appliquée / Technologie:14.02; Dessin technique:13.05; Français:6.63; Anglais:14.07; Philosophie:11.05; EPS:14.43,14.21,Mathématiques appliquées; EPS,Philosophie; Français,Nature & Écologie; Économie & Bourse,Normes QHSE; Génie des procédés; Résolution de problèmes,Espaces de Coworking / Startup,Ingénieur QHSE,ICMP; FIC; ISAIA,ICMP,Génie Industriel et Génie Civil,96.94,Élevé,"Excellente adéquation avec la série Technique et bonnes notes en Mathématiques appliquées, EPS. Profil aligné avec l'objectif de Ingénieur QHSE."
STD_2026_0198,Fitia Rabenjamina,20,F,A,Philosophie:15.18; Français:17.42; Malagasy:10.63; Histoire-Géographie:13.61; Anglais:11.14; LV2:14.09; Mathématiques:11.4; SVT / Sciences humaines:7.52; EPS:11.24,13.2,Français; Philosophie,Malagasy; SVT / Sciences humaines,Nature & Écologie; Jeux de Stratégie,C/C++ embarqué; Électronique numérique; Résolution de problèmes,Sur le terrain / Chantier,Ingénieur Systèmes Embarqués,ESIIA; EMP; ICMP,ESIIA,Informatique et Télécommunication,55.47,Moyen,"Excellente adéquation avec la série A et bonnes notes en Français, Philosophie. Profil aligné avec l'objectif de Ingénieur Systèmes Embarqués."
STD_2026_0199,Lova Ramanantsoa,21,M,A1,Philosophie:13.83; Français:11.55; Malagasy:11.53; Histoire-Géographie:13.73; Anglais:7.46; LV2:12.2; Mathématiques:8.27; SVT / Sciences humaines:10.37; EPS:10.38,11.5,Philosophie; Histoire-Géographie,Mathématiques; Anglais,Robotique; Volontariat,Algorithmique & Python; Génie Logiciel & Java/Web; Résolution de problèmes,Sur le terrain / Chantier,Ingénieur Génie Logiciel,IGGLIA; IMTICIA; EMII,IGGLIA,Informatique et Télécommunication,61.81,Moyen,"Excellente adéquation avec la série A1 et bonnes notes en Philosophie, Histoire-Géographie. Profil aligné avec l'objectif de Ingénieur Génie Logiciel."
STD_2026_0200,Sitraka Randriamampianina,21,M,A2,Philosophie:13.56; Français:11.91; Malagasy:12.93; Histoire-Géographie:11.8; Anglais:6.24; LV2:12.45; Mathématiques:12.59; SVT / Sciences humaines:12.82; EPS:13.35,11.83,Philosophie; EPS,Histoire-Géographie; Anglais,Nature & Écologie; Programmation & Code,Développement Web/Mobile; UI/UX Design; Résolution de problèmes,Espaces de Coworking / Startup,Administrateur Réseaux & TIC,IMTICIA; GCA; ICMP,IMTICIA,Informatique et Télécommunication,72.58,Moyen,"Excellente adéquation avec la série A2 et bonnes notes en Philosophie, EPS. Profil aligné avec l'objectif de Administrateur Réseaux & TIC."
STD_2026_0201,Lova Randriamampianina,18,F,L,Philosophie:10.56; Français et Littérature:15.12; Anglais:8.16; LV2:11.89; Malagasy:8.72; Histoire-Géographie:11.42; Éducation civique:8.9; Mathématiques:9.84; Arts / options culturelles:15.98; EPS:9.85,11.19,Arts / options culturelles; Français et Littérature,Malagasy; Anglais,Jeux de Stratégie; Volontariat,Python / R Data; PowerBI & Analytics; Résolution de problèmes,Bureau & Télétravail,Consultant Big Data,ISAIA; IMTICIA; AEE,ISAIA,Informatique et Télécommunication,50.49,Faible,"Excellente adéquation avec la série L et bonnes notes en Arts / options culturelles, Français et Littérature. Profil aligné avec l'objectif de Consultant Big Data."
STD_2026_0202,Toky Andriantsitohaina,16,M,C,"Mathématiques:16.31; Sciences Physiques, Chimiques et Technologie (SPCT):16.95; Français:11.03; Philosophie:12.79; Malagasy:16.02; Histoire-Géographie:13.24; Anglais:8.71; SVT:17.66; EPS:13.07",14.81,"SVT; Sciences Physiques, Chimiques et Technologie (SPCT)",Français; Anglais,Musique; Programmation & Code,Gestion de projets durables; Écotourisme & Biodiversité; Résolution de problèmes,Espaces de Coworking / Startup,Chef de projet Développement Durable,TEE; ESIIA; AEE,TEE,Techniques du Tourisme,52.27,Faible,"Excellente adéquation avec la série C et bonnes notes en SVT, Sciences Physiques, Chimiques et Technologie (SPCT). Profil aligné avec l'objectif de Chef de projet Développement Durable."
STD_2026_0203,Andry Ratsimbazafy,19,F,D,"SVT:16.4; Sciences Physiques, Chimiques et Technologie (SPCT):14.7; Mathématiques:19.45; Français:12.16; Philosophie:11.02; Malagasy:11.72; Histoire-Géographie:14.86; Anglais:11.75; EPS:14.47",14.94,Mathématiques; SVT,Malagasy; Philosophie,Nature & Écologie; Programmation & Code,Communication interculturelle; Gestion événementielle; Résolution de problèmes,Laboratoire & R&D,Directeur de l'Hébergement,TEH; IAA; IGGLIA,TEH,Techniques du Tourisme,71.45,Moyen,"Excellente adéquation avec la série D et bonnes notes en Mathématiques, SVT. Profil aligné avec l'objectif de Directeur de l'Hébergement."
STD_2026_0204,Toky Randriamampianina,17,F,S,Mathématiques:15.12; Sciences Physiques et Chimiques:18.09; SVT / Biologie-Géologie:14.23; Français:15.92; Philosophie:12.69; Malagasy:14.88; Histoire-Géographie:10.66; Anglais:10.63; EPS:10.26,14.57,Sciences Physiques et Chimiques; Français,Anglais; EPS,Nature & Écologie; Volontariat,Analyse Marché; Techniques de Vente; Résolution de problèmes,Bureau & Télétravail,Chef de Produit Marketing,CAA; ISAIA; EMP,CAA,Techniques des Affaires,87.96,Élevé,"Excellente adéquation avec la série S et bonnes notes en Sciences Physiques et Chimiques, Français. Profil aligné avec l'objectif de Chef de Produit Marketing."
STD_2026_0205,Vero Ratsimbazafy,21,F,G,Mathématiques de gestion:8.26; Gestion / Comptabilité:14.97; Français:15.15; Anglais:10.75; Économie:17.05; Histoire-Géographie:13.66; Philosophie:10.93; EPS:12.65,13.01,Économie; Français,Anglais; Mathématiques de gestion,Programmation & Code; Musique,Rédaction juridique; Conseil d'entreprise; Résolution de problèmes,Entreprise industrielle,Consultant Fiscaliste,DTJA; ESIIA; IMTICIA,DTJA,Techniques des Affaires,77.04,Élevé,"Excellente adéquation avec la série G et bonnes notes en Économie, Français. Profil aligné avec l'objectif de Consultant Fiscaliste."
STD_2026_0206,Vero Rakotondrabe,18,M,Technique,Mathématiques appliquées:13.84; Physique appliquée / Technologie:15.6; Dessin technique:13.52; Français:11.75; Anglais:13.57; Philosophie:10.38; EPS:14.41,13.7,Physique appliquée / Technologie; EPS,Français; Philosophie,Nature & Écologie; Lecture & Écriture,Analyse financière; Gestion des risques; Résolution de problèmes,Laboratoire & R&D,Analyste Économique,EMP; AEE; GCA,EMP,Techniques des Affaires,57.38,Moyen,"Excellente adéquation avec la série Technique et bonnes notes en Physique appliquée / Technologie, EPS. Profil aligné avec l'objectif de Analyste Économique."
STD_2026_0207,Toky Rajaonarivelo,17,F,A,Philosophie:15.84; Français:18.02; Malagasy:15.34; Histoire-Géographie:11.31; Anglais:9.63; LV2:14.11; Mathématiques:6.44; SVT / Sciences humaines:8.49; EPS:14.81,13.55,Français; Philosophie,SVT / Sciences humaines; Mathématiques,Programmation & Code; Économie & Bourse,Gestion de trésorerie; Audit financier; Résolution de problèmes,Espaces de Coworking / Startup,Contrôleur de Gestion,FIC; IAA; TEE,FIC,Techniques des Affaires,51.06,Faible,"Excellente adéquation avec la série A et bonnes notes en Français, Philosophie. Profil aligné avec l'objectif de Contrôleur de Gestion."
STD_2026_0208,Toky Rasoanaivo,17,M,A1,Philosophie:15.6; Français:16.35; Malagasy:10.71; Histoire-Géographie:10.7; Anglais:6.99; LV2:15.07; Mathématiques:6.07; SVT / Sciences humaines:7.57; EPS:10.54,12.0,Français; Philosophie,Anglais; Mathématiques,Robotique; Musique,Zootechnie; Gestion d'exploitation; Résolution de problèmes,Bureau & Télétravail,Agronome,AEE; EMP; ESIIA,AEE,Biotechnologie et Agronomie,69.7,Moyen,"Excellente adéquation avec la série A1 et bonnes notes en Français, Philosophie. Profil aligné avec l'objectif de Agronome."
STD_2026_0209,Andry Rajaonarivelo,16,M,A2,Philosophie:13.09; Français:11.63; Malagasy:10.82; Histoire-Géographie:13.85; Anglais:14.94; LV2:16.86; Mathématiques:9.36; SVT / Sciences humaines:12.86; EPS:11.3,13.02,LV2; Anglais,Malagasy; Mathématiques,Jeux de Stratégie; Musique,Microbiologie; Process agroalimentaires; Résolution de problèmes,Entreprise industrielle,Ingénieur Agroalimentaire,IAA; ESIIA; TEH,IAA,Biotechnologie et Agronomie,52.22,Faible,"Excellente adéquation avec la série A2 et bonnes notes en LV2, Anglais. Profil aligné avec l'objectif de Ingénieur Agroalimentaire."
STD_2026_0210,Tojo Rasoanaivo,18,F,L,Philosophie:10.88; Français et Littérature:14.2; Anglais:9.43; LV2:17.08; Malagasy:10.14; Histoire-Géographie:11.14; Éducation civique:8.16; Mathématiques:9.65; Arts / options culturelles:12.81; EPS:17.91,12.26,EPS; LV2,Anglais; Éducation civique,Dessin & Design; Programmation & Code,Pharmacologie; Analyse en laboratoire; Résolution de problèmes,Laboratoire & R&D,Technicien supérieur en pharmacologie,PIP; IGGLIA; ESIIA,PIP,Biotechnologie et Agronomie,44.91,Faible,"Excellente adéquation avec la série L et bonnes notes en EPS, LV2. Profil aligné avec l'objectif de Technicien supérieur en pharmacologie."
STD_2026_0211,Tiana Rakotomalala,16,M,C,"Mathématiques:15.96; Sciences Physiques, Chimiques et Technologie (SPCT):14.02; Français:8.87; Philosophie:12.16; Malagasy:14.29; Histoire-Géographie:12.03; Anglais:6.94; SVT:15.85; EPS:9.23",13.08,Mathématiques; SVT,Français; Anglais,Programmation & Code; Économie & Bourse,Automatisme PLC; CAO Mécanique; Résolution de problèmes,Sur le terrain / Chantier,Responsable Maintenance,EMII; AEE; ISAIA,EMII,Génie Industriel et Génie Civil,72.37,Moyen,"Excellente adéquation avec la série C et bonnes notes en Mathématiques, SVT. Profil aligné avec l'objectif de Responsable Maintenance."
STD_2026_0212,Tojo Rasoanaivo,21,M,D,"SVT:16.15; Sciences Physiques, Chimiques et Technologie (SPCT):11.81; Mathématiques:16.53; Français:16.0; Philosophie:15.27; Malagasy:10.87; Histoire-Géographie:13.24; Anglais:12.84; EPS:8.08",14.04,Mathématiques; SVT,Malagasy; EPS,Volontariat; Jeux de Stratégie,Calcul de structures; Conduite de chantier BTP; Résolution de problèmes,Entreprise industrielle,Architecte collaborateur,GCA; FIC; PIP,GCA,Génie Industriel et Génie Civil,89.27,Élevé,"Excellente adéquation avec la série D et bonnes notes en Mathématiques, SVT. Profil aligné avec l'objectif de Architecte collaborateur."
STD_2026_0213,Vero Randriamampianina,19,M,S,Mathématiques:10.22; Sciences Physiques et Chimiques:14.38; SVT / Biologie-Géologie:10.66; Français:12.38; Philosophie:8.16; Malagasy:12.73; Histoire-Géographie:13.65; Anglais:14.58; EPS:8.69,11.74,Anglais; Sciences Physiques et Chimiques,EPS; Philosophie,Dessin & Design; Économie & Bourse,Normes QHSE; Raffinage et extraction; Résolution de problèmes,Entreprise industrielle,Responsable d'extraction,ICMP; CAA; IMTICIA,ICMP,Génie Industriel et Génie Civil,72.71,Moyen,"Excellente adéquation avec la série S et bonnes notes en Anglais, Sciences Physiques et Chimiques. Profil aligné avec l'objectif de Responsable d'extraction."
STD_2026_0214,Mialy Andriantsitohaina,19,F,G,Mathématiques de gestion:14.28; Gestion / Comptabilité:15.59; Français:12.22; Anglais:9.24; Économie:15.33; Histoire-Géographie:8.96; Philosophie:12.3; EPS:9.53,12.89,Gestion / Comptabilité; Économie,Anglais; Histoire-Géographie,Nature & Écologie; Jeux de Stratégie,C/C++ embarqué; Signal & Traitement; Résolution de problèmes,Bureau & Télétravail,Développeur IoT,ESIIA; EMII; GCA,ESIIA,Informatique et Télécommunication,53.88,Faible,"Excellente adéquation avec la série G et bonnes notes en Gestion / Comptabilité, Économie. Profil aligné avec l'objectif de Développeur IoT."
STD_2026_0215,Nary Rasoanaivo,20,M,Technique,Mathématiques appliquées:19.68; Physique appliquée / Technologie:14.96; Dessin technique:11.15; Français:5.99; Anglais:13.61; Philosophie:11.61; EPS:13.42,13.9,Mathématiques appliquées; Physique appliquée / Technologie,Dessin technique; Français,Jeux de Stratégie; Volontariat,Algorithmique & Python; Génie Logiciel & Java/Web; Résolution de problèmes,Laboratoire & R&D,Ingénieur Génie Logiciel,IGGLIA; EMP; ESIIA,IGGLIA,Informatique et Télécommunication,74.57,Moyen,"Excellente adéquation avec la série Technique et bonnes notes en Mathématiques appliquées, Physique appliquée / Technologie. Profil aligné avec l'objectif de Ingénieur Génie Logiciel."
STD_2026_0216,Dina Rakotondrabe,17,F,A,Philosophie:14.83; Français:14.38; Malagasy:13.26; Histoire-Géographie:7.1; Anglais:10.11; LV2:16.7; Mathématiques:8.0; SVT / Sciences humaines:7.16; EPS:12.06,12.08,LV2; Philosophie,SVT / Sciences humaines; Histoire-Géographie,Économie & Bourse; Programmation & Code,UI/UX Design; Réseaux informatiques; Résolution de problèmes,Entreprise industrielle,Designer UI/UX,IMTICIA; ICMP; TEE,IMTICIA,Informatique et Télécommunication,68.82,Moyen,"Excellente adéquation avec la série A et bonnes notes en LV2, Philosophie. Profil aligné avec l'objectif de Designer UI/UX."
STD_2026_0217,Vero Ramanantsoa,17,M,A1,Philosophie:20.0; Français:17.21; Malagasy:11.12; Histoire-Géographie:13.28; Anglais:10.99; LV2:13.7; Mathématiques:11.83; SVT / Sciences humaines:10.57; EPS:13.84,14.34,Philosophie; Français,Anglais; SVT / Sciences humaines,Jeux de Stratégie; Volontariat,Python / R Data; Statistiques inférentielles; Résolution de problèmes,Espaces de Coworking / Startup,Data Scientist,ISAIA; IMTICIA; ESIIA,ISAIA,Informatique et Télécommunication,61.27,Moyen,"Excellente adéquation avec la série A1 et bonnes notes en Philosophie, Français. Profil aligné avec l'objectif de Data Scientist."
STD_2026_0218,Hasina Rajaonarivelo,19,M,A2,Philosophie:9.08; Français:13.61; Malagasy:13.51; Histoire-Géographie:9.59; Anglais:7.87; LV2:12.62; Mathématiques:7.78; SVT / Sciences humaines:14.51; EPS:7.76,10.87,SVT / Sciences humaines; Français,Mathématiques; EPS,Nature & Écologie; Jeux de Stratégie,Écotourisme & Biodiversité; Guide & Médiation; Résolution de problèmes,Espaces de Coworking / Startup,Chef de projet Développement Durable,TEE; PIP; ISAIA,TEE,Techniques du Tourisme,76.18,Élevé,"Excellente adéquation avec la série A2 et bonnes notes en SVT / Sciences humaines, Français. Profil aligné avec l'objectif de Chef de projet Développement Durable."
STD_2026_0219,Fitia Ramanantsoa,20,M,L,Philosophie:15.5; Français et Littérature:14.47; Anglais:14.87; LV2:17.12; Malagasy:10.24; Histoire-Géographie:13.93; Éducation civique:11.45; Mathématiques:11.97; Arts / options culturelles:13.55; EPS:11.73,13.99,LV2; Philosophie,Éducation civique; Malagasy,Jeux de Stratégie; Économie & Bourse,Yield Management; Management hôtelier; Résolution de problèmes,Laboratoire & R&D,Directeur de l'Hébergement,TEH; AEE; FIC,TEH,Techniques du Tourisme,83.59,Élevé,"Excellente adéquation avec la série L et bonnes notes en LV2, Philosophie. Profil aligné avec l'objectif de Directeur de l'Hébergement."
STD_2026_0220,Hery Ratsimbazafy,16,M,C,"Mathématiques:14.96; Sciences Physiques, Chimiques et Technologie (SPCT):14.36; Français:10.2; Philosophie:10.4; Malagasy:12.86; Histoire-Géographie:15.16; Anglais:12.3; SVT:15.81; EPS:15.28",13.82,SVT; EPS,Philosophie; Français,Robotique; Jeux de Stratégie,Negociation internationale; Techniques de Vente; Résolution de problèmes,Laboratoire & R&D,Responsable Commercial,CAA; ISAIA; AEE,CAA,Techniques des Affaires,80.29,Élevé,"Excellente adéquation avec la série C et bonnes notes en SVT, EPS. Profil aligné avec l'objectif de Responsable Commercial."
STD_2026_0221,Fitia Rakotondrabe,16,F,D,"SVT:17.25; Sciences Physiques, Chimiques et Technologie (SPCT):13.45; Mathématiques:16.65; Français:7.37; Philosophie:7.38; Malagasy:9.41; Histoire-Géographie:13.12; Anglais:11.63; EPS:12.68",13.26,SVT; Mathématiques,Philosophie; Français,Économie & Bourse; Programmation & Code,Conseil d'entreprise; Rédaction juridique; Résolution de problèmes,Sur le terrain / Chantier,Gestionnaire de Contrats,DTJA; EMII; IAA,DTJA,Techniques des Affaires,69.39,Moyen,"Excellente adéquation avec la série D et bonnes notes en SVT, Mathématiques. Profil aligné avec l'objectif de Gestionnaire de Contrats."
STD_2026_0222,Tiana Randriamampianina,21,M,S,Mathématiques:19.16; Sciences Physiques et Chimiques:13.25; SVT / Biologie-Géologie:18.09; Français:13.13; Philosophie:10.04; Malagasy:13.21; Histoire-Géographie:9.2; Anglais:9.76; EPS:14.45,14.73,Mathématiques; SVT / Biologie-Géologie,Anglais; Histoire-Géographie,Lecture & Écriture; Sport d'équipe,Gestion de projet Agile/PMP; Gestion des risques; Résolution de problèmes,Laboratoire & R&D,Chef de Projet,EMP; ISAIA; CAA,EMP,Techniques des Affaires,79.52,Élevé,"Excellente adéquation avec la série S et bonnes notes en Mathématiques, SVT / Biologie-Géologie. Profil aligné avec l'objectif de Chef de Projet."
STD_2026_0223,Andry Ramanantsoa,16,F,G,Mathématiques de gestion:17.04; Gestion / Comptabilité:14.27; Français:9.85; Anglais:16.29; Économie:16.22; Histoire-Géographie:10.59; Philosophie:13.12; EPS:6.22,13.8,Mathématiques de gestion; Anglais,Français; EPS,Lecture & Écriture; Volontariat,Gestion de trésorerie; Contrôle de gestion; Résolution de problèmes,Espaces de Coworking / Startup,Contrôleur de Gestion,FIC; PIP; IGGLIA,FIC,Techniques des Affaires,81.44,Élevé,"Excellente adéquation avec la série G et bonnes notes en Mathématiques de gestion, Anglais. Profil aligné avec l'objectif de Contrôleur de Gestion."
STD_2026_0224,Vero Razafindrakoto,17,F,Technique,Mathématiques appliquées:14.9; Physique appliquée / Technologie:17.66; Dessin technique:10.19; Français:10.0; Anglais:11.7; Philosophie:10.5; EPS:13.98,13.47,Physique appliquée / Technologie; Mathématiques appliquées,Dessin technique; Français,Dessin & Design; Musique,Gestion d'exploitation; Zootechnie; Résolution de problèmes,Espaces de Coworking / Startup,Responsable d'élevage,AEE; DTJA; EMII,AEE,Biotechnologie et Agronomie,52.08,Faible,"Excellente adéquation avec la série Technique et bonnes notes en Physique appliquée / Technologie, Mathématiques appliquées. Profil aligné avec l'objectif de Responsable d'élevage."
STD_2026_0225,Rova Rasoanaivo,16,M,A,Philosophie:17.11; Français:11.41; Malagasy:9.71; Histoire-Géographie:13.31; Anglais:9.34; LV2:15.76; Mathématiques:8.88; SVT / Sciences humaines:7.04; EPS:8.87,11.99,Philosophie; LV2,EPS; SVT / Sciences humaines,Robotique; Jeux de Stratégie,Biochimie alimentaire; Microbiologie; Résolution de problèmes,Espaces de Coworking / Startup,Biologiste industriel,IAA; FIC; TEE,IAA,Biotechnologie et Agronomie,51.81,Faible,"Excellente adéquation avec la série A et bonnes notes en Philosophie, LV2. Profil aligné avec l'objectif de Biologiste industriel."
STD_2026_0226,Rova Ratsimbazafy,21,M,A1,Philosophie:14.3; Français:17.25; Malagasy:10.7; Histoire-Géographie:9.76; Anglais:6.57; LV2:10.81; Mathématiques:9.21; SVT / Sciences humaines:9.17; EPS:11.97,11.75,Français; Philosophie,SVT / Sciences humaines; Anglais,Jeux de Stratégie; Volontariat,Chimie organique; Analyse en laboratoire; Résolution de problèmes,Sur le terrain / Chantier,Responsable contrôle qualité labo,PIP; FIC; IGGLIA,PIP,Biotechnologie et Agronomie,43.37,Faible,"Excellente adéquation avec la série A1 et bonnes notes en Français, Philosophie. Profil aligné avec l'objectif de Responsable contrôle qualité labo."
STD_2026_0227,Lova Rakotondrabe,21,F,A2,Philosophie:16.02; Français:14.56; Malagasy:10.37; Histoire-Géographie:11.56; Anglais:11.89; LV2:11.93; Mathématiques:7.21; SVT / Sciences humaines:10.53; EPS:10.09,12.24,Philosophie; Français,EPS; Mathématiques,Dessin & Design; Volontariat,Électrotechnique; CAO Mécanique; Résolution de problèmes,Laboratoire & R&D,Automaticien,EMII; ISAIA; IAA,EMII,Génie Industriel et Génie Civil,45.44,Faible,"Excellente adéquation avec la série A2 et bonnes notes en Philosophie, Français. Profil aligné avec l'objectif de Automaticien."
STD_2026_0228,Nomena Andriantsitohaina,19,F,L,Philosophie:13.96; Français et Littérature:13.48; Anglais:15.37; LV2:16.06; Malagasy:14.8; Histoire-Géographie:11.65; Éducation civique:12.62; Mathématiques:8.91; Arts / options culturelles:14.2; EPS:11.46,13.65,LV2; Anglais,EPS; Mathématiques,Nature & Écologie; Musique,Conduite de chantier BTP; AutoCAD/Revit; Résolution de problèmes,Laboratoire & R&D,Conducteur de travaux,GCA; ESIIA; FIC,GCA,Génie Industriel et Génie Civil,39.79,Faible,"Excellente adéquation avec la série L et bonnes notes en LV2, Anglais. Profil aligné avec l'objectif de Conducteur de travaux."
STD_2026_0229,Dina Ramanantsoa,17,F,C,"Mathématiques:19.31; Sciences Physiques, Chimiques et Technologie (SPCT):11.37; Français:12.63; Philosophie:13.56; Malagasy:9.31; Histoire-Géographie:11.39; Anglais:11.33; SVT:11.14; EPS:6.95",13.1,Mathématiques; Philosophie,Malagasy; EPS,Programmation & Code; Économie & Bourse,Raffinage et extraction; Génie des procédés; Résolution de problèmes,Sur le terrain / Chantier,Responsable d'extraction,ICMP; IGGLIA; CAA,ICMP,Génie Industriel et Génie Civil,79.96,Élevé,"Excellente adéquation avec la série C et bonnes notes en Mathématiques, Philosophie. Profil aligné avec l'objectif de Responsable d'extraction."
STD_2026_0230,Fitia Rajaonarivelo,18,F,D,"SVT:18.21; Sciences Physiques, Chimiques et Technologie (SPCT):16.34; Mathématiques:15.87; Français:14.25; Philosophie:13.95; Malagasy:11.6; Histoire-Géographie:13.22; Anglais:11.58; EPS:7.83",14.81,"SVT; Sciences Physiques, Chimiques et Technologie (SPCT)",Anglais; EPS,Programmation & Code; Dessin & Design,Électronique numérique; Microcontrôleurs IoT; Résolution de problèmes,Bureau & Télétravail,Ingénieur Robotique,ESIIA; EMII; CAA,ESIIA,Informatique et Télécommunication,62.5,Moyen,"Excellente adéquation avec la série D et bonnes notes en SVT, Sciences Physiques, Chimiques et Technologie (SPCT). Profil aligné avec l'objectif de Ingénieur Robotique."
STD_2026_0231,Hasina Andriantsitohaina,19,M,S,Mathématiques:11.89; Sciences Physiques et Chimiques:15.21; SVT / Biologie-Géologie:16.22; Français:12.42; Philosophie:12.07; Malagasy:11.15; Histoire-Géographie:5.63; Anglais:11.46; EPS:10.26,12.71,SVT / Biologie-Géologie; Sciences Physiques et Chimiques,EPS; Histoire-Géographie,Jeux de Stratégie; Programmation & Code,SQL & Bases de données; Algorithmique & Python; Résolution de problèmes,Sur le terrain / Chantier,Ingénieur Génie Logiciel,IGGLIA; EMP; ESIIA,IGGLIA,Informatique et Télécommunication,71.81,Moyen,"Excellente adéquation avec la série S et bonnes notes en SVT / Biologie-Géologie, Sciences Physiques et Chimiques. Profil aligné avec l'objectif de Ingénieur Génie Logiciel."
STD_2026_0232,Tojo Rasoanaivo,21,M,G,Mathématiques de gestion:17.55; Gestion / Comptabilité:13.75; Français:10.25; Anglais:12.78; Économie:15.42; Histoire-Géographie:15.41; Philosophie:11.42; EPS:6.85,13.5,Mathématiques de gestion; Économie,Français; EPS,Musique; Nature & Écologie,Réseaux informatiques; UI/UX Design; Résolution de problèmes,Bureau & Télétravail,Administrateur Réseaux & TIC,IMTICIA; PIP; EMP,IMTICIA,Informatique et Télécommunication,81.35,Élevé,"Excellente adéquation avec la série G et bonnes notes en Mathématiques de gestion, Économie. Profil aligné avec l'objectif de Administrateur Réseaux & TIC."
STD_2026_0233,Vero Randriamampianina,18,M,Technique,Mathématiques appliquées:14.55; Physique appliquée / Technologie:12.0; Dessin technique:13.31; Français:12.77; Anglais:12.79; Philosophie:6.66; EPS:17.0,12.94,EPS; Mathématiques appliquées,Physique appliquée / Technologie; Philosophie,Nature & Écologie; Musique,Python / R Data; Machine Learning & Deep Learning; Résolution de problèmes,Laboratoire & R&D,Data Scientist,ISAIA; IGGLIA; CAA,ISAIA,Informatique et Télécommunication,58.45,Moyen,"Excellente adéquation avec la série Technique et bonnes notes en EPS, Mathématiques appliquées. Profil aligné avec l'objectif de Data Scientist."
STD_2026_0234,Lova Andriantsitohaina,16,M,A,Philosophie:18.1; Français:14.05; Malagasy:5.99; Histoire-Géographie:7.84; Anglais:9.72; LV2:12.68; Mathématiques:10.81; SVT / Sciences humaines:9.89; EPS:7.69,11.34,Philosophie; Français,EPS; Malagasy,Dessin & Design; Jeux de Stratégie,Ingénierie touristique; Écotourisme & Biodiversité; Résolution de problèmes,Bureau & Télétravail,Responsable Parc Naturel,TEE; GCA; TEH,TEE,Techniques du Tourisme,72.83,Moyen,"Excellente adéquation avec la série A et bonnes notes en Philosophie, Français. Profil aligné avec l'objectif de Responsable Parc Naturel."
STD_2026_0235,Dina Rakotomalala,16,F,A1,Philosophie:19.54; Français:16.63; Malagasy:11.95; Histoire-Géographie:9.97; Anglais:11.69; LV2:14.04; Mathématiques:6.09; SVT / Sciences humaines:8.43; EPS:12.6,13.33,Philosophie; Français,SVT / Sciences humaines; Mathématiques,Sport d'équipe; Volontariat,Management hôtelier; Yield Management; Résolution de problèmes,Bureau & Télétravail,Manager d'Hôtel,TEH; PIP; EMP,TEH,Techniques du Tourisme,76.04,Élevé,"Excellente adéquation avec la série A1 et bonnes notes en Philosophie, Français. Profil aligné avec l'objectif de Manager d'Hôtel."
STD_2026_0236,Hery Rasoanaivo,18,M,A2,Philosophie:17.36; Français:13.5; Malagasy:12.25; Histoire-Géographie:7.91; Anglais:8.41; LV2:15.61; Mathématiques:7.97; SVT / Sciences humaines:6.64; EPS:13.82,12.12,Philosophie; LV2,Histoire-Géographie; SVT / Sciences humaines,Sport d'équipe; Volontariat,Techniques de Vente; Negociation internationale; Résolution de problèmes,Bureau & Télétravail,Responsable Commercial,CAA; TEE; EMP,CAA,Techniques des Affaires,69.63,Moyen,"Excellente adéquation avec la série A2 et bonnes notes en Philosophie, LV2. Profil aligné avec l'objectif de Responsable Commercial."
STD_2026_0237,Tiana Rabenjamina,19,M,L,Philosophie:13.57; Français et Littérature:14.29; Anglais:10.61; LV2:6.35; Malagasy:10.96; Histoire-Géographie:9.96; Éducation civique:8.96; Mathématiques:11.63; Arts / options culturelles:15.96; EPS:8.42,11.24,Arts / options culturelles; Français et Littérature,EPS; LV2,Jeux de Stratégie; Volontariat,Rédaction juridique; Analyse fiscale; Résolution de problèmes,Bureau & Télétravail,Consultant Fiscaliste,DTJA; IAA; GCA,DTJA,Techniques des Affaires,72.92,Moyen,"Excellente adéquation avec la série L et bonnes notes en Arts / options culturelles, Français et Littérature. Profil aligné avec l'objectif de Consultant Fiscaliste."
STD_2026_0238,Toky Rakotomalala,18,F,C,"Mathématiques:17.64; Sciences Physiques, Chimiques et Technologie (SPCT):16.91; Français:12.81; Philosophie:9.67; Malagasy:10.61; Histoire-Géographie:11.35; Anglais:12.63; SVT:17.09; EPS:12.15",14.74,Mathématiques; SVT,Malagasy; Philosophie,Sport d'équipe; Volontariat,Gestion des risques; Analyse financière; Résolution de problèmes,Laboratoire & R&D,Consultant en Organisation,EMP; GCA; AEE,EMP,Techniques des Affaires,83.1,Élevé,"Excellente adéquation avec la série C et bonnes notes en Mathématiques, SVT. Profil aligné avec l'objectif de Consultant en Organisation."
STD_2026_0239,Andry Ratsimbazafy,21,M,D,"SVT:14.11; Sciences Physiques, Chimiques et Technologie (SPCT):13.32; Mathématiques:18.14; Français:13.92; Philosophie:10.67; Malagasy:11.08; Histoire-Géographie:12.5; Anglais:15.05; EPS:13.44",14.11,Mathématiques; Anglais,Malagasy; Philosophie,Programmation & Code; Robotique,Contrôle de gestion; Gestion de trésorerie; Résolution de problèmes,Entreprise industrielle,Directeur Financier (CFO),FIC; CAA; DTJA,FIC,Techniques des Affaires,89.79,Élevé,"Excellente adéquation avec la série D et bonnes notes en Mathématiques, Anglais. Profil aligné avec l'objectif de Directeur Financier (CFO)."
STD_2026_0240,Nary Rabenjamina,20,M,S,Mathématiques:15.37; Sciences Physiques et Chimiques:9.95; SVT / Biologie-Géologie:10.96; Français:9.14; Philosophie:6.9; Malagasy:9.73; Histoire-Géographie:11.24; Anglais:15.76; EPS:13.67,11.75,Anglais; Mathématiques,Français; Philosophie,Jeux de Stratégie; Musique,Gestion d'exploitation; Agronomie; Résolution de problèmes,Bureau & Télétravail,Chef d'exploitation,AEE; PIP; ESIIA,AEE,Biotechnologie et Agronomie,69.33,Moyen,"Excellente adéquation avec la série S et bonnes notes en Anglais, Mathématiques. Profil aligné avec l'objectif de Chef d'exploitation."
STD_2026_0241,Andry Rakotomalala,19,F,G,Mathématiques de gestion:13.6; Gestion / Comptabilité:15.14; Français:12.64; Anglais:9.15; Économie:18.74; Histoire-Géographie:11.23; Philosophie:11.69; EPS:10.0,13.34,Économie; Gestion / Comptabilité,EPS; Anglais,Sport d'équipe; Volontariat,Contrôle qualité HACCP; Microbiologie; Résolution de problèmes,Sur le terrain / Chantier,Ingénieur Agroalimentaire,IAA; FIC; IMTICIA,IAA,Biotechnologie et Agronomie,52.23,Faible,"Excellente adéquation avec la série G et bonnes notes en Économie, Gestion / Comptabilité. Profil aligné avec l'objectif de Ingénieur Agroalimentaire."
STD_2026_0242,Soa Rabenjamina,16,M,Technique,Mathématiques appliquées:12.25; Physique appliquée / Technologie:17.54; Dessin technique:12.7; Français:10.64; Anglais:12.4; Philosophie:14.21; EPS:10.5,13.39,Physique appliquée / Technologie; Philosophie,Français; EPS,Jeux de Stratégie; Musique,Normes GMP/BPF; Analyse en laboratoire; Résolution de problèmes,Espaces de Coworking / Startup,Responsable contrôle qualité labo,PIP; ESIIA; DTJA,PIP,Biotechnologie et Agronomie,49.26,Faible,"Excellente adéquation avec la série Technique et bonnes notes en Physique appliquée / Technologie, Philosophie. Profil aligné avec l'objectif de Responsable contrôle qualité labo."
STD_2026_0243,Faly Ratsimbazafy,20,M,A,Philosophie:14.29; Français:12.91; Malagasy:11.26; Histoire-Géographie:12.71; Anglais:11.17; LV2:18.37; Mathématiques:7.67; SVT / Sciences humaines:7.21; EPS:7.19,12.15,LV2; Philosophie,SVT / Sciences humaines; EPS,Robotique; Sport d'équipe,Électrotechnique; Automatisme PLC; Résolution de problèmes,Bureau & Télétravail,Automaticien,EMII; GCA; IAA,EMII,Génie Industriel et Génie Civil,45.12,Faible,"Excellente adéquation avec la série A et bonnes notes en LV2, Philosophie. Profil aligné avec l'objectif de Automaticien."
STD_2026_0244,Nomena Randriamampianina,18,F,A1,Philosophie:18.19; Français:13.12; Malagasy:11.6; Histoire-Géographie:16.81; Anglais:11.53; LV2:14.57; Mathématiques:7.82; SVT / Sciences humaines:7.64; EPS:11.05,13.38,Philosophie; Histoire-Géographie,Mathématiques; SVT / Sciences humaines,Volontariat; Robotique,Conduite de chantier BTP; Calcul de structures; Résolution de problèmes,Bureau & Télétravail,Chef de chantier BTP,GCA; IMTICIA; ESIIA,GCA,Génie Industriel et Génie Civil,55.32,Moyen,"Excellente adéquation avec la série A1 et bonnes notes en Philosophie, Histoire-Géographie. Profil aligné avec l'objectif de Chef de chantier BTP."
STD_2026_0245,Mirana Randriamampianina,16,M,A2,Philosophie:9.78; Français:11.65; Malagasy:10.58; Histoire-Géographie:10.16; Anglais:9.9; LV2:9.03; Mathématiques:11.8; SVT / Sciences humaines:10.93; EPS:9.29,10.31,Mathématiques; Français,EPS; LV2,Lecture & Écriture; Sport d'équipe,Géologie minière; Génie des procédés; Résolution de problèmes,Entreprise industrielle,Géologue minier,ICMP; EMII; IGGLIA,ICMP,Génie Industriel et Génie Civil,54.12,Faible,"Excellente adéquation avec la série A2 et bonnes notes en Mathématiques, Français. Profil aligné avec l'objectif de Géologue minier."
STD_2026_0246,Toky Randriamampianina,21,M,L,Philosophie:14.35; Français et Littérature:11.99; Anglais:9.48; LV2:9.87; Malagasy:12.98; Histoire-Géographie:11.23; Éducation civique:11.51; Mathématiques:6.54; Arts / options culturelles:14.96; EPS:9.01,11.43,Arts / options culturelles; Philosophie,EPS; Mathématiques,Dessin & Design; Lecture & Écriture,C/C++ embarqué; Électronique numérique; Résolution de problèmes,Sur le terrain / Chantier,Développeur IoT,ESIIA; ISAIA; CAA,ESIIA,Informatique et Télécommunication,39.77,Faible,"Excellente adéquation avec la série L et bonnes notes en Arts / options culturelles, Philosophie. Profil aligné avec l'objectif de Développeur IoT."
STD_2026_0247,Andry Rabenjamina,16,M,C,"Mathématiques:15.39; Sciences Physiques, Chimiques et Technologie (SPCT):12.9; Français:8.66; Philosophie:13.68; Malagasy:11.12; Histoire-Géographie:16.4; Anglais:9.79; SVT:14.88; EPS:12.83",13.22,Histoire-Géographie; Mathématiques,Anglais; Français,Programmation & Code; Volontariat,SQL & Bases de données; Algorithmique & Python; Résolution de problèmes,Entreprise industrielle,Architecte SI,IGGLIA; PIP; GCA,IGGLIA,Informatique et Télécommunication,75.85,Élevé,"Excellente adéquation avec la série C et bonnes notes en Histoire-Géographie, Mathématiques. Profil aligné avec l'objectif de Architecte SI."
STD_2026_0248,Mialy Ratsimbazafy,18,M,D,"SVT:19.0; Sciences Physiques, Chimiques et Technologie (SPCT):15.91; Mathématiques:12.86; Français:12.17; Philosophie:12.95; Malagasy:12.55; Histoire-Géographie:10.27; Anglais:7.46; EPS:11.74",13.94,"SVT; Sciences Physiques, Chimiques et Technologie (SPCT)",Histoire-Géographie; Anglais,Dessin & Design; Volontariat,Réseaux informatiques; Infographie & 3D; Résolution de problèmes,Laboratoire & R&D,Designer UI/UX,IMTICIA; IAA; PIP,IMTICIA,Informatique et Télécommunication,72.12,Moyen,"Excellente adéquation avec la série D et bonnes notes en SVT, Sciences Physiques, Chimiques et Technologie (SPCT). Profil aligné avec l'objectif de Designer UI/UX."
STD_2026_0249,Mirana Randriamampianina,21,M,S,Mathématiques:13.54; Sciences Physiques et Chimiques:15.09; SVT / Biologie-Géologie:14.67; Français:12.31; Philosophie:8.48; Malagasy:13.53; Histoire-Géographie:7.05; Anglais:12.68; EPS:12.2,13.02,Sciences Physiques et Chimiques; SVT / Biologie-Géologie,Philosophie; Histoire-Géographie,Dessin & Design; Nature & Écologie,Machine Learning & Deep Learning; Python / R Data; Résolution de problèmes,Entreprise industrielle,Data Scientist,ISAIA; EMII; AEE,ISAIA,Informatique et Télécommunication,78.91,Élevé,"Excellente adéquation avec la série S et bonnes notes en Sciences Physiques et Chimiques, SVT / Biologie-Géologie. Profil aligné avec l'objectif de Data Scientist."
STD_2026_0250,Dina Rakotomalala,16,F,G,Mathématiques de gestion:16.94; Gestion / Comptabilité:16.08; Français:12.56; Anglais:16.51; Économie:19.23; Histoire-Géographie:9.34; Philosophie:14.2; EPS:15.67,15.61,Économie; Mathématiques de gestion,Français; Histoire-Géographie,Robotique; Programmation & Code,Écotourisme & Biodiversité; Ingénierie touristique; Résolution de problèmes,Espaces de Coworking / Startup,Responsable Parc Naturel,TEE; IMTICIA; ICMP,TEE,Techniques du Tourisme,83.01,Élevé,"Excellente adéquation avec la série G et bonnes notes en Économie, Mathématiques de gestion. Profil aligné avec l'objectif de Responsable Parc Naturel."
STD_2026_0251,Vero Ratsimbazafy,18,M,Technique,Mathématiques appliquées:12.41; Physique appliquée / Technologie:17.54; Dessin technique:12.13; Français:8.72; Anglais:14.49; Philosophie:12.85; EPS:13.46,13.48,Physique appliquée / Technologie; Anglais,Dessin technique; Français,Robotique; Économie & Bourse,Gestion événementielle; Management hôtelier; Résolution de problèmes,Espaces de Coworking / Startup,Directeur de l'Hébergement,TEH; ICMP; FIC,TEH,Techniques du Tourisme,50.21,Faible,"Excellente adéquation avec la série Technique et bonnes notes en Physique appliquée / Technologie, Anglais. Profil aligné avec l'objectif de Directeur de l'Hébergement."
STD_2026_0252,Nary Razafindrakoto,21,M,A,Philosophie:13.97; Français:12.75; Malagasy:19.48; Histoire-Géographie:11.64; Anglais:14.68; LV2:14.84; Mathématiques:14.43; SVT / Sciences humaines:8.02; EPS:13.66,13.96,Malagasy; LV2,Histoire-Géographie; SVT / Sciences humaines,Dessin & Design; Nature & Écologie,Analyse Marché; Marketing Digital; Résolution de problèmes,Laboratoire & R&D,Business Developer,CAA; EMII; FIC,CAA,Techniques des Affaires,82.88,Élevé,"Excellente adéquation avec la série A et bonnes notes en Malagasy, LV2. Profil aligné avec l'objectif de Business Developer."
STD_2026_0253,Rova Rabenjamina,19,M,A1,Philosophie:14.77; Français:11.7; Malagasy:13.45; Histoire-Géographie:13.86; Anglais:14.17; LV2:13.61; Mathématiques:8.54; SVT / Sciences humaines:6.83; EPS:11.25,12.61,Philosophie; Anglais,Mathématiques; SVT / Sciences humaines,Robotique; Dessin & Design,Rédaction juridique; Analyse fiscale; Résolution de problèmes,Laboratoire & R&D,Juriste d'Entreprise,DTJA; ISAIA; CAA,DTJA,Techniques des Affaires,80.49,Élevé,"Excellente adéquation avec la série A1 et bonnes notes en Philosophie, Anglais. Profil aligné avec l'objectif de Juriste d'Entreprise."
STD_2026_0254,Tiana Ramanantsoa,20,M,A2,Philosophie:14.81; Français:16.06; Malagasy:11.42; Histoire-Géographie:8.3; Anglais:14.01; LV2:10.64; Mathématiques:6.88; SVT / Sciences humaines:9.93; EPS:8.56,11.96,Français; Philosophie,Histoire-Géographie; Mathématiques,Dessin & Design; Programmation & Code,Étude d'impact économique; Gestion des risques; Résolution de problèmes,Bureau & Télétravail,Scrum Master,EMP; EMII; GCA,EMP,Techniques des Affaires,72.58,Moyen,"Excellente adéquation avec la série A2 et bonnes notes en Français, Philosophie. Profil aligné avec l'objectif de Scrum Master."
STD_2026_0255,Soa Rajaonarivelo,19,M,L,Philosophie:15.56; Français et Littérature:14.83; Anglais:8.97; LV2:20.0; Malagasy:11.57; Histoire-Géographie:5.19; Éducation civique:9.33; Mathématiques:9.0; Arts / options culturelles:12.69; EPS:12.99,12.69,LV2; Philosophie,Anglais; Histoire-Géographie,Économie & Bourse; Jeux de Stratégie,Comptabilité générale & analytique; Contrôle de gestion; Résolution de problèmes,Entreprise industrielle,Auditeur Financier,FIC; AEE; ISAIA,FIC,Techniques des Affaires,54.83,Faible,"Excellente adéquation avec la série L et bonnes notes en LV2, Philosophie. Profil aligné avec l'objectif de Auditeur Financier."
STD_2026_0256,Andry Rakotomalala,20,F,C,"Mathématiques:15.33; Sciences Physiques, Chimiques et Technologie (SPCT):13.75; Français:11.93; Philosophie:10.61; Malagasy:14.88; Histoire-Géographie:12.16; Anglais:11.24; SVT:14.12; EPS:7.81",13.15,Mathématiques; Malagasy,Philosophie; EPS,Volontariat; Robotique,Zootechnie; Analyse des sols; Résolution de problèmes,Sur le terrain / Chantier,Responsable d'élevage,AEE; PIP; DTJA,AEE,Biotechnologie et Agronomie,80.52,Élevé,"Excellente adéquation avec la série C et bonnes notes en Mathématiques, Malagasy. Profil aligné avec l'objectif de Responsable d'élevage."
STD_2026_0257,Fitia Razafindrakoto,19,M,D,"SVT:15.32; Sciences Physiques, Chimiques et Technologie (SPCT):20.0; Mathématiques:11.04; Français:9.13; Philosophie:11.68; Malagasy:10.92; Histoire-Géographie:14.0; Anglais:8.74; EPS:8.92",13.21,"Sciences Physiques, Chimiques et Technologie (SPCT); SVT",EPS; Anglais,Volontariat; Économie & Bourse,Process agroalimentaires; Biochimie alimentaire; Résolution de problèmes,Entreprise industrielle,Biologiste industriel,IAA; ISAIA; IMTICIA,IAA,Biotechnologie et Agronomie,75.19,Élevé,"Excellente adéquation avec la série D et bonnes notes en Sciences Physiques, Chimiques et Technologie (SPCT), SVT. Profil aligné avec l'objectif de Biologiste industriel."
STD_2026_0258,Vero Rakotomalala,19,M,S,Mathématiques:16.11; Sciences Physiques et Chimiques:18.48; SVT / Biologie-Géologie:17.08; Français:16.41; Philosophie:8.7; Malagasy:11.69; Histoire-Géographie:9.84; Anglais:10.46; EPS:13.42,15.05,Sciences Physiques et Chimiques; SVT / Biologie-Géologie,Histoire-Géographie; Philosophie,Musique; Robotique,Analyse en laboratoire; Pharmacologie; Résolution de problèmes,Laboratoire & R&D,Technicien supérieur en pharmacologie,PIP; ISAIA; EMII,PIP,Biotechnologie et Agronomie,90.59,Élevé,"Excellente adéquation avec la série S et bonnes notes en Sciences Physiques et Chimiques, SVT / Biologie-Géologie. Profil aligné avec l'objectif de Technicien supérieur en pharmacologie."
STD_2026_0259,Vero Rajaonarivelo,19,M,G,Mathématiques de gestion:13.97; Gestion / Comptabilité:14.32; Français:15.27; Anglais:13.61; Économie:13.29; Histoire-Géographie:10.56; Philosophie:9.8; EPS:12.03,13.42,Français; Gestion / Comptabilité,Histoire-Géographie; Philosophie,Jeux de Stratégie; Économie & Bourse,Maintenance industrielle; Automatisme PLC; Résolution de problèmes,Entreprise industrielle,Automaticien,EMII; ESIIA; IGGLIA,EMII,Génie Industriel et Génie Civil,56.21,Moyen,"Excellente adéquation avec la série G et bonnes notes en Français, Gestion / Comptabilité. Profil aligné avec l'objectif de Automaticien."
STD_2026_0260,Tiana Razafindrakoto,21,F,Technique,Mathématiques appliquées:20.0; Physique appliquée / Technologie:15.47; Dessin technique:14.19; Français:10.31; Anglais:9.7; Philosophie:15.55; EPS:10.6,14.69,Mathématiques appliquées; Philosophie,Français; Anglais,Programmation & Code; Musique,AutoCAD/Revit; Métré et devis; Résolution de problèmes,Laboratoire & R&D,Conducteur de travaux,GCA; TEH; TEE,GCA,Génie Industriel et Génie Civil,89.2,Élevé,"Excellente adéquation avec la série Technique et bonnes notes en Mathématiques appliquées, Philosophie. Profil aligné avec l'objectif de Conducteur de travaux."
STD_2026_0261,Hasina Randriamampianina,19,F,A,Philosophie:12.5; Français:15.7; Malagasy:12.74; Histoire-Géographie:9.18; Anglais:13.73; LV2:14.13; Mathématiques:11.48; SVT / Sciences humaines:8.26; EPS:9.28,12.34,Français; LV2,Histoire-Géographie; SVT / Sciences humaines,Dessin & Design; Sport d'équipe,Raffinage et extraction; Géologie minière; Résolution de problèmes,Entreprise industrielle,Ingénieur QHSE,ICMP; EMP; TEH,ICMP,Génie Industriel et Génie Civil,48.33,Faible,"Excellente adéquation avec la série A et bonnes notes en Français, LV2. Profil aligné avec l'objectif de Ingénieur QHSE."
STD_2026_0262,Fitia Randriamampianina,19,M,A1,Philosophie:14.97; Français:17.21; Malagasy:10.29; Histoire-Géographie:12.62; Anglais:10.23; LV2:14.74; Mathématiques:14.42; SVT / Sciences humaines:8.38; EPS:7.54,12.94,Français; Philosophie,SVT / Sciences humaines; EPS,Jeux de Stratégie; Programmation & Code,Électronique numérique; C/C++ embarqué; Résolution de problèmes,Espaces de Coworking / Startup,Ingénieur Robotique,ESIIA; GCA; TEH,ESIIA,Informatique et Télécommunication,55.87,Moyen,"Excellente adéquation avec la série A1 et bonnes notes en Français, Philosophie. Profil aligné avec l'objectif de Ingénieur Robotique."
STD_2026_0263,Fitia Rabenjamina,19,M,A2,Philosophie:15.54; Français:11.39; Malagasy:13.95; Histoire-Géographie:14.07; Anglais:13.03; LV2:14.28; Mathématiques:11.49; SVT / Sciences humaines:7.79; EPS:10.44,12.98,Philosophie; LV2,EPS; SVT / Sciences humaines,Dessin & Design; Sport d'équipe,Algorithmique & Python; SQL & Bases de données; Résolution de problèmes,Laboratoire & R&D,Data Scientist / IA,IGGLIA; EMP; DTJA,IGGLIA,Informatique et Télécommunication,76.44,Élevé,"Excellente adéquation avec la série A2 et bonnes notes en Philosophie, LV2. Profil aligné avec l'objectif de Data Scientist / IA."
STD_2026_0264,Sitraka Randriamampianina,17,M,L,Philosophie:13.6; Français et Littérature:17.46; Anglais:11.63; LV2:18.85; Malagasy:12.46; Histoire-Géographie:7.32; Éducation civique:10.42; Mathématiques:7.31; Arts / options culturelles:17.72; EPS:10.1,13.36,LV2; Arts / options culturelles,Histoire-Géographie; Mathématiques,Robotique; Volontariat,Réseaux informatiques; Infographie & 3D; Résolution de problèmes,Laboratoire & R&D,Développeur Web/Mobile,IMTICIA; IAA; PIP,IMTICIA,Informatique et Télécommunication,78.04,Élevé,"Excellente adéquation avec la série L et bonnes notes en LV2, Arts / options culturelles. Profil aligné avec l'objectif de Développeur Web/Mobile."
STD_2026_0265,Toky Rabenjamina,16,M,C,"Mathématiques:14.03; Sciences Physiques, Chimiques et Technologie (SPCT):13.1; Français:8.52; Philosophie:12.26; Malagasy:10.51; Histoire-Géographie:10.23; Anglais:13.43; SVT:18.38; EPS:11.39",12.87,SVT; Mathématiques,Histoire-Géographie; Français,Nature & Écologie; Robotique,Python / R Data; Machine Learning & Deep Learning; Résolution de problèmes,Laboratoire & R&D,Data Analyst,ISAIA; IMTICIA; AEE,ISAIA,Informatique et Télécommunication,79.62,Élevé,"Excellente adéquation avec la série C et bonnes notes en SVT, Mathématiques. Profil aligné avec l'objectif de Data Analyst."
STD_2026_0266,Dina Ramanantsoa,19,M,D,"SVT:12.51; Sciences Physiques, Chimiques et Technologie (SPCT):15.0; Mathématiques:15.16; Français:13.76; Philosophie:8.23; Malagasy:12.63; Histoire-Géographie:11.22; Anglais:12.39; EPS:8.29",12.85,"Mathématiques; Sciences Physiques, Chimiques et Technologie (SPCT)",EPS; Philosophie,Musique; Jeux de Stratégie,Guide & Médiation; Écotourisme & Biodiversité; Résolution de problèmes,Entreprise industrielle,Guide Patrimoine,TEE; EMP; ICMP,TEE,Techniques du Tourisme,78.44,Élevé,"Excellente adéquation avec la série D et bonnes notes en Mathématiques, Sciences Physiques, Chimiques et Technologie (SPCT). Profil aligné avec l'objectif de Guide Patrimoine."
STD_2026_0267,Dina Rasoanaivo,18,F,S,Mathématiques:16.24; Sciences Physiques et Chimiques:15.6; SVT / Biologie-Géologie:12.72; Français:14.78; Philosophie:13.11; Malagasy:8.49; Histoire-Géographie:14.63; Anglais:13.07; EPS:13.02,14.19,Mathématiques; Sciences Physiques et Chimiques,SVT / Biologie-Géologie; Malagasy,Musique; Économie & Bourse,Gestion événementielle; Communication interculturelle; Résolution de problèmes,Entreprise industrielle,Manager d'Hôtel,TEH; ESIIA; GCA,TEH,Techniques du Tourisme,61.15,Moyen,"Excellente adéquation avec la série S et bonnes notes en Mathématiques, Sciences Physiques et Chimiques. Profil aligné avec l'objectif de Manager d'Hôtel."
STD_2026_0268,Toky Razafindrakoto,16,M,G,Mathématiques de gestion:14.08; Gestion / Comptabilité:12.26; Français:12.49; Anglais:9.96; Économie:14.5; Histoire-Géographie:11.97; Philosophie:11.56; EPS:12.18,12.52,Économie; Mathématiques de gestion,Philosophie; Anglais,Programmation & Code; Musique,Negociation internationale; Marketing Digital; Résolution de problèmes,Sur le terrain / Chantier,Business Developer,CAA; AEE; IMTICIA,CAA,Techniques des Affaires,74.13,Moyen,"Excellente adéquation avec la série G et bonnes notes en Économie, Mathématiques de gestion. Profil aligné avec l'objectif de Business Developer."
STD_2026_0269,Andry Razafindrakoto,16,F,Technique,Mathématiques appliquées:16.58; Physique appliquée / Technologie:14.56; Dessin technique:12.26; Français:16.11; Anglais:16.61; Philosophie:17.58; EPS:14.08,15.28,Philosophie; Anglais,EPS; Dessin technique,Lecture & Écriture; Dessin & Design,Rédaction juridique; Conseil d'entreprise; Résolution de problèmes,Sur le terrain / Chantier,Assistant Juridique,DTJA; EMP; IMTICIA,DTJA,Techniques des Affaires,62.62,Moyen,"Excellente adéquation avec la série Technique et bonnes notes en Philosophie, Anglais. Profil aligné avec l'objectif de Assistant Juridique."
STD_2026_0270,Mialy Rajaonarivelo,19,F,A,Philosophie:13.01; Français:11.86; Malagasy:11.67; Histoire-Géographie:14.35; Anglais:9.48; LV2:14.63; Mathématiques:9.41; SVT / Sciences humaines:6.66; EPS:15.07,12.1,EPS; LV2,Mathématiques; SVT / Sciences humaines,Robotique; Économie & Bourse,Analyse financière; Étude d'impact économique; Résolution de problèmes,Bureau & Télétravail,Consultant en Organisation,EMP; TEH; IAA,EMP,Techniques des Affaires,73.54,Moyen,"Excellente adéquation avec la série A et bonnes notes en EPS, LV2. Profil aligné avec l'objectif de Consultant en Organisation."
STD_2026_0271,Lova Rakotomalala,18,F,A1,Philosophie:19.47; Français:13.72; Malagasy:7.16; Histoire-Géographie:11.13; Anglais:12.27; LV2:16.37; Mathématiques:10.1; SVT / Sciences humaines:11.34; EPS:13.97,13.2,Philosophie; LV2,Mathématiques; Malagasy,Dessin & Design; Musique,Comptabilité générale & analytique; Contrôle de gestion; Résolution de problèmes,Sur le terrain / Chantier,Comptable Senior,FIC; EMII; AEE,FIC,Techniques des Affaires,48.56,Faible,"Excellente adéquation avec la série A1 et bonnes notes en Philosophie, LV2. Profil aligné avec l'objectif de Comptable Senior."
STD_2026_0272,Dina Ratsimbazafy,18,M,A2,Philosophie:11.75; Français:16.43; Malagasy:8.63; Histoire-Géographie:10.96; Anglais:8.04; LV2:16.03; Mathématiques:5.17; SVT / Sciences humaines:4.48; EPS:11.66,11.19,Français; LV2,Mathématiques; SVT / Sciences humaines,Programmation & Code; Nature & Écologie,Zootechnie; Agronomie; Résolution de problèmes,Espaces de Coworking / Startup,Agronome,AEE; ICMP; GCA,AEE,Biotechnologie et Agronomie,66.56,Moyen,"Excellente adéquation avec la série A2 et bonnes notes en Français, LV2. Profil aligné avec l'objectif de Agronome."
STD_2026_0273,Nary Rajaonarivelo,21,M,L,Philosophie:16.32; Français et Littérature:17.82; Anglais:12.62; LV2:16.45; Malagasy:5.35; Histoire-Géographie:13.28; Éducation civique:10.17; Mathématiques:6.72; Arts / options culturelles:20.0; EPS:12.38,13.79,Arts / options culturelles; Français et Littérature,Mathématiques; Malagasy,Programmation & Code; Économie & Bourse,Microbiologie; Process agroalimentaires; Résolution de problèmes,Bureau & Télétravail,Ingénieur Agroalimentaire,IAA; IMTICIA; EMP,IAA,Biotechnologie et Agronomie,54.51,Faible,"Excellente adéquation avec la série L et bonnes notes en Arts / options culturelles, Français et Littérature. Profil aligné avec l'objectif de Ingénieur Agroalimentaire."
STD_2026_0274,Andry Rasoanaivo,19,M,C,"Mathématiques:13.86; Sciences Physiques, Chimiques et Technologie (SPCT):15.99; Français:9.63; Philosophie:9.98; Malagasy:14.11; Histoire-Géographie:8.92; Anglais:7.21; SVT:16.6; EPS:9.11",12.77,"SVT; Sciences Physiques, Chimiques et Technologie (SPCT)",Histoire-Géographie; Anglais,Programmation & Code; Dessin & Design,Normes GMP/BPF; Chimie organique; Résolution de problèmes,Entreprise industrielle,Responsable contrôle qualité labo,PIP; ESIIA; IMTICIA,PIP,Biotechnologie et Agronomie,77.52,Élevé,"Excellente adéquation avec la série C et bonnes notes en SVT, Sciences Physiques, Chimiques et Technologie (SPCT). Profil aligné avec l'objectif de Responsable contrôle qualité labo."
STD_2026_0275,Faly Rajaonarivelo,18,F,D,"SVT:18.75; Sciences Physiques, Chimiques et Technologie (SPCT):9.89; Mathématiques:10.3; Français:11.23; Philosophie:13.1; Malagasy:8.09; Histoire-Géographie:9.64; Anglais:12.15; EPS:10.39",12.2,SVT; Philosophie,Histoire-Géographie; Malagasy,Économie & Bourse; Nature & Écologie,Automatisme PLC; CAO Mécanique; Résolution de problèmes,Laboratoire & R&D,Concepteur Mécatronique,EMII; FIC; TEH,EMII,Génie Industriel et Génie Civil,73.43,Moyen,"Excellente adéquation avec la série D et bonnes notes en SVT, Philosophie. Profil aligné avec l'objectif de Concepteur Mécatronique."
STD_2026_0276,Nary Ratsimbazafy,17,F,S,Mathématiques:14.81; Sciences Physiques et Chimiques:18.17; SVT / Biologie-Géologie:11.97; Français:5.19; Philosophie:11.42; Malagasy:5.75; Histoire-Géographie:9.19; Anglais:11.18; EPS:10.15,12.37,Sciences Physiques et Chimiques; Mathématiques,Malagasy; Français,Robotique; Nature & Écologie,AutoCAD/Revit; Calcul de structures; Résolution de problèmes,Espaces de Coworking / Startup,Conducteur de travaux,GCA; FIC; ESIIA,GCA,Génie Industriel et Génie Civil,81.83,Élevé,"Excellente adéquation avec la série S et bonnes notes en Sciences Physiques et Chimiques, Mathématiques. Profil aligné avec l'objectif de Conducteur de travaux."
STD_2026_0277,Lova Razafindrakoto,21,F,G,Mathématiques de gestion:15.48; Gestion / Comptabilité:13.17; Français:10.81; Anglais:13.41; Économie:13.62; Histoire-Géographie:13.24; Philosophie:13.57; EPS:9.24,13.1,Mathématiques de gestion; Économie,Français; EPS,Économie & Bourse; Musique,Normes QHSE; Géologie minière; Résolution de problèmes,Entreprise industrielle,Responsable d'extraction,ICMP; IGGLIA; FIC,ICMP,Génie Industriel et Génie Civil,68.91,Moyen,"Excellente adéquation avec la série G et bonnes notes en Mathématiques de gestion, Économie. Profil aligné avec l'objectif de Responsable d'extraction."
STD_2026_0278,Toky Rakotomalala,20,F,Technique,Mathématiques appliquées:16.06; Physique appliquée / Technologie:14.11; Dessin technique:10.58; Français:18.76; Anglais:14.13; Philosophie:13.59; EPS:12.91,14.42,Français; Mathématiques appliquées,EPS; Dessin technique,Économie & Bourse; Programmation & Code,C/C++ embarqué; Électronique numérique; Résolution de problèmes,Entreprise industrielle,Ingénieur Systèmes Embarqués,ESIIA; CAA; EMII,ESIIA,Informatique et Télécommunication,80.82,Élevé,"Excellente adéquation avec la série Technique et bonnes notes en Français, Mathématiques appliquées. Profil aligné avec l'objectif de Ingénieur Systèmes Embarqués."
STD_2026_0279,Rova Rakotomalala,17,M,A,Philosophie:9.84; Français:15.28; Malagasy:10.71; Histoire-Géographie:11.79; Anglais:13.34; LV2:16.26; Mathématiques:13.6; SVT / Sciences humaines:9.0; EPS:13.21,12.53,LV2; Français,Philosophie; SVT / Sciences humaines,Volontariat; Musique,Algorithmique & Python; Génie Logiciel & Java/Web; Résolution de problèmes,Laboratoire & R&D,Ingénieur Génie Logiciel,IGGLIA; TEH; AEE,IGGLIA,Informatique et Télécommunication,79.06,Élevé,"Excellente adéquation avec la série A et bonnes notes en LV2, Français. Profil aligné avec l'objectif de Ingénieur Génie Logiciel."
STD_2026_0280,Toky Ratsimbazafy,20,F,A1,Philosophie:16.62; Français:14.65; Malagasy:8.26; Histoire-Géographie:7.32; Anglais:10.96; LV2:14.0; Mathématiques:14.35; SVT / Sciences humaines:5.96; EPS:7.57,11.64,Philosophie; Français,Histoire-Géographie; SVT / Sciences humaines,Nature & Écologie; Programmation & Code,Développement Web/Mobile; Réseaux informatiques; Résolution de problèmes,Entreprise industrielle,Designer UI/UX,IMTICIA; ICMP; CAA,IMTICIA,Informatique et Télécommunication,80.92,Élevé,"Excellente adéquation avec la série A1 et bonnes notes en Philosophie, Français. Profil aligné avec l'objectif de Designer UI/UX."
STD_2026_0281,Nary Ramanantsoa,20,F,A2,Philosophie:16.02; Français:16.11; Malagasy:13.72; Histoire-Géographie:10.86; Anglais:9.62; LV2:12.79; Mathématiques:13.69; SVT / Sciences humaines:10.86; EPS:12.11,13.19,Français; Philosophie,SVT / Sciences humaines; Anglais,Robotique; Musique,PowerBI & Analytics; Python / R Data; Résolution de problèmes,Laboratoire & R&D,Data Scientist,ISAIA; DTJA; FIC,ISAIA,Informatique et Télécommunication,56.56,Moyen,"Excellente adéquation avec la série A2 et bonnes notes en Français, Philosophie. Profil aligné avec l'objectif de Data Scientist."
STD_2026_0282,Mialy Andriantsitohaina,21,M,L,Philosophie:15.47; Français et Littérature:17.24; Anglais:10.73; LV2:12.89; Malagasy:11.37; Histoire-Géographie:8.84; Éducation civique:7.15; Mathématiques:8.21; Arts / options culturelles:14.97; EPS:11.78,12.59,Français et Littérature; Philosophie,Mathématiques; Éducation civique,Programmation & Code; Dessin & Design,Ingénierie touristique; Écotourisme & Biodiversité; Résolution de problèmes,Laboratoire & R&D,Responsable Parc Naturel,TEE; ISAIA; IMTICIA,TEE,Techniques du Tourisme,78.58,Élevé,"Excellente adéquation avec la série L et bonnes notes en Français et Littérature, Philosophie. Profil aligné avec l'objectif de Responsable Parc Naturel."
STD_2026_0283,Dina Rabenjamina,17,F,C,"Mathématiques:13.19; Sciences Physiques, Chimiques et Technologie (SPCT):17.37; Français:13.24; Philosophie:14.46; Malagasy:12.49; Histoire-Géographie:16.09; Anglais:12.15; SVT:13.84; EPS:16.05",14.49,"Sciences Physiques, Chimiques et Technologie (SPCT); Histoire-Géographie",Malagasy; Anglais,Dessin & Design; Nature & Écologie,Management hôtelier; Communication interculturelle; Résolution de problèmes,Sur le terrain / Chantier,Chef de projet Événementiel,TEH; EMP; IMTICIA,TEH,Techniques du Tourisme,55.3,Moyen,"Excellente adéquation avec la série C et bonnes notes en Sciences Physiques, Chimiques et Technologie (SPCT), Histoire-Géographie. Profil aligné avec l'objectif de Chef de projet Événementiel."
STD_2026_0284,Tiana Razafindrakoto,21,M,D,"SVT:9.35; Sciences Physiques, Chimiques et Technologie (SPCT):15.09; Mathématiques:14.47; Français:16.63; Philosophie:9.76; Malagasy:10.26; Histoire-Géographie:7.43; Anglais:18.37; EPS:13.05",12.81,Anglais; Français,SVT; Histoire-Géographie,Volontariat; Robotique,Analyse Marché; Marketing Digital; Résolution de problèmes,Espaces de Coworking / Startup,Directeur des Ventes,CAA; TEH; AEE,CAA,Techniques des Affaires,93.32,Élevé,"Excellente adéquation avec la série D et bonnes notes en Anglais, Français. Profil aligné avec l'objectif de Directeur des Ventes."
STD_2026_0285,Mirana Rakotondrabe,19,M,S,Mathématiques:15.24; Sciences Physiques et Chimiques:12.62; SVT / Biologie-Géologie:16.13; Français:13.24; Philosophie:13.54; Malagasy:17.18; Histoire-Géographie:7.22; Anglais:10.39; EPS:12.71,13.7,Malagasy; SVT / Biologie-Géologie,Anglais; Histoire-Géographie,Lecture & Écriture; Robotique,Rédaction juridique; Conseil d'entreprise; Résolution de problèmes,Bureau & Télétravail,Gestionnaire de Contrats,DTJA; TEH; CAA,DTJA,Techniques des Affaires,48.34,Faible,"Excellente adéquation avec la série S et bonnes notes en Malagasy, SVT / Biologie-Géologie. Profil aligné avec l'objectif de Gestionnaire de Contrats."
STD_2026_0286,Hasina Rakotondrabe,18,M,G,Mathématiques de gestion:14.19; Gestion / Comptabilité:11.43; Français:11.63; Anglais:8.04; Économie:19.85; Histoire-Géographie:12.23; Philosophie:15.38; EPS:15.56,13.24,Économie; EPS,Gestion / Comptabilité; Anglais,Nature & Écologie; Lecture & Écriture,Étude d'impact économique; Analyse financière; Résolution de problèmes,Espaces de Coworking / Startup,Chef de Projet,EMP; AEE; ICMP,EMP,Techniques des Affaires,78.4,Élevé,"Excellente adéquation avec la série G et bonnes notes en Économie, EPS. Profil aligné avec l'objectif de Chef de Projet."
STD_2026_0287,Hasina Rabenjamina,16,F,Technique,Mathématiques appliquées:15.07; Physique appliquée / Technologie:17.42; Dessin technique:11.99; Français:10.57; Anglais:10.88; Philosophie:14.87; EPS:6.52,13.46,Physique appliquée / Technologie; Mathématiques appliquées,Français; EPS,Jeux de Stratégie; Musique,Comptabilité générale & analytique; Gestion de trésorerie; Résolution de problèmes,Bureau & Télétravail,Auditeur Financier,FIC; ESIIA; PIP,FIC,Techniques des Affaires,54.63,Faible,"Excellente adéquation avec la série Technique et bonnes notes en Physique appliquée / Technologie, Mathématiques appliquées. Profil aligné avec l'objectif de Auditeur Financier."
STD_2026_0288,Fitia Randriamampianina,21,M,A,Philosophie:15.62; Français:11.53; Malagasy:17.05; Histoire-Géographie:9.79; Anglais:9.71; LV2:20.0; Mathématiques:6.44; SVT / Sciences humaines:8.93; EPS:10.68,12.81,LV2; Malagasy,SVT / Sciences humaines; Mathématiques,Nature & Écologie; Dessin & Design,Gestion d'exploitation; Zootechnie; Résolution de problèmes,Bureau & Télétravail,Conseiller agricole,AEE; EMII; IAA,AEE,Biotechnologie et Agronomie,62.42,Moyen,"Excellente adéquation avec la série A et bonnes notes en LV2, Malagasy. Profil aligné avec l'objectif de Conseiller agricole."
STD_2026_0289,Vero Rakotomalala,16,F,A1,Philosophie:15.19; Français:14.54; Malagasy:9.25; Histoire-Géographie:14.26; Anglais:9.1; LV2:13.61; Mathématiques:8.11; SVT / Sciences humaines:9.01; EPS:14.03,12.44,Philosophie; Français,SVT / Sciences humaines; Mathématiques,Robotique; Musique,Contrôle qualité HACCP; Microbiologie; Résolution de problèmes,Laboratoire & R&D,Conducteur de ligne de production,IAA; ICMP; EMP,IAA,Biotechnologie et Agronomie,44.28,Faible,"Excellente adéquation avec la série A1 et bonnes notes en Philosophie, Français. Profil aligné avec l'objectif de Conducteur de ligne de production."
STD_2026_0290,Kanto Andriantsitohaina,18,M,A2,Philosophie:12.63; Français:13.13; Malagasy:13.89; Histoire-Géographie:12.77; Anglais:9.67; LV2:14.37; Mathématiques:7.9; SVT / Sciences humaines:11.64; EPS:12.64,12.37,LV2; Malagasy,Anglais; Mathématiques,Jeux de Stratégie; Nature & Écologie,Pharmacologie; Chimie organique; Résolution de problèmes,Espaces de Coworking / Startup,Assistant de recherche galénique,PIP; TEE; DTJA,PIP,Biotechnologie et Agronomie,44.96,Faible,"Excellente adéquation avec la série A2 et bonnes notes en LV2, Malagasy. Profil aligné avec l'objectif de Assistant de recherche galénique."
STD_2026_0291,Toky Rabenjamina,17,F,L,Philosophie:14.81; Français et Littérature:13.94; Anglais:11.14; LV2:12.08; Malagasy:12.51; Histoire-Géographie:11.49; Éducation civique:16.68; Mathématiques:11.73; Arts / options culturelles:14.97; EPS:14.42,13.26,Éducation civique; Arts / options culturelles,Histoire-Géographie; Anglais,Jeux de Stratégie; Sport d'équipe,Automatisme PLC; Maintenance industrielle; Résolution de problèmes,Espaces de Coworking / Startup,Ingénieur Électromécanicien,EMII; TEE; IMTICIA,EMII,Génie Industriel et Génie Civil,46.93,Faible,"Excellente adéquation avec la série L et bonnes notes en Éducation civique, Arts / options culturelles. Profil aligné avec l'objectif de Ingénieur Électromécanicien."
STD_2026_0292,Mialy Ratsimbazafy,16,F,C,"Mathématiques:17.04; Sciences Physiques, Chimiques et Technologie (SPCT):13.05; Français:8.7; Philosophie:9.03; Malagasy:12.32; Histoire-Géographie:7.26; Anglais:9.52; SVT:17.19; EPS:13.7",13.07,SVT; Mathématiques,Français; Histoire-Géographie,Volontariat; Dessin & Design,Métré et devis; AutoCAD/Revit; Résolution de problèmes,Espaces de Coworking / Startup,Chef de chantier BTP,GCA; ESIIA; IAA,GCA,Génie Industriel et Génie Civil,77.86,Élevé,"Excellente adéquation avec la série C et bonnes notes en SVT, Mathématiques. Profil aligné avec l'objectif de Chef de chantier BTP."
STD_2026_0293,Lova Ratsimbazafy,17,M,D,"SVT:14.52; Sciences Physiques, Chimiques et Technologie (SPCT):18.38; Mathématiques:17.21; Français:16.22; Philosophie:8.85; Malagasy:9.95; Histoire-Géographie:13.51; Anglais:7.81; EPS:10.12",14.28,"Sciences Physiques, Chimiques et Technologie (SPCT); Mathématiques",Philosophie; Anglais,Économie & Bourse; Robotique,Génie des procédés; Raffinage et extraction; Résolution de problèmes,Sur le terrain / Chantier,Ingénieur QHSE,ICMP; IMTICIA; IGGLIA,ICMP,Génie Industriel et Génie Civil,94.8,Élevé,"Excellente adéquation avec la série D et bonnes notes en Sciences Physiques, Chimiques et Technologie (SPCT), Mathématiques. Profil aligné avec l'objectif de Ingénieur QHSE."
STD_2026_0294,Nomena Ramanantsoa,16,M,S,Mathématiques:13.51; Sciences Physiques et Chimiques:14.33; SVT / Biologie-Géologie:17.18; Français:6.59; Philosophie:9.41; Malagasy:7.27; Histoire-Géographie:9.18; Anglais:9.52; EPS:12.48,12.32,SVT / Biologie-Géologie; Sciences Physiques et Chimiques,Malagasy; Français,Dessin & Design; Programmation & Code,Microcontrôleurs IoT; Signal & Traitement; Résolution de problèmes,Sur le terrain / Chantier,Ingénieur Robotique,ESIIA; TEE; FIC,ESIIA,Informatique et Télécommunication,76.57,Élevé,"Excellente adéquation avec la série S et bonnes notes en SVT / Biologie-Géologie, Sciences Physiques et Chimiques. Profil aligné avec l'objectif de Ingénieur Robotique."
STD_2026_0295,Vero Randriamampianina,16,M,G,Mathématiques de gestion:12.91; Gestion / Comptabilité:20.0; Français:11.7; Anglais:13.16; Économie:15.77; Histoire-Géographie:14.54; Philosophie:10.34; EPS:11.16,14.45,Gestion / Comptabilité; Économie,EPS; Philosophie,Musique; Nature & Écologie,Algorithmique & Python; SQL & Bases de données; Résolution de problèmes,Bureau & Télétravail,Développeur Fullstack,IGGLIA; IMTICIA; ESIIA,IGGLIA,Informatique et Télécommunication,74.15,Moyen,"Excellente adéquation avec la série G et bonnes notes en Gestion / Comptabilité, Économie. Profil aligné avec l'objectif de Développeur Fullstack."
STD_2026_0296,Tojo Randriamampianina,16,F,Technique,Mathématiques appliquées:18.65; Physique appliquée / Technologie:17.31; Dessin technique:9.89; Français:11.28; Anglais:7.05; Philosophie:9.8; EPS:7.21,13.24,Mathématiques appliquées; Physique appliquée / Technologie,EPS; Anglais,Programmation & Code; Lecture & Écriture,Développement Web/Mobile; Infographie & 3D; Résolution de problèmes,Espaces de Coworking / Startup,Concepteur Multimédia,IMTICIA; EMP; EMII,IMTICIA,Informatique et Télécommunication,75.5,Élevé,"Excellente adéquation avec la série Technique et bonnes notes en Mathématiques appliquées, Physique appliquée / Technologie. Profil aligné avec l'objectif de Concepteur Multimédia."
STD_2026_0297,Sitraka Ratsimbazafy,19,M,A,Philosophie:12.63; Français:12.31; Malagasy:10.63; Histoire-Géographie:10.19; Anglais:10.94; LV2:16.23; Mathématiques:8.25; SVT / Sciences humaines:12.28; EPS:12.22,11.83,LV2; Philosophie,Histoire-Géographie; Mathématiques,Économie & Bourse; Sport d'équipe,PowerBI & Analytics; Python / R Data; Résolution de problèmes,Espaces de Coworking / Startup,Data Analyst,ISAIA; EMII; IAA,ISAIA,Informatique et Télécommunication,44.63,Faible,"Excellente adéquation avec la série A et bonnes notes en LV2, Philosophie. Profil aligné avec l'objectif de Data Analyst."
STD_2026_0298,Mirana Rasoanaivo,19,M,A1,Philosophie:12.46; Français:13.66; Malagasy:10.33; Histoire-Géographie:9.21; Anglais:12.45; LV2:12.05; Mathématiques:8.94; SVT / Sciences humaines:10.34; EPS:9.75,11.34,Français; Philosophie,Histoire-Géographie; Mathématiques,Programmation & Code; Nature & Écologie,Guide & Médiation; Écotourisme & Biodiversité; Résolution de problèmes,Bureau & Télétravail,Chef de projet Développement Durable,TEE; ISAIA; PIP,TEE,Techniques du Tourisme,74.82,Moyen,"Excellente adéquation avec la série A1 et bonnes notes en Français, Philosophie. Profil aligné avec l'objectif de Chef de projet Développement Durable."
STD_2026_0299,Sitraka Razafindrakoto,17,F,A2,Philosophie:15.65; Français:13.11; Malagasy:13.24; Histoire-Géographie:6.29; Anglais:10.65; LV2:16.02; Mathématiques:8.38; SVT / Sciences humaines:3.6; EPS:11.99,11.77,LV2; Philosophie,Histoire-Géographie; SVT / Sciences humaines,Sport d'équipe; Robotique,Yield Management; Gestion événementielle; Résolution de problèmes,Laboratoire & R&D,Manager d'Hôtel,TEH; PIP; GCA,TEH,Techniques du Tourisme,74.69,Moyen,"Excellente adéquation avec la série A2 et bonnes notes en LV2, Philosophie. Profil aligné avec l'objectif de Manager d'Hôtel."
STD_2026_0300,Hasina Rabenjamina,20,M,L,Philosophie:17.25; Français et Littérature:16.38; Anglais:7.84; LV2:17.48; Malagasy:14.28; Histoire-Géographie:8.11; Éducation civique:7.82; Mathématiques:10.87; Arts / options culturelles:13.61; EPS:14.12,13.42,LV2; Philosophie,Anglais; Éducation civique,Volontariat; Musique,Analyse Marché; Techniques de Vente; Résolution de problèmes,Sur le terrain / Chantier,Business Developer,CAA; IAA; EMII,CAA,Techniques des Affaires,81.5,Élevé,"Excellente adéquation avec la série L et bonnes notes en LV2, Philosophie. Profil aligné avec l'objectif de Business Developer."
STD_2026_0301,Sitraka Andriantsitohaina,21,F,C,"Mathématiques:17.85; Sciences Physiques, Chimiques et Technologie (SPCT):12.75; Français:15.46; Philosophie:12.61; Malagasy:11.33; Histoire-Géographie:13.93; Anglais:15.87; SVT:13.11; EPS:11.62",14.41,Mathématiques; Anglais,EPS; Malagasy,Musique; Sport d'équipe,Droit des contrats; Rédaction juridique; Résolution de problèmes,Laboratoire & R&D,Gestionnaire de Contrats,DTJA; GCA; ESIIA,DTJA,Techniques des Affaires,62.02,Moyen,"Excellente adéquation avec la série C et bonnes notes en Mathématiques, Anglais. Profil aligné avec l'objectif de Gestionnaire de Contrats."
STD_2026_0302,Sitraka Ramanantsoa,16,F,D,"SVT:10.95; Sciences Physiques, Chimiques et Technologie (SPCT):14.24; Mathématiques:11.2; Français:11.56; Philosophie:10.01; Malagasy:11.48; Histoire-Géographie:9.99; Anglais:5.32; EPS:14.05",11.35,"Sciences Physiques, Chimiques et Technologie (SPCT); EPS",Histoire-Géographie; Anglais,Dessin & Design; Sport d'équipe,Gestion des risques; Gestion de projet Agile/PMP; Résolution de problèmes,Espaces de Coworking / Startup,Scrum Master,EMP; ESIIA; AEE,EMP,Techniques des Affaires,71.14,Moyen,"Excellente adéquation avec la série D et bonnes notes en Sciences Physiques, Chimiques et Technologie (SPCT), EPS. Profil aligné avec l'objectif de Scrum Master."
STD_2026_0303,Lova Rakotondrabe,18,M,S,Mathématiques:15.8; Sciences Physiques et Chimiques:17.03; SVT / Biologie-Géologie:18.4; Français:9.34; Philosophie:11.86; Malagasy:12.71; Histoire-Géographie:14.04; Anglais:11.76; EPS:11.49,14.73,SVT / Biologie-Géologie; Sciences Physiques et Chimiques,EPS; Français,Robotique; Sport d'équipe,Gestion de trésorerie; Audit financier; Résolution de problèmes,Laboratoire & R&D,Comptable Senior,FIC; AEE; ISAIA,FIC,Techniques des Affaires,77.11,Élevé,"Excellente adéquation avec la série S et bonnes notes en SVT / Biologie-Géologie, Sciences Physiques et Chimiques. Profil aligné avec l'objectif de Comptable Senior."
STD_2026_0304,Nary Rasoanaivo,20,M,G,Mathématiques de gestion:12.19; Gestion / Comptabilité:16.89; Français:12.55; Anglais:12.9; Économie:18.4; Histoire-Géographie:13.63; Philosophie:13.67; EPS:9.99,14.22,Économie; Gestion / Comptabilité,Mathématiques de gestion; EPS,Volontariat; Nature & Écologie,Gestion d'exploitation; Agronomie; Résolution de problèmes,Bureau & Télétravail,Conseiller agricole,AEE; IAA; DTJA,AEE,Biotechnologie et Agronomie,51.31,Faible,"Excellente adéquation avec la série G et bonnes notes en Économie, Gestion / Comptabilité. Profil aligné avec l'objectif de Conseiller agricole."
STD_2026_0305,Fitia Ramanantsoa,21,F,Technique,Mathématiques appliquées:12.57; Physique appliquée / Technologie:18.77; Dessin technique:11.09; Français:12.42; Anglais:10.13; Philosophie:10.43; EPS:13.28,13.36,Physique appliquée / Technologie; EPS,Philosophie; Anglais,Nature & Écologie; Dessin & Design,Microbiologie; Process agroalimentaires; Résolution de problèmes,Entreprise industrielle,Biologiste industriel,IAA; IMTICIA; CAA,IAA,Biotechnologie et Agronomie,78.8,Élevé,"Excellente adéquation avec la série Technique et bonnes notes en Physique appliquée / Technologie, EPS. Profil aligné avec l'objectif de Biologiste industriel."
STD_2026_0306,Andry Rajaonarivelo,18,M,A,Philosophie:16.65; Français:14.58; Malagasy:13.49; Histoire-Géographie:12.84; Anglais:11.37; LV2:20.0; Mathématiques:8.49; SVT / Sciences humaines:9.09; EPS:11.05,13.76,LV2; Philosophie,SVT / Sciences humaines; Mathématiques,Programmation & Code; Nature & Écologie,Analyse en laboratoire; Normes GMP/BPF; Résolution de problèmes,Entreprise industrielle,Technicien supérieur en pharmacologie,PIP; TEE; EMP,PIP,Biotechnologie et Agronomie,52.03,Faible,"Excellente adéquation avec la série A et bonnes notes en LV2, Philosophie. Profil aligné avec l'objectif de Technicien supérieur en pharmacologie."
STD_2026_0307,Hery Ramanantsoa,21,M,A1,Philosophie:12.56; Français:19.04; Malagasy:10.66; Histoire-Géographie:16.32; Anglais:9.2; LV2:11.12; Mathématiques:7.15; SVT / Sciences humaines:12.74; EPS:15.81,13.28,Français; Histoire-Géographie,Anglais; Mathématiques,Dessin & Design; Économie & Bourse,Automatisme PLC; Maintenance industrielle; Résolution de problèmes,Laboratoire & R&D,Concepteur Mécatronique,EMII; IGGLIA; EMP,EMII,Génie Industriel et Génie Civil,36.75,Faible,"Excellente adéquation avec la série A1 et bonnes notes en Français, Histoire-Géographie. Profil aligné avec l'objectif de Concepteur Mécatronique."
STD_2026_0308,Tojo Rakotomalala,21,M,A2,Philosophie:11.95; Français:13.37; Malagasy:12.31; Histoire-Géographie:12.23; Anglais:11.29; LV2:12.91; Mathématiques:3.54; SVT / Sciences humaines:5.98; EPS:11.96,11.39,Français; LV2,SVT / Sciences humaines; Mathématiques,Lecture & Écriture; Économie & Bourse,Conduite de chantier BTP; Calcul de structures; Résolution de problèmes,Sur le terrain / Chantier,Architecte collaborateur,GCA; ICMP; EMP,GCA,Génie Industriel et Génie Civil,34.39,Faible,"Excellente adéquation avec la série A2 et bonnes notes en Français, LV2. Profil aligné avec l'objectif de Architecte collaborateur."
STD_2026_0309,Hery Ramanantsoa,19,M,L,Philosophie:19.12; Français et Littérature:15.59; Anglais:9.16; LV2:16.54; Malagasy:12.45; Histoire-Géographie:15.27; Éducation civique:8.89; Mathématiques:12.74; Arts / options culturelles:14.99; EPS:9.87,14.14,Philosophie; LV2,Anglais; Éducation civique,Nature & Écologie; Robotique,Géologie minière; Raffinage et extraction; Résolution de problèmes,Entreprise industrielle,Géologue minier,ICMP; IMTICIA; GCA,ICMP,Génie Industriel et Génie Civil,53.12,Faible,"Excellente adéquation avec la série L et bonnes notes en Philosophie, LV2. Profil aligné avec l'objectif de Géologue minier."
STD_2026_0310,Nary Rabenjamina,18,F,C,"Mathématiques:14.58; Sciences Physiques, Chimiques et Technologie (SPCT):16.64; Français:14.18; Philosophie:11.53; Malagasy:8.81; Histoire-Géographie:9.01; Anglais:9.26; SVT:13.62; EPS:7.69",13.03,"Sciences Physiques, Chimiques et Technologie (SPCT); Mathématiques",Malagasy; EPS,Économie & Bourse; Volontariat,Signal & Traitement; Électronique numérique; Résolution de problèmes,Bureau & Télétravail,Développeur IoT,ESIIA; GCA; AEE,ESIIA,Informatique et Télécommunication,78.27,Élevé,"Excellente adéquation avec la série C et bonnes notes en Sciences Physiques, Chimiques et Technologie (SPCT), Mathématiques. Profil aligné avec l'objectif de Développeur IoT."
STD_2026_0311,Mirana Andriantsitohaina,16,F,D,"SVT:20.0; Sciences Physiques, Chimiques et Technologie (SPCT):15.37; Mathématiques:12.17; Français:10.07; Philosophie:13.57; Malagasy:7.95; Histoire-Géographie:12.4; Anglais:11.97; EPS:12.96",13.99,"SVT; Sciences Physiques, Chimiques et Technologie (SPCT)",Français; Malagasy,Lecture & Écriture; Jeux de Stratégie,Algorithmique & Python; SQL & Bases de données; Résolution de problèmes,Bureau & Télétravail,Ingénieur Génie Logiciel,IGGLIA; PIP; TEH,IGGLIA,Informatique et Télécommunication,73.53,Moyen,"Excellente adéquation avec la série D et bonnes notes en SVT, Sciences Physiques, Chimiques et Technologie (SPCT). Profil aligné avec l'objectif de Ingénieur Génie Logiciel."
STD_2026_0312,Tojo Razafindrakoto,21,F,S,Mathématiques:10.21; Sciences Physiques et Chimiques:12.47; SVT / Biologie-Géologie:13.23; Français:9.37; Philosophie:14.55; Malagasy:12.07; Histoire-Géographie:11.39; Anglais:12.68; EPS:10.47,11.71,Philosophie; SVT / Biologie-Géologie,Mathématiques; Français,Sport d'équipe; Programmation & Code,Réseaux informatiques; UI/UX Design; Résolution de problèmes,Laboratoire & R&D,Designer UI/UX,IMTICIA; PIP; IGGLIA,IMTICIA,Informatique et Télécommunication,72.52,Moyen,"Excellente adéquation avec la série S et bonnes notes en Philosophie, SVT / Biologie-Géologie. Profil aligné avec l'objectif de Designer UI/UX."
STD_2026_0313,Tiana Rakotondrabe,21,M,G,Mathématiques de gestion:11.34; Gestion / Comptabilité:14.08; Français:9.39; Anglais:12.02; Économie:14.11; Histoire-Géographie:13.55; Philosophie:13.65; EPS:11.35,12.43,Économie; Gestion / Comptabilité,Mathématiques de gestion; Français,Jeux de Stratégie; Volontariat,Statistiques inférentielles; Python / R Data; Résolution de problèmes,Espaces de Coworking / Startup,Statisticien Décisionnel,ISAIA; GCA; CAA,ISAIA,Informatique et Télécommunication,72.33,Moyen,"Excellente adéquation avec la série G et bonnes notes en Économie, Gestion / Comptabilité. Profil aligné avec l'objectif de Statisticien Décisionnel."
STD_2026_0314,Kanto Ratsimbazafy,20,F,Technique,Mathématiques appliquées:12.94; Physique appliquée / Technologie:16.11; Dessin technique:16.37; Français:12.75; Anglais:10.72; Philosophie:11.7; EPS:9.55,13.56,Dessin technique; Physique appliquée / Technologie,Anglais; EPS,Jeux de Stratégie; Économie & Bourse,Gestion de projets durables; Ingénierie touristique; Résolution de problèmes,Bureau & Télétravail,Guide Patrimoine,TEE; PIP; GCA,TEE,Techniques du Tourisme,49.52,Faible,"Excellente adéquation avec la série Technique et bonnes notes en Dessin technique, Physique appliquée / Technologie. Profil aligné avec l'objectif de Guide Patrimoine."
STD_2026_0315,Mialy Ratsimbazafy,21,F,A,Philosophie:16.65; Français:15.06; Malagasy:14.83; Histoire-Géographie:12.32; Anglais:10.75; LV2:9.99; Mathématiques:11.41; SVT / Sciences humaines:11.28; EPS:11.15,13.24,Philosophie; Français,Anglais; LV2,Nature & Écologie; Jeux de Stratégie,Yield Management; Management hôtelier; Résolution de problèmes,Bureau & Télétravail,Chef de projet Événementiel,TEH; CAA; GCA,TEH,Techniques du Tourisme,73.4,Moyen,"Excellente adéquation avec la série A et bonnes notes en Philosophie, Français. Profil aligné avec l'objectif de Chef de projet Événementiel."
STD_2026_0316,Dina Randriamampianina,19,M,A1,Philosophie:13.63; Français:12.7; Malagasy:11.09; Histoire-Géographie:11.77; Anglais:10.37; LV2:15.18; Mathématiques:8.64; SVT / Sciences humaines:12.86; EPS:13.66,12.34,LV2; EPS,Anglais; Mathématiques,Lecture & Écriture; Volontariat,Marketing Digital; Negociation internationale; Résolution de problèmes,Entreprise industrielle,Directeur des Ventes,CAA; EMII; IAA,CAA,Techniques des Affaires,71.31,Moyen,"Excellente adéquation avec la série A1 et bonnes notes en LV2, EPS. Profil aligné avec l'objectif de Directeur des Ventes."
STD_2026_0317,Andry Randriamampianina,16,M,A2,Philosophie:12.32; Français:12.14; Malagasy:10.54; Histoire-Géographie:12.91; Anglais:13.89; LV2:14.27; Mathématiques:8.43; SVT / Sciences humaines:11.6; EPS:11.22,12.23,LV2; Anglais,Malagasy; Mathématiques,Volontariat; Dessin & Design,Analyse fiscale; Conseil d'entreprise; Résolution de problèmes,Entreprise industrielle,Gestionnaire de Contrats,DTJA; ESIIA; CAA,DTJA,Techniques des Affaires,77.79,Élevé,"Excellente adéquation avec la série A2 et bonnes notes en LV2, Anglais. Profil aligné avec l'objectif de Gestionnaire de Contrats."
STD_2026_0318,Rova Ratsimbazafy,18,M,L,Philosophie:11.56; Français et Littérature:16.16; Anglais:10.5; LV2:16.65; Malagasy:15.59; Histoire-Géographie:14.7; Éducation civique:15.6; Mathématiques:7.95; Arts / options culturelles:13.22; EPS:14.32,13.76,LV2; Français et Littérature,Anglais; Mathématiques,Musique; Volontariat,Étude d'impact économique; Analyse financière; Résolution de problèmes,Sur le terrain / Chantier,Consultant en Organisation,EMP; FIC; DTJA,EMP,Techniques des Affaires,45.98,Faible,"Excellente adéquation avec la série L et bonnes notes en LV2, Français et Littérature. Profil aligné avec l'objectif de Consultant en Organisation."
STD_2026_0319,Tojo Andriantsitohaina,19,M,C,"Mathématiques:17.08; Sciences Physiques, Chimiques et Technologie (SPCT):14.14; Français:13.19; Philosophie:8.94; Malagasy:10.31; Histoire-Géographie:13.52; Anglais:12.8; SVT:14.77; EPS:6.32",13.52,Mathématiques; SVT,Philosophie; EPS,Lecture & Écriture; Dessin & Design,Gestion de trésorerie; Audit financier; Résolution de problèmes,Laboratoire & R&D,Auditeur Financier,FIC; PIP; IGGLIA,FIC,Techniques des Affaires,83.25,Élevé,"Excellente adéquation avec la série C et bonnes notes en Mathématiques, SVT. Profil aligné avec l'objectif de Auditeur Financier."
STD_2026_0320,Hery Randriamampianina,16,M,D,"SVT:17.34; Sciences Physiques, Chimiques et Technologie (SPCT):14.97; Mathématiques:9.72; Français:8.98; Philosophie:13.18; Malagasy:9.08; Histoire-Géographie:11.96; Anglais:12.8; EPS:5.35",12.39,"SVT; Sciences Physiques, Chimiques et Technologie (SPCT)",Français; EPS,Volontariat; Sport d'équipe,Agronomie; Zootechnie; Résolution de problèmes,Espaces de Coworking / Startup,Responsable d'élevage,AEE; EMP; CAA,AEE,Biotechnologie et Agronomie,81.05,Élevé,"Excellente adéquation avec la série D et bonnes notes en SVT, Sciences Physiques, Chimiques et Technologie (SPCT). Profil aligné avec l'objectif de Responsable d'élevage."
STD_2026_0321,Dina Razafindrakoto,17,M,S,Mathématiques:18.22; Sciences Physiques et Chimiques:15.48; SVT / Biologie-Géologie:13.35; Français:14.44; Philosophie:13.55; Malagasy:16.29; Histoire-Géographie:13.9; Anglais:9.63; EPS:11.6,14.85,Mathématiques; Malagasy,EPS; Anglais,Musique; Économie & Bourse,Microbiologie; Process agroalimentaires; Résolution de problèmes,Laboratoire & R&D,Conducteur de ligne de production,IAA; TEE; ICMP,IAA,Biotechnologie et Agronomie,82.51,Élevé,"Excellente adéquation avec la série S et bonnes notes en Mathématiques, Malagasy. Profil aligné avec l'objectif de Conducteur de ligne de production."
STD_2026_0322,Faly Rakotondrabe,19,F,G,Mathématiques de gestion:15.15; Gestion / Comptabilité:15.11; Français:11.05; Anglais:12.01; Économie:17.56; Histoire-Géographie:9.83; Philosophie:10.52; EPS:10.75,13.49,Économie; Mathématiques de gestion,Philosophie; Histoire-Géographie,Sport d'équipe; Jeux de Stratégie,Normes GMP/BPF; Analyse en laboratoire; Résolution de problèmes,Entreprise industrielle,Responsable contrôle qualité labo,PIP; ESIIA; TEH,PIP,Biotechnologie et Agronomie,49.33,Faible,"Excellente adéquation avec la série G et bonnes notes en Économie, Mathématiques de gestion. Profil aligné avec l'objectif de Responsable contrôle qualité labo."
STD_2026_0323,Tiana Andriantsitohaina,21,M,Technique,Mathématiques appliquées:13.78; Physique appliquée / Technologie:17.17; Dessin technique:16.14; Français:8.66; Anglais:14.09; Philosophie:7.42; EPS:12.13,13.75,Physique appliquée / Technologie; Dessin technique,Français; Philosophie,Lecture & Écriture; Volontariat,Maintenance industrielle; CAO Mécanique; Résolution de problèmes,Entreprise industrielle,Ingénieur Électromécanicien,EMII; IGGLIA; TEH,EMII,Génie Industriel et Génie Civil,81.46,Élevé,"Excellente adéquation avec la série Technique et bonnes notes en Physique appliquée / Technologie, Dessin technique. Profil aligné avec l'objectif de Ingénieur Électromécanicien."
STD_2026_0324,Mialy Rasoanaivo,16,F,A,Philosophie:13.46; Français:14.15; Malagasy:13.23; Histoire-Géographie:15.88; Anglais:16.48; LV2:16.6; Mathématiques:8.12; SVT / Sciences humaines:9.37; EPS:11.97,13.76,LV2; Anglais,SVT / Sciences humaines; Mathématiques,Volontariat; Musique,Conduite de chantier BTP; Calcul de structures; Résolution de problèmes,Espaces de Coworking / Startup,Ingénieur Génie Civil,GCA; ESIIA; DTJA,GCA,Génie Industriel et Génie Civil,55.94,Moyen,"Excellente adéquation avec la série A et bonnes notes en LV2, Anglais. Profil aligné avec l'objectif de Ingénieur Génie Civil."
STD_2026_0325,Rova Rajaonarivelo,16,F,A1,Philosophie:14.6; Français:11.11; Malagasy:9.94; Histoire-Géographie:11.57; Anglais:8.5; LV2:14.36; Mathématiques:11.01; SVT / Sciences humaines:8.87; EPS:12.77,11.62,Philosophie; LV2,SVT / Sciences humaines; Anglais,Nature & Écologie; Sport d'équipe,Normes QHSE; Raffinage et extraction; Résolution de problèmes,Bureau & Télétravail,Responsable d'extraction,ICMP; IAA; DTJA,ICMP,Génie Industriel et Génie Civil,44.14,Faible,"Excellente adéquation avec la série A1 et bonnes notes en Philosophie, LV2. Profil aligné avec l'objectif de Responsable d'extraction."
STD_2026_0326,Fitia Rasoanaivo,18,F,A2,Philosophie:16.19; Français:15.77; Malagasy:8.99; Histoire-Géographie:9.43; Anglais:12.32; LV2:15.7; Mathématiques:9.45; SVT / Sciences humaines:5.13; EPS:13.56,12.56,Philosophie; Français,Malagasy; SVT / Sciences humaines,Dessin & Design; Économie & Bourse,Signal & Traitement; Électronique numérique; Résolution de problèmes,Sur le terrain / Chantier,Développeur IoT,ESIIA; DTJA; CAA,ESIIA,Informatique et Télécommunication,45.36,Faible,"Excellente adéquation avec la série A2 et bonnes notes en Philosophie, Français. Profil aligné avec l'objectif de Développeur IoT."
STD_2026_0327,Nomena Rajaonarivelo,19,F,L,Philosophie:18.37; Français et Littérature:14.98; Anglais:12.52; LV2:18.34; Malagasy:10.83; Histoire-Géographie:13.82; Éducation civique:9.57; Mathématiques:12.98; Arts / options culturelles:13.03; EPS:14.35,14.5,Philosophie; LV2,Malagasy; Éducation civique,Sport d'équipe; Musique,SQL & Bases de données; Algorithmique & Python; Résolution de problèmes,Entreprise industrielle,Développeur Fullstack,IGGLIA; EMII; PIP,IGGLIA,Informatique et Télécommunication,57.13,Moyen,"Excellente adéquation avec la série L et bonnes notes en Philosophie, LV2. Profil aligné avec l'objectif de Développeur Fullstack."
STD_2026_0328,Mialy Andriantsitohaina,17,M,C,"Mathématiques:14.94; Sciences Physiques, Chimiques et Technologie (SPCT):13.05; Français:15.35; Philosophie:10.27; Malagasy:12.24; Histoire-Géographie:12.73; Anglais:13.21; SVT:15.33; EPS:12.52",13.68,Français; SVT,Malagasy; Philosophie,Nature & Écologie; Sport d'équipe,Infographie & 3D; Réseaux informatiques; Résolution de problèmes,Sur le terrain / Chantier,Développeur Web/Mobile,IMTICIA; PIP; DTJA,IMTICIA,Informatique et Télécommunication,83.62,Élevé,"Excellente adéquation avec la série C et bonnes notes en Français, SVT. Profil aligné avec l'objectif de Développeur Web/Mobile."
STD_2026_0329,Toky Ramanantsoa,16,M,D,"SVT:16.75; Sciences Physiques, Chimiques et Technologie (SPCT):17.56; Mathématiques:11.94; Français:14.17; Philosophie:11.77; Malagasy:14.4; Histoire-Géographie:12.09; Anglais:12.82; EPS:7.28",14.04,"Sciences Physiques, Chimiques et Technologie (SPCT); SVT",Philosophie; EPS,Robotique; Volontariat,Statistiques inférentielles; Machine Learning & Deep Learning; Résolution de problèmes,Entreprise industrielle,Data Analyst,ISAIA; IMTICIA; PIP,ISAIA,Informatique et Télécommunication,75.01,Élevé,"Excellente adéquation avec la série D et bonnes notes en Sciences Physiques, Chimiques et Technologie (SPCT), SVT. Profil aligné avec l'objectif de Data Analyst."
STD_2026_0330,Henintsoa Rakotomalala,19,M,S,Mathématiques:14.83; Sciences Physiques et Chimiques:13.3; SVT / Biologie-Géologie:16.21; Français:9.73; Philosophie:9.76; Malagasy:13.7; Histoire-Géographie:11.62; Anglais:14.38; EPS:15.49,13.67,SVT / Biologie-Géologie; EPS,Philosophie; Français,Sport d'équipe; Musique,Écotourisme & Biodiversité; Gestion de projets durables; Résolution de problèmes,Laboratoire & R&D,Guide Patrimoine,TEE; FIC; CAA,TEE,Techniques du Tourisme,74.53,Moyen,"Excellente adéquation avec la série S et bonnes notes en SVT / Biologie-Géologie, EPS. Profil aligné avec l'objectif de Guide Patrimoine."
STD_2026_0331,Tojo Ratsimbazafy,17,F,G,Mathématiques de gestion:14.41; Gestion / Comptabilité:20.0; Français:12.37; Anglais:12.7; Économie:15.06; Histoire-Géographie:12.04; Philosophie:11.32; EPS:14.8,14.79,Gestion / Comptabilité; Économie,Histoire-Géographie; Philosophie,Lecture & Écriture; Jeux de Stratégie,Management hôtelier; Gestion événementielle; Résolution de problèmes,Entreprise industrielle,Directeur de l'Hébergement,TEH; ESIIA; EMII,TEH,Techniques du Tourisme,78.48,Élevé,"Excellente adéquation avec la série G et bonnes notes en Gestion / Comptabilité, Économie. Profil aligné avec l'objectif de Directeur de l'Hébergement."
STD_2026_0332,Soa Rajaonarivelo,18,M,Technique,Mathématiques appliquées:15.92; Physique appliquée / Technologie:14.85; Dessin technique:9.6; Français:13.29; Anglais:12.61; Philosophie:11.23; EPS:10.12,13.21,Mathématiques appliquées; Physique appliquée / Technologie,EPS; Dessin technique,Robotique; Jeux de Stratégie,Negociation internationale; Marketing Digital; Résolution de problèmes,Bureau & Télétravail,Responsable Commercial,CAA; TEE; FIC,CAA,Techniques des Affaires,59.81,Moyen,"Excellente adéquation avec la série Technique et bonnes notes en Mathématiques appliquées, Physique appliquée / Technologie. Profil aligné avec l'objectif de Responsable Commercial."
STD_2026_0333,Fitia Rakotondrabe,19,M,A,Philosophie:13.15; Français:15.25; Malagasy:10.08; Histoire-Géographie:11.33; Anglais:12.86; LV2:11.04; Mathématiques:5.24; SVT / Sciences humaines:13.77; EPS:11.64,12.02,Français; SVT / Sciences humaines,Malagasy; Mathématiques,Lecture & Écriture; Nature & Écologie,Conseil d'entreprise; Analyse fiscale; Résolution de problèmes,Sur le terrain / Chantier,Assistant Juridique,DTJA; FIC; EMP,DTJA,Techniques des Affaires,78.72,Élevé,"Excellente adéquation avec la série A et bonnes notes en Français, SVT / Sciences humaines. Profil aligné avec l'objectif de Assistant Juridique."
STD_2026_0334,Henintsoa Rasoanaivo,19,F,A1,Philosophie:19.4; Français:13.99; Malagasy:10.19; Histoire-Géographie:11.19; Anglais:8.66; LV2:12.35; Mathématiques:7.94; SVT / Sciences humaines:12.11; EPS:12.57,12.69,Philosophie; Français,Anglais; Mathématiques,Sport d'équipe; Économie & Bourse,Gestion de projet Agile/PMP; Analyse financière; Résolution de problèmes,Laboratoire & R&D,Scrum Master,EMP; TEH; DTJA,EMP,Techniques des Affaires,69.69,Moyen,"Excellente adéquation avec la série A1 et bonnes notes en Philosophie, Français. Profil aligné avec l'objectif de Scrum Master."
STD_2026_0335,Nary Rakotomalala,20,F,A2,Philosophie:14.58; Français:13.17; Malagasy:8.25; Histoire-Géographie:13.23; Anglais:6.37; LV2:11.71; Mathématiques:14.31; SVT / Sciences humaines:10.66; EPS:10.91,11.52,Philosophie; Mathématiques,Malagasy; Anglais,Lecture & Écriture; Dessin & Design,Comptabilité générale & analytique; Gestion de trésorerie; Résolution de problèmes,Espaces de Coworking / Startup,Comptable Senior,FIC; DTJA; CAA,FIC,Techniques des Affaires,57.84,Moyen,"Excellente adéquation avec la série A2 et bonnes notes en Philosophie, Mathématiques. Profil aligné avec l'objectif de Comptable Senior."
STD_2026_0336,Sitraka Rakotomalala,17,F,L,Philosophie:11.76; Français et Littérature:18.76; Anglais:11.88; LV2:11.77; Malagasy:15.55; Histoire-Géographie:14.31; Éducation civique:11.66; Mathématiques:7.05; Arts / options culturelles:15.03; EPS:8.92,13.19,Français et Littérature; Malagasy,EPS; Mathématiques,Robotique; Lecture & Écriture,Gestion d'exploitation; Agronomie; Résolution de problèmes,Sur le terrain / Chantier,Agronome,AEE; ISAIA; CAA,AEE,Biotechnologie et Agronomie,57.4,Moyen,"Excellente adéquation avec la série L et bonnes notes en Français et Littérature, Malagasy. Profil aligné avec l'objectif de Agronome."
STD_2026_0337,Sitraka Ratsimbazafy,17,M,C,"Mathématiques:18.19; Sciences Physiques, Chimiques et Technologie (SPCT):15.74; Français:9.24; Philosophie:12.24; Malagasy:17.52; Histoire-Géographie:9.12; Anglais:11.03; SVT:16.22; EPS:12.39",14.58,Mathématiques; Malagasy,Français; Histoire-Géographie,Dessin & Design; Sport d'équipe,Microbiologie; Biochimie alimentaire; Résolution de problèmes,Entreprise industrielle,Conducteur de ligne de production,IAA; AEE; IGGLIA,IAA,Biotechnologie et Agronomie,79.49,Élevé,"Excellente adéquation avec la série C et bonnes notes en Mathématiques, Malagasy. Profil aligné avec l'objectif de Conducteur de ligne de production."
STD_2026_0338,Nomena Razafindrakoto,17,F,D,"SVT:18.65; Sciences Physiques, Chimiques et Technologie (SPCT):15.82; Mathématiques:9.99; Français:10.23; Philosophie:12.54; Malagasy:11.98; Histoire-Géographie:10.67; Anglais:13.46; EPS:11.04",13.48,"SVT; Sciences Physiques, Chimiques et Technologie (SPCT)",Français; Mathématiques,Volontariat; Dessin & Design,Pharmacologie; Normes GMP/BPF; Résolution de problèmes,Bureau & Télétravail,Responsable contrôle qualité labo,PIP; TEH; ICMP,PIP,Biotechnologie et Agronomie,82.09,Élevé,"Excellente adéquation avec la série D et bonnes notes en SVT, Sciences Physiques, Chimiques et Technologie (SPCT). Profil aligné avec l'objectif de Responsable contrôle qualité labo."
STD_2026_0339,Hasina Ratsimbazafy,18,M,S,Mathématiques:15.27; Sciences Physiques et Chimiques:13.16; SVT / Biologie-Géologie:13.12; Français:13.43; Philosophie:14.93; Malagasy:13.42; Histoire-Géographie:9.34; Anglais:10.72; EPS:14.44,13.47,Mathématiques; Philosophie,Anglais; Histoire-Géographie,Volontariat; Économie & Bourse,Électrotechnique; Maintenance industrielle; Résolution de problèmes,Bureau & Télétravail,Concepteur Mécatronique,EMII; EMP; CAA,EMII,Génie Industriel et Génie Civil,83.28,Élevé,"Excellente adéquation avec la série S et bonnes notes en Mathématiques, Philosophie. Profil aligné avec l'objectif de Concepteur Mécatronique."
STD_2026_0340,Tiana Rasoanaivo,21,F,G,Mathématiques de gestion:13.61; Gestion / Comptabilité:18.96; Français:14.15; Anglais:10.67; Économie:12.4; Histoire-Géographie:12.77; Philosophie:9.43; EPS:5.85,13.34,Gestion / Comptabilité; Français,Philosophie; EPS,Jeux de Stratégie; Programmation & Code,Calcul de structures; Métré et devis; Résolution de problèmes,Sur le terrain / Chantier,Ingénieur Génie Civil,GCA; TEE; IAA,GCA,Génie Industriel et Génie Civil,54.76,Faible,"Excellente adéquation avec la série G et bonnes notes en Gestion / Comptabilité, Français. Profil aligné avec l'objectif de Ingénieur Génie Civil."
STD_2026_0341,Nomena Rajaonarivelo,17,M,Technique,Mathématiques appliquées:20.0; Physique appliquée / Technologie:15.91; Dessin technique:16.08; Français:14.77; Anglais:12.79; Philosophie:7.67; EPS:12.62,15.5,Mathématiques appliquées; Dessin technique,EPS; Philosophie,Économie & Bourse; Volontariat,Géologie minière; Raffinage et extraction; Résolution de problèmes,Sur le terrain / Chantier,Responsable d'extraction,ICMP; DTJA; AEE,ICMP,Génie Industriel et Génie Civil,98.14,Élevé,"Excellente adéquation avec la série Technique et bonnes notes en Mathématiques appliquées, Dessin technique. Profil aligné avec l'objectif de Responsable d'extraction."
STD_2026_0342,Tojo Rakotondrabe,18,M,A,Philosophie:15.43; Français:13.94; Malagasy:8.6; Histoire-Géographie:13.44; Anglais:8.81; LV2:11.27; Mathématiques:10.46; SVT / Sciences humaines:14.2; EPS:9.24,12.1,Philosophie; SVT / Sciences humaines,Anglais; Malagasy,Musique; Économie & Bourse,Microcontrôleurs IoT; C/C++ embarqué; Résolution de problèmes,Sur le terrain / Chantier,Ingénieur Robotique,ESIIA; AEE; IAA,ESIIA,Informatique et Télécommunication,45.15,Faible,"Excellente adéquation avec la série A et bonnes notes en Philosophie, SVT / Sciences humaines. Profil aligné avec l'objectif de Ingénieur Robotique."
STD_2026_0343,Nary Rasoanaivo,19,M,A1,Philosophie:16.79; Français:11.12; Malagasy:14.69; Histoire-Géographie:8.37; Anglais:6.47; LV2:10.16; Mathématiques:8.2; SVT / Sciences humaines:11.1; EPS:12.36,11.5,Philosophie; Malagasy,Mathématiques; Anglais,Dessin & Design; Nature & Écologie,Algorithmique & Python; Génie Logiciel & Java/Web; Résolution de problèmes,Laboratoire & R&D,Ingénieur Génie Logiciel,IGGLIA; EMP; CAA,IGGLIA,Informatique et Télécommunication,63.79,Moyen,"Excellente adéquation avec la série A1 et bonnes notes en Philosophie, Malagasy. Profil aligné avec l'objectif de Ingénieur Génie Logiciel."
STD_2026_0344,Toky Rajaonarivelo,19,F,A2,Philosophie:12.6; Français:7.68; Malagasy:12.14; Histoire-Géographie:9.65; Anglais:7.82; LV2:18.41; Mathématiques:11.03; SVT / Sciences humaines:8.65; EPS:7.58,10.88,LV2; Philosophie,Français; EPS,Dessin & Design; Économie & Bourse,Développement Web/Mobile; Infographie & 3D; Résolution de problèmes,Entreprise industrielle,Designer UI/UX,IMTICIA; IAA; DTJA,IMTICIA,Informatique et Télécommunication,72.44,Moyen,"Excellente adéquation avec la série A2 et bonnes notes en LV2, Philosophie. Profil aligné avec l'objectif de Designer UI/UX."
STD_2026_0345,Sitraka Rabenjamina,20,F,L,Philosophie:13.7; Français et Littérature:14.19; Anglais:8.61; LV2:18.61; Malagasy:13.76; Histoire-Géographie:14.53; Éducation civique:15.15; Mathématiques:10.59; Arts / options culturelles:9.01; EPS:8.93,13.14,LV2; Éducation civique,EPS; Anglais,Musique; Jeux de Stratégie,Python / R Data; PowerBI & Analytics; Résolution de problèmes,Sur le terrain / Chantier,Data Scientist,ISAIA; TEH; IGGLIA,ISAIA,Informatique et Télécommunication,48.73,Faible,"Excellente adéquation avec la série L et bonnes notes en LV2, Éducation civique. Profil aligné avec l'objectif de Data Scientist."
STD_2026_0346,Nomena Rakotomalala,21,M,C,"Mathématiques:13.49; Sciences Physiques, Chimiques et Technologie (SPCT):14.79; Français:9.62; Philosophie:8.11; Malagasy:8.99; Histoire-Géographie:12.18; Anglais:12.93; SVT:13.27; EPS:9.14",12.23,"Sciences Physiques, Chimiques et Technologie (SPCT); Mathématiques",Malagasy; Philosophie,Jeux de Stratégie; Volontariat,Guide & Médiation; Écotourisme & Biodiversité; Résolution de problèmes,Bureau & Télétravail,Responsable Parc Naturel,TEE; PIP; EMP,TEE,Techniques du Tourisme,52.95,Faible,"Excellente adéquation avec la série C et bonnes notes en Sciences Physiques, Chimiques et Technologie (SPCT), Mathématiques. Profil aligné avec l'objectif de Responsable Parc Naturel."
STD_2026_0347,Faly Rakotondrabe,21,F,D,"SVT:16.19; Sciences Physiques, Chimiques et Technologie (SPCT):15.12; Mathématiques:13.58; Français:11.9; Philosophie:11.46; Malagasy:10.51; Histoire-Géographie:13.39; Anglais:12.5; EPS:8.42",13.41,"SVT; Sciences Physiques, Chimiques et Technologie (SPCT)",Malagasy; EPS,Dessin & Design; Lecture & Écriture,Yield Management; Management hôtelier; Résolution de problèmes,Sur le terrain / Chantier,Chef de projet Événementiel,TEH; ICMP; IAA,TEH,Techniques du Tourisme,76.99,Élevé,"Excellente adéquation avec la série D et bonnes notes en SVT, Sciences Physiques, Chimiques et Technologie (SPCT). Profil aligné avec l'objectif de Chef de projet Événementiel."
STD_2026_0348,Nary Rajaonarivelo,17,M,S,Mathématiques:17.74; Sciences Physiques et Chimiques:17.38; SVT / Biologie-Géologie:13.28; Français:4.65; Philosophie:6.29; Malagasy:16.66; Histoire-Géographie:8.66; Anglais:14.34; EPS:10.13,13.58,Mathématiques; Sciences Physiques et Chimiques,Philosophie; Français,Robotique; Sport d'équipe,Marketing Digital; Techniques de Vente; Résolution de problèmes,Laboratoire & R&D,Chef de Produit Marketing,CAA; ICMP; PIP,CAA,Techniques des Affaires,74.23,Moyen,"Excellente adéquation avec la série S et bonnes notes en Mathématiques, Sciences Physiques et Chimiques. Profil aligné avec l'objectif de Chef de Produit Marketing."
STD_2026_0349,Sitraka Rajaonarivelo,20,M,G,Mathématiques de gestion:10.6; Gestion / Comptabilité:15.23; Français:12.82; Anglais:11.68; Économie:13.43; Histoire-Géographie:9.72; Philosophie:9.69; EPS:9.42,12.2,Gestion / Comptabilité; Économie,Philosophie; EPS,Musique; Robotique,Analyse fiscale; Conseil d'entreprise; Résolution de problèmes,Sur le terrain / Chantier,Gestionnaire de Contrats,DTJA; ISAIA; ESIIA,DTJA,Techniques des Affaires,75.36,Élevé,"Excellente adéquation avec la série G et bonnes notes en Gestion / Comptabilité, Économie. Profil aligné avec l'objectif de Gestionnaire de Contrats."
STD_2026_0350,Henintsoa Rakotondrabe,16,F,Technique,Mathématiques appliquées:15.28; Physique appliquée / Technologie:11.96; Dessin technique:12.55; Français:13.67; Anglais:9.78; Philosophie:6.28; EPS:16.48,12.67,EPS; Mathématiques appliquées,Anglais; Philosophie,Lecture & Écriture; Économie & Bourse,Gestion de projet Agile/PMP; Étude d'impact économique; Résolution de problèmes,Bureau & Télétravail,Consultant en Organisation,EMP; IGGLIA; EMII,EMP,Techniques des Affaires,59.0,Moyen,"Excellente adéquation avec la série Technique et bonnes notes en EPS, Mathématiques appliquées. Profil aligné avec l'objectif de Consultant en Organisation."
STD_2026_0351,Vero Randriamampianina,20,F,A,Philosophie:16.43; Français:12.73; Malagasy:6.99; Histoire-Géographie:9.36; Anglais:10.31; LV2:13.29; Mathématiques:11.95; SVT / Sciences humaines:6.68; EPS:10.96,11.37,Philosophie; LV2,Malagasy; SVT / Sciences humaines,Jeux de Stratégie; Volontariat,Gestion de trésorerie; Audit financier; Résolution de problèmes,Entreprise industrielle,Auditeur Financier,FIC; DTJA; CAA,FIC,Techniques des Affaires,57.57,Moyen,"Excellente adéquation avec la série A et bonnes notes en Philosophie, LV2. Profil aligné avec l'objectif de Auditeur Financier."
STD_2026_0352,Nary Razafindrakoto,21,F,A1,Philosophie:14.05; Français:16.5; Malagasy:12.7; Histoire-Géographie:9.97; Anglais:11.67; LV2:12.0; Mathématiques:10.26; SVT / Sciences humaines:8.39; EPS:15.64,12.77,Français; EPS,Histoire-Géographie; SVT / Sciences humaines,Lecture & Écriture; Dessin & Design,Agronomie; Zootechnie; Résolution de problèmes,Espaces de Coworking / Startup,Responsable d'élevage,AEE; PIP; FIC,AEE,Biotechnologie et Agronomie,78.12,Élevé,"Excellente adéquation avec la série A1 et bonnes notes en Français, EPS. Profil aligné avec l'objectif de Responsable d'élevage."
STD_2026_0353,Sitraka Rabenjamina,18,F,A2,Philosophie:16.55; Français:13.41; Malagasy:12.6; Histoire-Géographie:14.92; Anglais:10.38; LV2:15.41; Mathématiques:8.76; SVT / Sciences humaines:10.38; EPS:12.16,13.3,Philosophie; LV2,SVT / Sciences humaines; Mathématiques,Musique; Programmation & Code,Microbiologie; Biochimie alimentaire; Résolution de problèmes,Laboratoire & R&D,Responsable Qualité HACCP,IAA; TEE; ISAIA,IAA,Biotechnologie et Agronomie,50.0,Faible,"Excellente adéquation avec la série A2 et bonnes notes en Philosophie, LV2. Profil aligné avec l'objectif de Responsable Qualité HACCP."
STD_2026_0354,Lova Rabenjamina,20,M,L,Philosophie:17.14; Français et Littérature:11.19; Anglais:14.56; LV2:15.19; Malagasy:16.12; Histoire-Géographie:12.08; Éducation civique:8.28; Mathématiques:9.48; Arts / options culturelles:11.63; EPS:14.0,13.5,Philosophie; Malagasy,Mathématiques; Éducation civique,Lecture & Écriture; Musique,Analyse en laboratoire; Pharmacologie; Résolution de problèmes,Sur le terrain / Chantier,Délégué médical,PIP; IMTICIA; EMII,PIP,Biotechnologie et Agronomie,46.24,Faible,"Excellente adéquation avec la série L et bonnes notes en Philosophie, Malagasy. Profil aligné avec l'objectif de Délégué médical."
STD_2026_0355,Dina Andriantsitohaina,21,F,C,"Mathématiques:15.4; Sciences Physiques, Chimiques et Technologie (SPCT):15.66; Français:13.96; Philosophie:13.57; Malagasy:9.65; Histoire-Géographie:5.61; Anglais:13.32; SVT:12.79; EPS:12.02",13.46,"Sciences Physiques, Chimiques et Technologie (SPCT); Mathématiques",Malagasy; Histoire-Géographie,Sport d'équipe; Lecture & Écriture,Électrotechnique; Automatisme PLC; Résolution de problèmes,Espaces de Coworking / Startup,Automaticien,EMII; TEE; GCA,EMII,Génie Industriel et Génie Civil,83.57,Élevé,"Excellente adéquation avec la série C et bonnes notes en Sciences Physiques, Chimiques et Technologie (SPCT), Mathématiques. Profil aligné avec l'objectif de Automaticien."
STD_2026_0356,Faly Rajaonarivelo,19,F,D,"SVT:14.53; Sciences Physiques, Chimiques et Technologie (SPCT):16.15; Mathématiques:15.95; Français:10.65; Philosophie:9.18; Malagasy:10.5; Histoire-Géographie:9.77; Anglais:11.42; EPS:8.28",13.03,"Sciences Physiques, Chimiques et Technologie (SPCT); Mathématiques",Philosophie; EPS,Lecture & Écriture; Dessin & Design,Conduite de chantier BTP; AutoCAD/Revit; Résolution de problèmes,Sur le terrain / Chantier,Conducteur de travaux,GCA; EMII; EMP,GCA,Génie Industriel et Génie Civil,83.57,Élevé,"Excellente adéquation avec la série D et bonnes notes en Sciences Physiques, Chimiques et Technologie (SPCT), Mathématiques. Profil aligné avec l'objectif de Conducteur de travaux."
STD_2026_0357,Mirana Rajaonarivelo,18,M,S,Mathématiques:9.21; Sciences Physiques et Chimiques:11.43; SVT / Biologie-Géologie:19.15; Français:7.44; Philosophie:9.15; Malagasy:7.65; Histoire-Géographie:12.11; Anglais:11.21; EPS:12.62,11.5,SVT / Biologie-Géologie; EPS,Malagasy; Français,Dessin & Design; Volontariat,Raffinage et extraction; Génie des procédés; Résolution de problèmes,Sur le terrain / Chantier,Responsable d'extraction,ICMP; PIP; ISAIA,ICMP,Génie Industriel et Génie Civil,73.82,Moyen,"Excellente adéquation avec la série S et bonnes notes en SVT / Biologie-Géologie, EPS. Profil aligné avec l'objectif de Responsable d'extraction."
STD_2026_0358,Tojo Andriantsitohaina,17,F,G,Mathématiques de gestion:12.11; Gestion / Comptabilité:20.0; Français:7.4; Anglais:14.55; Économie:14.44; Histoire-Géographie:17.09; Philosophie:6.61; EPS:12.21,13.72,Gestion / Comptabilité; Histoire-Géographie,Français; Philosophie,Dessin & Design; Nature & Écologie,Signal & Traitement; C/C++ embarqué; Résolution de problèmes,Sur le terrain / Chantier,Ingénieur Systèmes Embarqués,ESIIA; FIC; DTJA,ESIIA,Informatique et Télécommunication,55.25,Moyen,"Excellente adéquation avec la série G et bonnes notes en Gestion / Comptabilité, Histoire-Géographie. Profil aligné avec l'objectif de Ingénieur Systèmes Embarqués."
STD_2026_0359,Andry Randriamampianina,16,M,Technique,Mathématiques appliquées:14.9; Physique appliquée / Technologie:13.14; Dessin technique:13.77; Français:11.45; Anglais:10.33; Philosophie:19.57; EPS:9.47,13.34,Philosophie; Mathématiques appliquées,Anglais; EPS,Économie & Bourse; Sport d'équipe,Algorithmique & Python; Machine Learning; Résolution de problèmes,Espaces de Coworking / Startup,Développeur Fullstack,IGGLIA; CAA; TEE,IGGLIA,Informatique et Télécommunication,73.01,Moyen,"Excellente adéquation avec la série Technique et bonnes notes en Philosophie, Mathématiques appliquées. Profil aligné avec l'objectif de Développeur Fullstack."
STD_2026_0360,Mialy Razafindrakoto,16,F,A,Philosophie:15.42; Français:13.99; Malagasy:10.4; Histoire-Géographie:9.61; Anglais:10.27; LV2:14.43; Mathématiques:10.69; SVT / Sciences humaines:5.3; EPS:12.27,11.92,Philosophie; LV2,Histoire-Géographie; SVT / Sciences humaines,Économie & Bourse; Robotique,Développement Web/Mobile; Infographie & 3D; Résolution de problèmes,Bureau & Télétravail,Designer UI/UX,IMTICIA; DTJA; IAA,IMTICIA,Informatique et Télécommunication,75.69,Élevé,"Excellente adéquation avec la série A et bonnes notes en Philosophie, LV2. Profil aligné avec l'objectif de Designer UI/UX."
STD_2026_0361,Toky Razafindrakoto,21,M,A1,Philosophie:18.93; Français:14.61; Malagasy:11.58; Histoire-Géographie:12.3; Anglais:13.43; LV2:15.55; Mathématiques:6.21; SVT / Sciences humaines:8.98; EPS:13.92,13.61,Philosophie; LV2,SVT / Sciences humaines; Mathématiques,Volontariat; Dessin & Design,PowerBI & Analytics; Python / R Data; Résolution de problèmes,Bureau & Télétravail,Data Analyst,ISAIA; IGGLIA; PIP,ISAIA,Informatique et Télécommunication,58.68,Moyen,"Excellente adéquation avec la série A1 et bonnes notes en Philosophie, LV2. Profil aligné avec l'objectif de Data Analyst."
STD_2026_0362,Mialy Andriantsitohaina,18,M,A2,Philosophie:10.32; Français:16.58; Malagasy:11.22; Histoire-Géographie:8.44; Anglais:7.81; LV2:9.08; Mathématiques:8.96; SVT / Sciences humaines:13.69; EPS:12.33,10.96,Français; SVT / Sciences humaines,Histoire-Géographie; Anglais,Économie & Bourse; Programmation & Code,Guide & Médiation; Ingénierie touristique; Résolution de problèmes,Entreprise industrielle,Responsable Parc Naturel,TEE; AEE; CAA,TEE,Techniques du Tourisme,73.79,Moyen,"Excellente adéquation avec la série A2 et bonnes notes en Français, SVT / Sciences humaines. Profil aligné avec l'objectif de Responsable Parc Naturel."
STD_2026_0363,Andry Ratsimbazafy,17,M,L,Philosophie:13.57; Français et Littérature:12.11; Anglais:13.11; LV2:12.98; Malagasy:13.23; Histoire-Géographie:5.73; Éducation civique:7.37; Mathématiques:11.88; Arts / options culturelles:13.1; EPS:11.82,11.81,Philosophie; Malagasy,Éducation civique; Histoire-Géographie,Programmation & Code; Dessin & Design,Communication interculturelle; Gestion événementielle; Résolution de problèmes,Laboratoire & R&D,Chef de projet Événementiel,TEH; ESIIA; ICMP,TEH,Techniques du Tourisme,72.72,Moyen,"Excellente adéquation avec la série L et bonnes notes en Philosophie, Malagasy. Profil aligné avec l'objectif de Chef de projet Événementiel."
STD_2026_0364,Sitraka Rakotondrabe,17,F,C,"Mathématiques:15.51; Sciences Physiques, Chimiques et Technologie (SPCT):15.86; Français:11.33; Philosophie:12.4; Malagasy:11.28; Histoire-Géographie:10.24; Anglais:14.05; SVT:14.55; EPS:13.27",13.93,"Sciences Physiques, Chimiques et Technologie (SPCT); Mathématiques",Malagasy; Histoire-Géographie,Jeux de Stratégie; Musique,Marketing Digital; Techniques de Vente; Résolution de problèmes,Espaces de Coworking / Startup,Chef de Produit Marketing,CAA; ICMP; TEE,CAA,Techniques des Affaires,85.96,Élevé,"Excellente adéquation avec la série C et bonnes notes en Sciences Physiques, Chimiques et Technologie (SPCT), Mathématiques. Profil aligné avec l'objectif de Chef de Produit Marketing."
STD_2026_0365,Nomena Rabenjamina,21,F,D,"SVT:12.11; Sciences Physiques, Chimiques et Technologie (SPCT):15.73; Mathématiques:10.4; Français:9.52; Philosophie:10.45; Malagasy:11.95; Histoire-Géographie:12.72; Anglais:9.96; EPS:14.68",12.12,"Sciences Physiques, Chimiques et Technologie (SPCT); EPS",Anglais; Français,Volontariat; Lecture & Écriture,Droit des contrats; Conseil d'entreprise; Résolution de problèmes,Bureau & Télétravail,Gestionnaire de Contrats,DTJA; FIC; AEE,DTJA,Techniques des Affaires,74.12,Moyen,"Excellente adéquation avec la série D et bonnes notes en Sciences Physiques, Chimiques et Technologie (SPCT), EPS. Profil aligné avec l'objectif de Gestionnaire de Contrats."
STD_2026_0366,Toky Rabenjamina,17,M,S,Mathématiques:12.71; Sciences Physiques et Chimiques:12.82; SVT / Biologie-Géologie:19.13; Français:10.1; Philosophie:11.65; Malagasy:11.19; Histoire-Géographie:13.67; Anglais:14.89; EPS:11.19,13.45,SVT / Biologie-Géologie; Anglais,EPS; Français,Lecture & Écriture; Robotique,Étude d'impact économique; Gestion des risques; Résolution de problèmes,Sur le terrain / Chantier,Chef de Projet,EMP; TEH; EMII,EMP,Techniques des Affaires,72.25,Moyen,"Excellente adéquation avec la série S et bonnes notes en SVT / Biologie-Géologie, Anglais. Profil aligné avec l'objectif de Chef de Projet."
STD_2026_0367,Nomena Ratsimbazafy,19,F,G,Mathématiques de gestion:14.49; Gestion / Comptabilité:17.06; Français:12.75; Anglais:10.86; Économie:19.36; Histoire-Géographie:10.07; Philosophie:11.93; EPS:15.82,14.56,Économie; Gestion / Comptabilité,Anglais; Histoire-Géographie,Robotique; Programmation & Code,Contrôle de gestion; Gestion de trésorerie; Résolution de problèmes,Entreprise industrielle,Directeur Financier (CFO),FIC; ICMP; PIP,FIC,Techniques des Affaires,93.17,Élevé,"Excellente adéquation avec la série G et bonnes notes en Économie, Gestion / Comptabilité. Profil aligné avec l'objectif de Directeur Financier (CFO)."
STD_2026_0368,Mirana Ramanantsoa,16,M,Technique,Mathématiques appliquées:17.2; Physique appliquée / Technologie:14.33; Dessin technique:11.7; Français:4.81; Anglais:10.14; Philosophie:13.69; EPS:11.52,12.74,Mathématiques appliquées; Physique appliquée / Technologie,Anglais; Français,Sport d'équipe; Programmation & Code,Gestion d'exploitation; Analyse des sols; Résolution de problèmes,Laboratoire & R&D,Responsable d'élevage,AEE; CAA; EMII,AEE,Biotechnologie et Agronomie,44.66,Faible,"Excellente adéquation avec la série Technique et bonnes notes en Mathématiques appliquées, Physique appliquée / Technologie. Profil aligné avec l'objectif de Responsable d'élevage."
STD_2026_0369,Henintsoa Andriantsitohaina,18,F,A,Philosophie:14.64; Français:10.78; Malagasy:15.73; Histoire-Géographie:12.01; Anglais:7.78; LV2:14.68; Mathématiques:7.97; SVT / Sciences humaines:6.51; EPS:14.73,12.13,Malagasy; EPS,Anglais; SVT / Sciences humaines,Lecture & Écriture; Volontariat,Microbiologie; Biochimie alimentaire; Résolution de problèmes,Entreprise industrielle,Conducteur de ligne de production,IAA; CAA; PIP,IAA,Biotechnologie et Agronomie,41.78,Faible,"Excellente adéquation avec la série A et bonnes notes en Malagasy, EPS. Profil aligné avec l'objectif de Conducteur de ligne de production."
STD_2026_0370,Hery Rasoanaivo,18,F,A1,Philosophie:17.84; Français:15.11; Malagasy:9.76; Histoire-Géographie:9.06; Anglais:10.17; LV2:15.39; Mathématiques:13.36; SVT / Sciences humaines:10.67; EPS:11.27,12.91,Philosophie; LV2,Malagasy; Histoire-Géographie,Lecture & Écriture; Nature & Écologie,Pharmacologie; Analyse en laboratoire; Résolution de problèmes,Entreprise industrielle,Assistant de recherche galénique,PIP; ESIIA; IMTICIA,PIP,Biotechnologie et Agronomie,46.88,Faible,"Excellente adéquation avec la série A1 et bonnes notes en Philosophie, LV2. Profil aligné avec l'objectif de Assistant de recherche galénique."
STD_2026_0371,Hasina Andriantsitohaina,18,M,A2,Philosophie:15.55; Français:15.06; Malagasy:12.13; Histoire-Géographie:11.5; Anglais:11.86; LV2:14.62; Mathématiques:9.0; SVT / Sciences humaines:9.51; EPS:7.7,12.68,Philosophie; Français,Mathématiques; EPS,Dessin & Design; Robotique,Automatisme PLC; Électrotechnique; Résolution de problèmes,Bureau & Télétravail,Automaticien,EMII; TEH; GCA,EMII,Génie Industriel et Génie Civil,48.93,Faible,"Excellente adéquation avec la série A2 et bonnes notes en Philosophie, Français. Profil aligné avec l'objectif de Automaticien."
STD_2026_0372,Hasina Rakotomalala,17,M,L,Philosophie:17.55; Français et Littérature:17.11; Anglais:6.49; LV2:15.95; Malagasy:10.82; Histoire-Géographie:9.62; Éducation civique:14.69; Mathématiques:9.45; Arts / options culturelles:18.04; EPS:12.99,13.58,Arts / options culturelles; Philosophie,Mathématiques; Anglais,Jeux de Stratégie; Programmation & Code,Calcul de structures; AutoCAD/Revit; Résolution de problèmes,Bureau & Télétravail,Conducteur de travaux,GCA; EMP; IMTICIA,GCA,Génie Industriel et Génie Civil,45.26,Faible,"Excellente adéquation avec la série L et bonnes notes en Arts / options culturelles, Philosophie. Profil aligné avec l'objectif de Conducteur de travaux."
STD_2026_0373,Henintsoa Ratsimbazafy,19,F,C,"Mathématiques:11.38; Sciences Physiques, Chimiques et Technologie (SPCT):16.03; Français:7.67; Philosophie:11.4; Malagasy:9.45; Histoire-Géographie:13.53; Anglais:12.76; SVT:16.35; EPS:8.67",12.4,"SVT; Sciences Physiques, Chimiques et Technologie (SPCT)",EPS; Français,Sport d'équipe; Volontariat,Géologie minière; Raffinage et extraction; Résolution de problèmes,Sur le terrain / Chantier,Ingénieur QHSE,ICMP; IGGLIA; PIP,ICMP,Génie Industriel et Génie Civil,79.24,Élevé,"Excellente adéquation avec la série C et bonnes notes en SVT, Sciences Physiques, Chimiques et Technologie (SPCT). Profil aligné avec l'objectif de Ingénieur QHSE."
STD_2026_0374,Hery Rabenjamina,17,M,D,"SVT:10.03; Sciences Physiques, Chimiques et Technologie (SPCT):11.9; Mathématiques:18.16; Français:12.89; Philosophie:11.35; Malagasy:9.57; Histoire-Géographie:14.47; Anglais:11.34; EPS:6.62",12.27,Mathématiques; Histoire-Géographie,Malagasy; EPS,Lecture & Écriture; Jeux de Stratégie,C/C++ embarqué; Microcontrôleurs IoT; Résolution de problèmes,Bureau & Télétravail,Ingénieur Systèmes Embarqués,ESIIA; ISAIA; FIC,ESIIA,Informatique et Télécommunication,50.02,Faible,"Excellente adéquation avec la série D et bonnes notes en Mathématiques, Histoire-Géographie. Profil aligné avec l'objectif de Ingénieur Systèmes Embarqués."
STD_2026_0375,Mirana Ramanantsoa,19,M,S,Mathématiques:17.78; Sciences Physiques et Chimiques:15.54; SVT / Biologie-Géologie:18.55; Français:13.65; Philosophie:14.69; Malagasy:11.58; Histoire-Géographie:7.53; Anglais:16.67; EPS:7.4,15.07,SVT / Biologie-Géologie; Mathématiques,Histoire-Géographie; EPS,Robotique; Nature & Écologie,Génie Logiciel & Java/Web; Machine Learning; Résolution de problèmes,Laboratoire & R&D,Architecte SI,IGGLIA; EMP; EMII,IGGLIA,Informatique et Télécommunication,89.18,Élevé,"Excellente adéquation avec la série S et bonnes notes en SVT / Biologie-Géologie, Mathématiques. Profil aligné avec l'objectif de Architecte SI."
STD_2026_0376,Andry Ratsimbazafy,20,F,G,Mathématiques de gestion:16.06; Gestion / Comptabilité:13.29; Français:8.98; Anglais:8.54; Économie:9.3; Histoire-Géographie:9.17; Philosophie:11.5; EPS:11.4,11.43,Mathématiques de gestion; Gestion / Comptabilité,Français; Anglais,Jeux de Stratégie; Sport d'équipe,UI/UX Design; Développement Web/Mobile; Résolution de problèmes,Bureau & Télétravail,Administrateur Réseaux & TIC,IMTICIA; TEH; IGGLIA,IMTICIA,Informatique et Télécommunication,76.98,Élevé,"Excellente adéquation avec la série G et bonnes notes en Mathématiques de gestion, Gestion / Comptabilité. Profil aligné avec l'objectif de Administrateur Réseaux & TIC."
STD_2026_0377,Hery Randriamampianina,19,M,Technique,Mathématiques appliquées:14.66; Physique appliquée / Technologie:14.27; Dessin technique:10.15; Français:8.43; Anglais:11.23; Philosophie:10.97; EPS:10.55,12.16,Mathématiques appliquées; Physique appliquée / Technologie,Dessin technique; Français,Dessin & Design; Musique,Machine Learning & Deep Learning; PowerBI & Analytics; Résolution de problèmes,Entreprise industrielle,Statisticien Décisionnel,ISAIA; DTJA; IMTICIA,ISAIA,Informatique et Télécommunication,50.28,Faible,"Excellente adéquation avec la série Technique et bonnes notes en Mathématiques appliquées, Physique appliquée / Technologie. Profil aligné avec l'objectif de Statisticien Décisionnel."
STD_2026_0378,Hasina Razafindrakoto,17,F,A,Philosophie:16.03; Français:14.93; Malagasy:9.47; Histoire-Géographie:14.7; Anglais:12.52; LV2:13.01; Mathématiques:5.35; SVT / Sciences humaines:10.82; EPS:12.48,12.85,Philosophie; Français,Malagasy; Mathématiques,Dessin & Design; Volontariat,Ingénierie touristique; Écotourisme & Biodiversité; Résolution de problèmes,Entreprise industrielle,Responsable Parc Naturel,TEE; ICMP; DTJA,TEE,Techniques du Tourisme,78.86,Élevé,"Excellente adéquation avec la série A et bonnes notes en Philosophie, Français. Profil aligné avec l'objectif de Responsable Parc Naturel."
STD_2026_0379,Faly Ratsimbazafy,16,M,A1,Philosophie:15.88; Français:15.33; Malagasy:12.71; Histoire-Géographie:14.97; Anglais:8.44; LV2:13.59; Mathématiques:2.42; SVT / Sciences humaines:10.42; EPS:9.67,12.6,Philosophie; Français,Anglais; Mathématiques,Robotique; Sport d'équipe,Management hôtelier; Yield Management; Résolution de problèmes,Bureau & Télétravail,Chef de projet Événementiel,TEH; PIP; GCA,TEH,Techniques du Tourisme,75.95,Élevé,"Excellente adéquation avec la série A1 et bonnes notes en Philosophie, Français. Profil aligné avec l'objectif de Chef de projet Événementiel."
STD_2026_0380,Hery Andriantsitohaina,20,M,A2,Philosophie:15.29; Français:15.53; Malagasy:6.54; Histoire-Géographie:11.19; Anglais:14.23; LV2:15.74; Mathématiques:12.22; SVT / Sciences humaines:9.24; EPS:11.58,12.84,LV2; Français,SVT / Sciences humaines; Malagasy,Économie & Bourse; Lecture & Écriture,Negociation internationale; Techniques de Vente; Résolution de problèmes,Espaces de Coworking / Startup,Responsable Commercial,CAA; DTJA; ESIIA,CAA,Techniques des Affaires,87.0,Élevé,"Excellente adéquation avec la série A2 et bonnes notes en LV2, Français. Profil aligné avec l'objectif de Responsable Commercial."
STD_2026_0381,Henintsoa Rabenjamina,16,F,L,Philosophie:12.4; Français et Littérature:12.98; Anglais:7.89; LV2:13.02; Malagasy:12.23; Histoire-Géographie:7.26; Éducation civique:13.45; Mathématiques:9.5; Arts / options culturelles:13.8; EPS:15.06,11.64,EPS; Arts / options culturelles,Anglais; Histoire-Géographie,Sport d'équipe; Économie & Bourse,Analyse fiscale; Droit des contrats; Résolution de problèmes,Entreprise industrielle,Gestionnaire de Contrats,DTJA; ESIIA; CAA,DTJA,Techniques des Affaires,75.12,Élevé,"Excellente adéquation avec la série L et bonnes notes en EPS, Arts / options culturelles. Profil aligné avec l'objectif de Gestionnaire de Contrats."
STD_2026_0382,Mirana Andriantsitohaina,17,M,C,"Mathématiques:14.52; Sciences Physiques, Chimiques et Technologie (SPCT):13.76; Français:13.24; Philosophie:12.88; Malagasy:8.82; Histoire-Géographie:9.84; Anglais:12.53; SVT:11.74; EPS:13.19",12.88,"Mathématiques; Sciences Physiques, Chimiques et Technologie (SPCT)",Histoire-Géographie; Malagasy,Dessin & Design; Nature & Écologie,Analyse financière; Étude d'impact économique; Résolution de problèmes,Laboratoire & R&D,Analyste Économique,EMP; TEH; IMTICIA,EMP,Techniques des Affaires,81.01,Élevé,"Excellente adéquation avec la série C et bonnes notes en Mathématiques, Sciences Physiques, Chimiques et Technologie (SPCT). Profil aligné avec l'objectif de Analyste Économique."
STD_2026_0383,Hery Ratsimbazafy,20,F,D,"SVT:18.21; Sciences Physiques, Chimiques et Technologie (SPCT):17.07; Mathématiques:16.21; Français:11.4; Philosophie:18.02; Malagasy:14.27; Histoire-Géographie:4.88; Anglais:13.12; EPS:11.53",14.95,SVT; Philosophie,Français; Histoire-Géographie,Musique; Sport d'équipe,Contrôle de gestion; Gestion de trésorerie; Résolution de problèmes,Espaces de Coworking / Startup,Directeur Financier (CFO),FIC; EMII; GCA,FIC,Techniques des Affaires,87.71,Élevé,"Excellente adéquation avec la série D et bonnes notes en SVT, Philosophie. Profil aligné avec l'objectif de Directeur Financier (CFO)."
STD_2026_0384,Rova Ratsimbazafy,21,M,S,Mathématiques:13.94; Sciences Physiques et Chimiques:17.26; SVT / Biologie-Géologie:15.14; Français:10.07; Philosophie:10.08; Malagasy:9.86; Histoire-Géographie:12.27; Anglais:9.11; EPS:9.3,13.17,Sciences Physiques et Chimiques; SVT / Biologie-Géologie,EPS; Anglais,Lecture & Écriture; Dessin & Design,Agronomie; Analyse des sols; Résolution de problèmes,Laboratoire & R&D,Chef d'exploitation,AEE; DTJA; GCA,AEE,Biotechnologie et Agronomie,78.91,Élevé,"Excellente adéquation avec la série S et bonnes notes en Sciences Physiques et Chimiques, SVT / Biologie-Géologie. Profil aligné avec l'objectif de Chef d'exploitation."
STD_2026_0385,Vero Ratsimbazafy,21,F,G,Mathématiques de gestion:13.7; Gestion / Comptabilité:10.94; Français:13.47; Anglais:13.09; Économie:13.3; Histoire-Géographie:12.04; Philosophie:16.32; EPS:9.23,12.72,Philosophie; Mathématiques de gestion,Gestion / Comptabilité; EPS,Dessin & Design; Jeux de Stratégie,Microbiologie; Biochimie alimentaire; Résolution de problèmes,Entreprise industrielle,Conducteur de ligne de production,IAA; GCA; TEH,IAA,Biotechnologie et Agronomie,58.03,Moyen,"Excellente adéquation avec la série G et bonnes notes en Philosophie, Mathématiques de gestion. Profil aligné avec l'objectif de Conducteur de ligne de production."
STD_2026_0386,Lova Ratsimbazafy,17,F,Technique,Mathématiques appliquées:13.23; Physique appliquée / Technologie:13.34; Dessin technique:17.28; Français:12.39; Anglais:11.64; Philosophie:15.36; EPS:7.21,13.3,Dessin technique; Philosophie,Anglais; EPS,Jeux de Stratégie; Économie & Bourse,Analyse en laboratoire; Pharmacologie; Résolution de problèmes,Bureau & Télétravail,Technicien supérieur en pharmacologie,PIP; IMTICIA; IGGLIA,PIP,Biotechnologie et Agronomie,54.85,Faible,"Excellente adéquation avec la série Technique et bonnes notes en Dessin technique, Philosophie. Profil aligné avec l'objectif de Technicien supérieur en pharmacologie."
STD_2026_0387,Mialy Rakotondrabe,17,M,A,Philosophie:12.13; Français:12.4; Malagasy:11.49; Histoire-Géographie:14.55; Anglais:11.45; LV2:15.92; Mathématiques:10.68; SVT / Sciences humaines:11.58; EPS:12.61,12.62,LV2; Histoire-Géographie,Anglais; Mathématiques,Jeux de Stratégie; Nature & Écologie,Électrotechnique; Maintenance industrielle; Résolution de problèmes,Bureau & Télétravail,Ingénieur Électromécanicien,EMII; GCA; EMP,EMII,Génie Industriel et Génie Civil,47.8,Faible,"Excellente adéquation avec la série A et bonnes notes en LV2, Histoire-Géographie. Profil aligné avec l'objectif de Ingénieur Électromécanicien."
STD_2026_0388,Vero Rakotomalala,20,M,A1,Philosophie:15.08; Français:11.38; Malagasy:10.43; Histoire-Géographie:12.65; Anglais:9.93; LV2:14.16; Mathématiques:9.51; SVT / Sciences humaines:7.34; EPS:12.44,11.85,Philosophie; LV2,Mathématiques; SVT / Sciences humaines,Programmation & Code; Sport d'équipe,Calcul de structures; AutoCAD/Revit; Résolution de problèmes,Laboratoire & R&D,Architecte collaborateur,GCA; PIP; AEE,GCA,Génie Industriel et Génie Civil,51.35,Faible,"Excellente adéquation avec la série A1 et bonnes notes en Philosophie, LV2. Profil aligné avec l'objectif de Architecte collaborateur."
STD_2026_0389,Dina Andriantsitohaina,19,F,A2,Philosophie:16.65; Français:12.7; Malagasy:9.68; Histoire-Géographie:9.08; Anglais:12.24; LV2:11.3; Mathématiques:10.33; SVT / Sciences humaines:7.33; EPS:11.45,11.69,Philosophie; Français,Histoire-Géographie; SVT / Sciences humaines,Dessin & Design; Sport d'équipe,Raffinage et extraction; Génie des procédés; Résolution de problèmes,Sur le terrain / Chantier,Ingénieur Procédés,ICMP; EMII; IAA,ICMP,Génie Industriel et Génie Civil,49.54,Faible,"Excellente adéquation avec la série A2 et bonnes notes en Philosophie, Français. Profil aligné avec l'objectif de Ingénieur Procédés."
STD_2026_0390,Hasina Ramanantsoa,17,M,L,Philosophie:18.89; Français et Littérature:11.33; Anglais:11.45; LV2:17.02; Malagasy:10.94; Histoire-Géographie:9.16; Éducation civique:11.87; Mathématiques:10.27; Arts / options culturelles:16.32; EPS:11.03,13.26,Philosophie; LV2,Mathématiques; Histoire-Géographie,Robotique; Nature & Écologie,Électronique numérique; C/C++ embarqué; Résolution de problèmes,Entreprise industrielle,Ingénieur Robotique,ESIIA; IMTICIA; IGGLIA,ESIIA,Informatique et Télécommunication,51.2,Faible,"Excellente adéquation avec la série L et bonnes notes en Philosophie, LV2. Profil aligné avec l'objectif de Ingénieur Robotique."
STD_2026_0391,Soa Andriantsitohaina,21,F,C,"Mathématiques:16.6; Sciences Physiques, Chimiques et Technologie (SPCT):17.51; Français:11.88; Philosophie:12.33; Malagasy:8.85; Histoire-Géographie:10.02; Anglais:10.08; SVT:17.86; EPS:12.45",14.41,"SVT; Sciences Physiques, Chimiques et Technologie (SPCT)",Histoire-Géographie; Malagasy,Musique; Jeux de Stratégie,Algorithmique & Python; SQL & Bases de données; Résolution de problèmes,Espaces de Coworking / Startup,Développeur Fullstack,IGGLIA; PIP; EMP,IGGLIA,Informatique et Télécommunication,80.86,Élevé,"Excellente adéquation avec la série C et bonnes notes en SVT, Sciences Physiques, Chimiques et Technologie (SPCT). Profil aligné avec l'objectif de Développeur Fullstack."
STD_2026_0392,Dina Andriantsitohaina,20,F,D,"SVT:13.23; Sciences Physiques, Chimiques et Technologie (SPCT):16.72; Mathématiques:13.4; Français:12.99; Philosophie:11.42; Malagasy:15.42; Histoire-Géographie:12.44; Anglais:11.91; EPS:9.79",13.48,"Sciences Physiques, Chimiques et Technologie (SPCT); Malagasy",Philosophie; EPS,Musique; Robotique,UI/UX Design; Infographie & 3D; Résolution de problèmes,Espaces de Coworking / Startup,Concepteur Multimédia,IMTICIA; DTJA; ICMP,IMTICIA,Informatique et Télécommunication,79.85,Élevé,"Excellente adéquation avec la série D et bonnes notes en Sciences Physiques, Chimiques et Technologie (SPCT), Malagasy. Profil aligné avec l'objectif de Concepteur Multimédia."
STD_2026_0393,Tiana Rabenjamina,19,F,S,Mathématiques:20.0; Sciences Physiques et Chimiques:14.18; SVT / Biologie-Géologie:20.0; Français:9.4; Philosophie:17.88; Malagasy:12.31; Histoire-Géographie:11.46; Anglais:7.73; EPS:9.05,15.17,Mathématiques; SVT / Biologie-Géologie,EPS; Anglais,Sport d'équipe; Lecture & Écriture,Python / R Data; Statistiques inférentielles; Résolution de problèmes,Entreprise industrielle,Statisticien Décisionnel,ISAIA; FIC; PIP,ISAIA,Informatique et Télécommunication,76.86,Élevé,"Excellente adéquation avec la série S et bonnes notes en Mathématiques, SVT / Biologie-Géologie. Profil aligné avec l'objectif de Statisticien Décisionnel."
STD_2026_0394,Mialy Ramanantsoa,18,M,G,Mathématiques de gestion:13.6; Gestion / Comptabilité:14.47; Français:14.2; Anglais:17.23; Économie:15.42; Histoire-Géographie:10.12; Philosophie:12.55; EPS:9.84,14.04,Anglais; Économie,Histoire-Géographie; EPS,Lecture & Écriture; Dessin & Design,Gestion de projets durables; Ingénierie touristique; Résolution de problèmes,Bureau & Télétravail,Guide Patrimoine,TEE; ISAIA; ESIIA,TEE,Techniques du Tourisme,82.48,Élevé,"Excellente adéquation avec la série G et bonnes notes en Anglais, Économie. Profil aligné avec l'objectif de Guide Patrimoine."
STD_2026_0395,Henintsoa Randriamampianina,21,F,Technique,Mathématiques appliquées:14.96; Physique appliquée / Technologie:14.08; Dessin technique:12.59; Français:13.35; Anglais:18.27; Philosophie:16.42; EPS:12.12,14.48,Anglais; Philosophie,Dessin technique; EPS,Programmation & Code; Lecture & Écriture,Gestion événementielle; Yield Management; Résolution de problèmes,Entreprise industrielle,Directeur de l'Hébergement,TEH; IAA; GCA,TEH,Techniques du Tourisme,63.85,Moyen,"Excellente adéquation avec la série Technique et bonnes notes en Anglais, Philosophie. Profil aligné avec l'objectif de Directeur de l'Hébergement."
STD_2026_0396,Tiana Rakotomalala,19,F,A,Philosophie:16.54; Français:13.86; Malagasy:8.88; Histoire-Géographie:7.73; Anglais:6.48; LV2:17.35; Mathématiques:10.33; SVT / Sciences humaines:4.84; EPS:10.64,11.38,LV2; Philosophie,Anglais; SVT / Sciences humaines,Musique; Dessin & Design,Techniques de Vente; Marketing Digital; Résolution de problèmes,Bureau & Télétravail,Responsable Commercial,CAA; AEE; ISAIA,CAA,Techniques des Affaires,68.89,Moyen,"Excellente adéquation avec la série A et bonnes notes en LV2, Philosophie. Profil aligné avec l'objectif de Responsable Commercial."
STD_2026_0397,Henintsoa Rakotomalala,21,M,A1,Philosophie:12.86; Français:16.38; Malagasy:11.05; Histoire-Géographie:12.15; Anglais:13.94; LV2:10.71; Mathématiques:5.48; SVT / Sciences humaines:12.43; EPS:5.15,11.97,Français; Anglais,Mathématiques; EPS,Économie & Bourse; Musique,Droit des contrats; Conseil d'entreprise; Résolution de problèmes,Bureau & Télétravail,Gestionnaire de Contrats,DTJA; TEE; ICMP,DTJA,Techniques des Affaires,83.28,Élevé,"Excellente adéquation avec la série A1 et bonnes notes en Français, Anglais. Profil aligné avec l'objectif de Gestionnaire de Contrats."
STD_2026_0398,Henintsoa Rabenjamina,18,F,A2,Philosophie:13.89; Français:15.5; Malagasy:12.39; Histoire-Géographie:4.96; Anglais:11.92; LV2:15.85; Mathématiques:6.91; SVT / Sciences humaines:5.03; EPS:11.43,11.69,LV2; Français,SVT / Sciences humaines; Histoire-Géographie,Jeux de Stratégie; Sport d'équipe,Analyse financière; Gestion des risques; Résolution de problèmes,Sur le terrain / Chantier,Chef de Projet,EMP; IGGLIA; TEH,EMP,Techniques des Affaires,71.93,Moyen,"Excellente adéquation avec la série A2 et bonnes notes en LV2, Français. Profil aligné avec l'objectif de Chef de Projet."
STD_2026_0399,Hery Rajaonarivelo,18,M,L,Philosophie:16.01; Français et Littérature:11.11; Anglais:9.3; LV2:13.3; Malagasy:13.3; Histoire-Géographie:11.55; Éducation civique:12.32; Mathématiques:13.57; Arts / options culturelles:14.51; EPS:11.67,12.65,Philosophie; Arts / options culturelles,Français et Littérature; Anglais,Nature & Écologie; Sport d'équipe,Gestion de trésorerie; Comptabilité générale & analytique; Résolution de problèmes,Entreprise industrielle,Contrôleur de Gestion,FIC; CAA; ISAIA,FIC,Techniques des Affaires,54.16,Faible,"Excellente adéquation avec la série L et bonnes notes en Philosophie, Arts / options culturelles. Profil aligné avec l'objectif de Contrôleur de Gestion."
STD_2026_0400,Nary Ramanantsoa,21,F,C,"Mathématiques:15.67; Sciences Physiques, Chimiques et Technologie (SPCT):16.01; Français:13.32; Philosophie:11.43; Malagasy:12.98; Histoire-Géographie:7.88; Anglais:13.3; SVT:12.26; EPS:14.75",13.9,"Sciences Physiques, Chimiques et Technologie (SPCT); Mathématiques",Philosophie; Histoire-Géographie,Sport d'équipe; Robotique,Agronomie; Gestion d'exploitation; Résolution de problèmes,Sur le terrain / Chantier,Agronome,AEE; EMP; IAA,AEE,Biotechnologie et Agronomie,79.8,Élevé,"Excellente adéquation avec la série C et bonnes notes en Sciences Physiques, Chimiques et Technologie (SPCT), Mathématiques. Profil aligné avec l'objectif de Agronome."
STD_2026_0401,Toky Ratsimbazafy,21,M,D,"SVT:20.0; Sciences Physiques, Chimiques et Technologie (SPCT):17.95; Mathématiques:11.65; Français:15.69; Philosophie:10.69; Malagasy:12.99; Histoire-Géographie:11.43; Anglais:9.84; EPS:14.04",14.93,"SVT; Sciences Physiques, Chimiques et Technologie (SPCT)",Philosophie; Anglais,Économie & Bourse; Programmation & Code,Process agroalimentaires; Contrôle qualité HACCP; Résolution de problèmes,Laboratoire & R&D,Biologiste industriel,IAA; PIP; DTJA,IAA,Biotechnologie et Agronomie,84.35,Élevé,"Excellente adéquation avec la série D et bonnes notes en SVT, Sciences Physiques, Chimiques et Technologie (SPCT). Profil aligné avec l'objectif de Biologiste industriel."
STD_2026_0402,Mirana Rabenjamina,17,M,S,Mathématiques:15.1; Sciences Physiques et Chimiques:14.58; SVT / Biologie-Géologie:14.8; Français:10.27; Philosophie:9.43; Malagasy:9.3; Histoire-Géographie:15.03; Anglais:13.67; EPS:11.6,13.42,Mathématiques; Histoire-Géographie,Philosophie; Malagasy,Robotique; Sport d'équipe,Chimie organique; Analyse en laboratoire; Résolution de problèmes,Sur le terrain / Chantier,Responsable contrôle qualité labo,PIP; IMTICIA; FIC,PIP,Biotechnologie et Agronomie,79.48,Élevé,"Excellente adéquation avec la série S et bonnes notes en Mathématiques, Histoire-Géographie. Profil aligné avec l'objectif de Responsable contrôle qualité labo."
STD_2026_0403,Nomena Andriantsitohaina,19,M,G,Mathématiques de gestion:13.49; Gestion / Comptabilité:17.85; Français:11.13; Anglais:7.4; Économie:15.54; Histoire-Géographie:11.02; Philosophie:11.82; EPS:11.15,13.06,Gestion / Comptabilité; Économie,Histoire-Géographie; Anglais,Robotique; Dessin & Design,Automatisme PLC; Électrotechnique; Résolution de problèmes,Bureau & Télétravail,Ingénieur Électromécanicien,EMII; IAA; ICMP,EMII,Génie Industriel et Génie Civil,49.21,Faible,"Excellente adéquation avec la série G et bonnes notes en Gestion / Comptabilité, Économie. Profil aligné avec l'objectif de Ingénieur Électromécanicien."
STD_2026_0404,Soa Rabenjamina,19,M,Technique,Mathématiques appliquées:13.56; Physique appliquée / Technologie:19.74; Dessin technique:13.38; Français:12.74; Anglais:11.42; Philosophie:10.15; EPS:16.49,14.58,Physique appliquée / Technologie; EPS,Anglais; Philosophie,Programmation & Code; Robotique,Conduite de chantier BTP; Calcul de structures; Résolution de problèmes,Bureau & Télétravail,Conducteur de travaux,GCA; DTJA; ESIIA,GCA,Génie Industriel et Génie Civil,84.44,Élevé,"Excellente adéquation avec la série Technique et bonnes notes en Physique appliquée / Technologie, EPS. Profil aligné avec l'objectif de Conducteur de travaux."
STD_2026_0405,Hasina Rakotondrabe,20,M,A,Philosophie:14.76; Français:14.48; Malagasy:9.52; Histoire-Géographie:11.21; Anglais:12.7; LV2:10.34; Mathématiques:10.2; SVT / Sciences humaines:12.41; EPS:13.1,12.32,Philosophie; Français,Mathématiques; Malagasy,Jeux de Stratégie; Lecture & Écriture,Normes QHSE; Géologie minière; Résolution de problèmes,Sur le terrain / Chantier,Géologue minier,ICMP; IGGLIA; TEE,ICMP,Génie Industriel et Génie Civil,50.67,Faible,"Excellente adéquation avec la série A et bonnes notes en Philosophie, Français. Profil aligné avec l'objectif de Géologue minier."
STD_2026_0406,Faly Rakotomalala,21,M,A1,Philosophie:14.73; Français:16.38; Malagasy:12.43; Histoire-Géographie:11.78; Anglais:6.39; LV2:18.48; Mathématiques:8.8; SVT / Sciences humaines:10.71; EPS:13.22,13.08,LV2; Français,Mathématiques; Anglais,Robotique; Programmation & Code,Signal & Traitement; C/C++ embarqué; Résolution de problèmes,Bureau & Télétravail,Ingénieur Robotique,ESIIA; EMII; IMTICIA,ESIIA,Informatique et Télécommunication,38.82,Faible,"Excellente adéquation avec la série A1 et bonnes notes en LV2, Français. Profil aligné avec l'objectif de Ingénieur Robotique."
STD_2026_0407,Kanto Randriamampianina,18,M,A2,Philosophie:13.16; Français:15.1; Malagasy:12.43; Histoire-Géographie:6.86; Anglais:11.47; LV2:11.45; Mathématiques:9.35; SVT / Sciences humaines:10.66; EPS:11.03,11.63,Français; Philosophie,Mathématiques; Histoire-Géographie,Dessin & Design; Jeux de Stratégie,Algorithmique & Python; Génie Logiciel & Java/Web; Résolution de problèmes,Laboratoire & R&D,Développeur Fullstack,IGGLIA; TEE; IMTICIA,IGGLIA,Informatique et Télécommunication,78.3,Élevé,"Excellente adéquation avec la série A2 et bonnes notes en Français, Philosophie. Profil aligné avec l'objectif de Développeur Fullstack."
STD_2026_0408,Faly Razafindrakoto,21,F,L,Philosophie:10.71; Français et Littérature:13.97; Anglais:11.0; LV2:18.13; Malagasy:12.77; Histoire-Géographie:7.56; Éducation civique:14.71; Mathématiques:9.41; Arts / options culturelles:15.89; EPS:10.27,12.55,LV2; Arts / options culturelles,Mathématiques; Histoire-Géographie,Sport d'équipe; Volontariat,Développement Web/Mobile; Infographie & 3D; Résolution de problèmes,Sur le terrain / Chantier,Concepteur Multimédia,IMTICIA; ISAIA; AEE,IMTICIA,Informatique et Télécommunication,76.58,Élevé,"Excellente adéquation avec la série L et bonnes notes en LV2, Arts / options culturelles. Profil aligné avec l'objectif de Concepteur Multimédia."
STD_2026_0409,Hery Rasoanaivo,16,F,C,"Mathématiques:13.58; Sciences Physiques, Chimiques et Technologie (SPCT):13.37; Français:11.79; Philosophie:11.52; Malagasy:12.27; Histoire-Géographie:10.05; Anglais:13.92; SVT:15.12; EPS:13.75",13.07,SVT; Anglais,Philosophie; Histoire-Géographie,Programmation & Code; Robotique,Statistiques inférentielles; Machine Learning & Deep Learning; Résolution de problèmes,Espaces de Coworking / Startup,Data Scientist,ISAIA; EMII; ESIIA,ISAIA,Informatique et Télécommunication,80.35,Élevé,"Excellente adéquation avec la série C et bonnes notes en SVT, Anglais. Profil aligné avec l'objectif de Data Scientist."
STD_2026_0410,Nomena Ramanantsoa,17,M,D,"SVT:10.89; Sciences Physiques, Chimiques et Technologie (SPCT):14.01; Mathématiques:15.05; Français:14.82; Philosophie:14.57; Malagasy:12.29; Histoire-Géographie:8.5; Anglais:8.59; EPS:8.43",12.41,Mathématiques; Français,Histoire-Géographie; EPS,Sport d'équipe; Dessin & Design,Ingénierie touristique; Écotourisme & Biodiversité; Résolution de problèmes,Bureau & Télétravail,Chef de projet Développement Durable,TEE; DTJA; ESIIA,TEE,Techniques du Tourisme,76.51,Élevé,"Excellente adéquation avec la série D et bonnes notes en Mathématiques, Français. Profil aligné avec l'objectif de Chef de projet Développement Durable."
STD_2026_0411,Vero Ratsimbazafy,16,M,S,Mathématiques:13.86; Sciences Physiques et Chimiques:15.57; SVT / Biologie-Géologie:16.61; Français:13.37; Philosophie:13.56; Malagasy:10.56; Histoire-Géographie:9.98; Anglais:12.33; EPS:12.44,13.91,SVT / Biologie-Géologie; Sciences Physiques et Chimiques,Malagasy; Histoire-Géographie,Nature & Écologie; Jeux de Stratégie,Gestion événementielle; Communication interculturelle; Résolution de problèmes,Bureau & Télétravail,Manager d'Hôtel,TEH; EMP; PIP,TEH,Techniques du Tourisme,53.41,Faible,"Excellente adéquation avec la série S et bonnes notes en SVT / Biologie-Géologie, Sciences Physiques et Chimiques. Profil aligné avec l'objectif de Manager d'Hôtel."
STD_2026_0412,Andry Rasoanaivo,20,F,G,Mathématiques de gestion:11.45; Gestion / Comptabilité:16.61; Français:10.54; Anglais:14.58; Économie:15.45; Histoire-Géographie:5.85; Philosophie:8.96; EPS:8.44,12.61,Gestion / Comptabilité; Économie,EPS; Histoire-Géographie,Musique; Nature & Écologie,Negociation internationale; Techniques de Vente; Résolution de problèmes,Espaces de Coworking / Startup,Chef de Produit Marketing,CAA; FIC; TEH,CAA,Techniques des Affaires,83.05,Élevé,"Excellente adéquation avec la série G et bonnes notes en Gestion / Comptabilité, Économie. Profil aligné avec l'objectif de Chef de Produit Marketing."
STD_2026_0413,Nomena Rabenjamina,16,M,Technique,Mathématiques appliquées:13.74; Physique appliquée / Technologie:14.56; Dessin technique:15.33; Français:15.4; Anglais:8.09; Philosophie:11.32; EPS:12.89,13.46,Français; Dessin technique,Philosophie; Anglais,Sport d'équipe; Robotique,Analyse fiscale; Conseil d'entreprise; Résolution de problèmes,Laboratoire & R&D,Juriste d'Entreprise,DTJA; GCA; FIC,DTJA,Techniques des Affaires,49.33,Faible,"Excellente adéquation avec la série Technique et bonnes notes en Français, Dessin technique. Profil aligné avec l'objectif de Juriste d'Entreprise."
STD_2026_0414,Tiana Rajaonarivelo,18,M,A,Philosophie:14.87; Français:14.58; Malagasy:15.14; Histoire-Géographie:12.13; Anglais:16.0; LV2:15.19; Mathématiques:11.17; SVT / Sciences humaines:9.92; EPS:11.72,13.85,Anglais; LV2,Mathématiques; SVT / Sciences humaines,Volontariat; Robotique,Gestion de projet Agile/PMP; Étude d'impact économique; Résolution de problèmes,Entreprise industrielle,Consultant en Organisation,EMP; IGGLIA; CAA,EMP,Techniques des Affaires,76.31,Élevé,"Excellente adéquation avec la série A et bonnes notes en Anglais, LV2. Profil aligné avec l'objectif de Consultant en Organisation."
STD_2026_0415,Fitia Rasoanaivo,20,F,A1,Philosophie:13.8; Français:17.46; Malagasy:11.66; Histoire-Géographie:10.08; Anglais:12.43; LV2:12.66; Mathématiques:8.47; SVT / Sciences humaines:8.99; EPS:10.98,12.51,Français; Philosophie,SVT / Sciences humaines; Mathématiques,Jeux de Stratégie; Musique,Comptabilité générale & analytique; Gestion de trésorerie; Résolution de problèmes,Espaces de Coworking / Startup,Comptable Senior,FIC; AEE; TEE,FIC,Techniques des Affaires,55.49,Moyen,"Excellente adéquation avec la série A1 et bonnes notes en Français, Philosophie. Profil aligné avec l'objectif de Comptable Senior."
STD_2026_0416,Hery Ramanantsoa,19,M,A2,Philosophie:13.83; Français:14.27; Malagasy:8.99; Histoire-Géographie:11.98; Anglais:11.7; LV2:17.89; Mathématiques:6.91; SVT / Sciences humaines:7.67; EPS:5.9,11.99,LV2; Français,Mathématiques; EPS,Volontariat; Sport d'équipe,Zootechnie; Agronomie; Résolution de problèmes,Espaces de Coworking / Startup,Agronome,AEE; IAA; ICMP,AEE,Biotechnologie et Agronomie,79.07,Élevé,"Excellente adéquation avec la série A2 et bonnes notes en LV2, Français. Profil aligné avec l'objectif de Agronome."
STD_2026_0417,Toky Ratsimbazafy,21,M,L,Philosophie:13.0; Français et Littérature:15.6; Anglais:10.86; LV2:13.28; Malagasy:8.45; Histoire-Géographie:13.71; Éducation civique:11.04; Mathématiques:6.0; Arts / options culturelles:12.23; EPS:8.57,11.93,Français et Littérature; Histoire-Géographie,Malagasy; Mathématiques,Programmation & Code; Lecture & Écriture,Microbiologie; Process agroalimentaires; Résolution de problèmes,Laboratoire & R&D,Responsable Qualité HACCP,IAA; ESIIA; CAA,IAA,Biotechnologie et Agronomie,47.57,Faible,"Excellente adéquation avec la série L et bonnes notes en Français et Littérature, Histoire-Géographie. Profil aligné avec l'objectif de Responsable Qualité HACCP."
STD_2026_0418,Mirana Rabenjamina,18,F,C,"Mathématiques:11.62; Sciences Physiques, Chimiques et Technologie (SPCT):13.45; Français:11.07; Philosophie:13.29; Malagasy:16.17; Histoire-Géographie:11.02; Anglais:7.82; SVT:12.89; EPS:11.9",12.22,"Malagasy; Sciences Physiques, Chimiques et Technologie (SPCT)",Histoire-Géographie; Anglais,Sport d'équipe; Volontariat,Chimie organique; Normes GMP/BPF; Résolution de problèmes,Entreprise industrielle,Technicien supérieur en pharmacologie,PIP; ESIIA; GCA,PIP,Biotechnologie et Agronomie,75.67,Élevé,"Excellente adéquation avec la série C et bonnes notes en Malagasy, Sciences Physiques, Chimiques et Technologie (SPCT). Profil aligné avec l'objectif de Technicien supérieur en pharmacologie."
STD_2026_0419,Nary Rakotondrabe,18,M,D,"SVT:19.11; Sciences Physiques, Chimiques et Technologie (SPCT):15.91; Mathématiques:11.8; Français:9.94; Philosophie:15.1; Malagasy:10.1; Histoire-Géographie:12.59; Anglais:12.23; EPS:12.4",14.06,"SVT; Sciences Physiques, Chimiques et Technologie (SPCT)",Malagasy; Français,Sport d'équipe; Musique,Automatisme PLC; Maintenance industrielle; Résolution de problèmes,Bureau & Télétravail,Ingénieur Électromécanicien,EMII; TEE; GCA,EMII,Génie Industriel et Génie Civil,83.3,Élevé,"Excellente adéquation avec la série D et bonnes notes en SVT, Sciences Physiques, Chimiques et Technologie (SPCT). Profil aligné avec l'objectif de Ingénieur Électromécanicien."
STD_2026_0420,Soa Andriantsitohaina,19,F,S,Mathématiques:17.69; Sciences Physiques et Chimiques:15.72; SVT / Biologie-Géologie:11.08; Français:11.18; Philosophie:11.45; Malagasy:12.95; Histoire-Géographie:10.6; Anglais:16.0; EPS:12.26,13.99,Mathématiques; Anglais,SVT / Biologie-Géologie; Histoire-Géographie,Jeux de Stratégie; Robotique,AutoCAD/Revit; Métré et devis; Résolution de problèmes,Espaces de Coworking / Startup,Ingénieur Génie Civil,GCA; EMII; CAA,GCA,Génie Industriel et Génie Civil,81.69,Élevé,"Excellente adéquation avec la série S et bonnes notes en Mathématiques, Anglais. Profil aligné avec l'objectif de Ingénieur Génie Civil."
STD_2026_0421,Lova Randriamampianina,16,F,G,Mathématiques de gestion:15.07; Gestion / Comptabilité:17.11; Français:12.81; Anglais:11.86; Économie:18.55; Histoire-Géographie:11.18; Philosophie:11.98; EPS:16.95,14.87,Économie; Gestion / Comptabilité,Anglais; Histoire-Géographie,Lecture & Écriture; Dessin & Design,Géologie minière; Génie des procédés; Résolution de problèmes,Sur le terrain / Chantier,Géologue minier,ICMP; IAA; EMII,ICMP,Génie Industriel et Génie Civil,69.05,Moyen,"Excellente adéquation avec la série G et bonnes notes en Économie, Gestion / Comptabilité. Profil aligné avec l'objectif de Géologue minier."
STD_2026_0422,Mialy Razafindrakoto,21,M,Technique,Mathématiques appliquées:14.39; Physique appliquée / Technologie:14.86; Dessin technique:11.44; Français:8.86; Anglais:14.87; Philosophie:6.64; EPS:16.28,13.01,EPS; Anglais,Français; Philosophie,Programmation & Code; Sport d'équipe,Microcontrôleurs IoT; Signal & Traitement; Résolution de problèmes,Espaces de Coworking / Startup,Développeur IoT,ESIIA; IGGLIA; TEE,ESIIA,Informatique et Télécommunication,82.01,Élevé,"Excellente adéquation avec la série Technique et bonnes notes en EPS, Anglais. Profil aligné avec l'objectif de Développeur IoT."
STD_2026_0423,Mirana Rabenjamina,20,M,A,Philosophie:9.3; Français:9.54; Malagasy:12.51; Histoire-Géographie:9.69; Anglais:12.71; LV2:14.22; Mathématiques:7.94; SVT / Sciences humaines:12.5; EPS:13.47,11.05,LV2; EPS,Philosophie; Mathématiques,Lecture & Écriture; Économie & Bourse,SQL & Bases de données; Algorithmique & Python; Résolution de problèmes,Laboratoire & R&D,Data Scientist / IA,IGGLIA; EMP; TEH,IGGLIA,Informatique et Télécommunication,61.81,Moyen,"Excellente adéquation avec la série A et bonnes notes en LV2, EPS. Profil aligné avec l'objectif de Data Scientist / IA."
STD_2026_0424,Kanto Rakotondrabe,16,F,A1,Philosophie:17.8; Français:14.33; Malagasy:13.62; Histoire-Géographie:15.12; Anglais:10.55; LV2:11.14; Mathématiques:6.0; SVT / Sciences humaines:6.47; EPS:9.32,12.81,Philosophie; Histoire-Géographie,SVT / Sciences humaines; Mathématiques,Nature & Écologie; Sport d'équipe,Réseaux informatiques; UI/UX Design; Résolution de problèmes,Espaces de Coworking / Startup,Administrateur Réseaux & TIC,IMTICIA; PIP; ISAIA,IMTICIA,Informatique et Télécommunication,69.59,Moyen,"Excellente adéquation avec la série A1 et bonnes notes en Philosophie, Histoire-Géographie. Profil aligné avec l'objectif de Administrateur Réseaux & TIC."
STD_2026_0425,Nary Rabenjamina,17,F,A2,Philosophie:11.86; Français:16.31; Malagasy:13.86; Histoire-Géographie:10.52; Anglais:9.14; LV2:7.29; Mathématiques:6.52; SVT / Sciences humaines:9.93; EPS:14.64,11.45,Français; EPS,LV2; Mathématiques,Programmation & Code; Musique,Python / R Data; Machine Learning & Deep Learning; Résolution de problèmes,Entreprise industrielle,Data Scientist,ISAIA; GCA; IMTICIA,ISAIA,Informatique et Télécommunication,51.41,Faible,"Excellente adéquation avec la série A2 et bonnes notes en Français, EPS. Profil aligné avec l'objectif de Data Scientist."
STD_2026_0426,Tiana Rakotomalala,17,F,L,Philosophie:12.79; Français et Littérature:17.15; Anglais:12.32; LV2:13.35; Malagasy:9.51; Histoire-Géographie:10.23; Éducation civique:10.31; Mathématiques:6.61; Arts / options culturelles:14.06; EPS:15.85,12.66,Français et Littérature; EPS,Malagasy; Mathématiques,Jeux de Stratégie; Robotique,Écotourisme & Biodiversité; Ingénierie touristique; Résolution de problèmes,Laboratoire & R&D,Responsable Parc Naturel,TEE; DTJA; ESIIA,TEE,Techniques du Tourisme,77.62,Élevé,"Excellente adéquation avec la série L et bonnes notes en Français et Littérature, EPS. Profil aligné avec l'objectif de Responsable Parc Naturel."
STD_2026_0427,Dina Andriantsitohaina,17,F,C,"Mathématiques:11.76; Sciences Physiques, Chimiques et Technologie (SPCT):15.0; Français:11.39; Philosophie:10.02; Malagasy:8.89; Histoire-Géographie:7.1; Anglais:8.28; SVT:8.1; EPS:17.26",11.51,"EPS; Sciences Physiques, Chimiques et Technologie (SPCT)",SVT; Histoire-Géographie,Jeux de Stratégie; Sport d'équipe,Gestion événementielle; Management hôtelier; Résolution de problèmes,Bureau & Télétravail,Manager d'Hôtel,TEH; TEE; EMII,TEH,Techniques du Tourisme,48.99,Faible,"Excellente adéquation avec la série C et bonnes notes en EPS, Sciences Physiques, Chimiques et Technologie (SPCT). Profil aligné avec l'objectif de Manager d'Hôtel."
STD_2026_0428,Kanto Razafindrakoto,21,M,D,"SVT:13.88; Sciences Physiques, Chimiques et Technologie (SPCT):17.28; Mathématiques:14.24; Français:10.21; Philosophie:9.99; Malagasy:13.64; Histoire-Géographie:9.86; Anglais:9.48; EPS:10.05",13.02,"Sciences Physiques, Chimiques et Technologie (SPCT); Mathématiques",Histoire-Géographie; Anglais,Dessin & Design; Jeux de Stratégie,Analyse Marché; Negociation internationale; Résolution de problèmes,Entreprise industrielle,Chef de Produit Marketing,CAA; ISAIA; PIP,CAA,Techniques des Affaires,80.63,Élevé,"Excellente adéquation avec la série D et bonnes notes en Sciences Physiques, Chimiques et Technologie (SPCT), Mathématiques. Profil aligné avec l'objectif de Chef de Produit Marketing."
STD_2026_0429,Tiana Ramanantsoa,17,M,S,Mathématiques:15.31; Sciences Physiques et Chimiques:15.53; SVT / Biologie-Géologie:16.74; Français:17.23; Philosophie:9.11; Malagasy:9.95; Histoire-Géographie:15.14; Anglais:12.59; EPS:13.52,14.72,Français; SVT / Biologie-Géologie,Malagasy; Philosophie,Sport d'équipe; Robotique,Conseil d'entreprise; Rédaction juridique; Résolution de problèmes,Entreprise industrielle,Consultant Fiscaliste,DTJA; EMP; PIP,DTJA,Techniques des Affaires,57.95,Moyen,"Excellente adéquation avec la série S et bonnes notes en Français, SVT / Biologie-Géologie. Profil aligné avec l'objectif de Consultant Fiscaliste."
STD_2026_0430,Fitia Ramanantsoa,20,M,G,Mathématiques de gestion:12.9; Gestion / Comptabilité:15.27; Français:10.0; Anglais:10.81; Économie:15.13; Histoire-Géographie:12.87; Philosophie:9.93; EPS:15.94,13.01,EPS; Gestion / Comptabilité,Français; Philosophie,Jeux de Stratégie; Nature & Écologie,Étude d'impact économique; Gestion de projet Agile/PMP; Résolution de problèmes,Espaces de Coworking / Startup,Consultant en Organisation,EMP; IGGLIA; EMII,EMP,Techniques des Affaires,78.11,Élevé,"Excellente adéquation avec la série G et bonnes notes en EPS, Gestion / Comptabilité. Profil aligné avec l'objectif de Consultant en Organisation."
STD_2026_0431,Nomena Ratsimbazafy,18,F,Technique,Mathématiques appliquées:16.99; Physique appliquée / Technologie:17.77; Dessin technique:11.22; Français:8.61; Anglais:11.1; Philosophie:8.11; EPS:11.77,13.55,Physique appliquée / Technologie; Mathématiques appliquées,Français; Philosophie,Lecture & Écriture; Sport d'équipe,Audit financier; Comptabilité générale & analytique; Résolution de problèmes,Bureau & Télétravail,Auditeur Financier,FIC; IMTICIA; TEE,FIC,Techniques des Affaires,57.54,Moyen,"Excellente adéquation avec la série Technique et bonnes notes en Physique appliquée / Technologie, Mathématiques appliquées. Profil aligné avec l'objectif de Auditeur Financier."
STD_2026_0432,Tiana Randriamampianina,20,M,A,Philosophie:14.78; Français:14.16; Malagasy:11.72; Histoire-Géographie:9.08; Anglais:13.77; LV2:17.38; Mathématiques:9.85; SVT / Sciences humaines:11.06; EPS:9.31,12.73,LV2; Philosophie,EPS; Histoire-Géographie,Robotique; Jeux de Stratégie,Analyse des sols; Agronomie; Résolution de problèmes,Espaces de Coworking / Startup,Chef d'exploitation,AEE; ISAIA; IMTICIA,AEE,Biotechnologie et Agronomie,80.27,Élevé,"Excellente adéquation avec la série A et bonnes notes en LV2, Philosophie. Profil aligné avec l'objectif de Chef d'exploitation."
STD_2026_0433,Sitraka Rakotondrabe,20,F,A1,Philosophie:15.55; Français:9.58; Malagasy:12.75; Histoire-Géographie:11.12; Anglais:15.75; LV2:12.11; Mathématiques:10.84; SVT / Sciences humaines:3.63; EPS:10.85,11.84,Anglais; Philosophie,Français; SVT / Sciences humaines,Sport d'équipe; Jeux de Stratégie,Process agroalimentaires; Microbiologie; Résolution de problèmes,Sur le terrain / Chantier,Conducteur de ligne de production,IAA; TEH; EMII,IAA,Biotechnologie et Agronomie,43.83,Faible,"Excellente adéquation avec la série A1 et bonnes notes en Anglais, Philosophie. Profil aligné avec l'objectif de Conducteur de ligne de production."
STD_2026_0434,Henintsoa Ratsimbazafy,19,F,A2,Philosophie:11.42; Français:14.94; Malagasy:13.08; Histoire-Géographie:11.22; Anglais:14.01; LV2:13.39; Mathématiques:8.26; SVT / Sciences humaines:10.19; EPS:8.49,12.27,Français; Anglais,EPS; Mathématiques,Musique; Volontariat,Normes GMP/BPF; Pharmacologie; Résolution de problèmes,Entreprise industrielle,Responsable contrôle qualité labo,PIP; EMP; TEE,PIP,Biotechnologie et Agronomie,48.41,Faible,"Excellente adéquation avec la série A2 et bonnes notes en Français, Anglais. Profil aligné avec l'objectif de Responsable contrôle qualité labo."
STD_2026_0435,Soa Rajaonarivelo,18,M,L,Philosophie:11.9; Français et Littérature:10.19; Anglais:11.59; LV2:12.02; Malagasy:11.19; Histoire-Géographie:9.28; Éducation civique:10.83; Mathématiques:9.19; Arts / options culturelles:13.79; EPS:10.16,11.07,Arts / options culturelles; LV2,Histoire-Géographie; Mathématiques,Économie & Bourse; Volontariat,Maintenance industrielle; Électrotechnique; Résolution de problèmes,Entreprise industrielle,Automaticien,EMII; FIC; ISAIA,EMII,Génie Industriel et Génie Civil,48.68,Faible,"Excellente adéquation avec la série L et bonnes notes en Arts / options culturelles, LV2. Profil aligné avec l'objectif de Automaticien."
STD_2026_0436,Nary Rasoanaivo,20,M,C,"Mathématiques:13.96; Sciences Physiques, Chimiques et Technologie (SPCT):14.2; Français:12.76; Philosophie:14.81; Malagasy:13.31; Histoire-Géographie:10.05; Anglais:14.22; SVT:11.05; EPS:17.92",13.62,EPS; Philosophie,SVT; Histoire-Géographie,Économie & Bourse; Jeux de Stratégie,AutoCAD/Revit; Métré et devis; Résolution de problèmes,Sur le terrain / Chantier,Architecte collaborateur,GCA; IGGLIA; TEE,GCA,Génie Industriel et Génie Civil,71.6,Moyen,"Excellente adéquation avec la série C et bonnes notes en EPS, Philosophie. Profil aligné avec l'objectif de Architecte collaborateur."
STD_2026_0437,Nomena Rakotondrabe,19,F,D,"SVT:18.06; Sciences Physiques, Chimiques et Technologie (SPCT):15.81; Mathématiques:11.91; Français:12.71; Philosophie:14.8; Malagasy:14.23; Histoire-Géographie:14.07; Anglais:8.23; EPS:11.25",14.15,"SVT; Sciences Physiques, Chimiques et Technologie (SPCT)",EPS; Anglais,Musique; Volontariat,Géologie minière; Génie des procédés; Résolution de problèmes,Laboratoire & R&D,Géologue minier,ICMP; ISAIA; EMP,ICMP,Génie Industriel et Génie Civil,87.1,Élevé,"Excellente adéquation avec la série D et bonnes notes en SVT, Sciences Physiques, Chimiques et Technologie (SPCT). Profil aligné avec l'objectif de Géologue minier."
STD_2026_0438,Toky Ramanantsoa,20,M,S,Mathématiques:16.23; Sciences Physiques et Chimiques:15.2; SVT / Biologie-Géologie:17.63; Français:11.96; Philosophie:10.89; Malagasy:13.4; Histoire-Géographie:11.01; Anglais:13.7; EPS:8.33,14.31,SVT / Biologie-Géologie; Mathématiques,Philosophie; EPS,Robotique; Programmation & Code,Électronique numérique; C/C++ embarqué; Résolution de problèmes,Entreprise industrielle,Développeur IoT,ESIIA; IGGLIA; TEE,ESIIA,Informatique et Télécommunication,84.23,Élevé,"Excellente adéquation avec la série S et bonnes notes en SVT / Biologie-Géologie, Mathématiques. Profil aligné avec l'objectif de Développeur IoT."
STD_2026_0439,Fitia Rabenjamina,19,F,G,Mathématiques de gestion:11.55; Gestion / Comptabilité:17.57; Français:12.29; Anglais:11.93; Économie:12.56; Histoire-Géographie:12.22; Philosophie:8.86; EPS:9.53,12.81,Gestion / Comptabilité; Économie,EPS; Philosophie,Dessin & Design; Volontariat,Machine Learning; SQL & Bases de données; Résolution de problèmes,Sur le terrain / Chantier,Architecte SI,IGGLIA; ISAIA; ICMP,IGGLIA,Informatique et Télécommunication,76.67,Élevé,"Excellente adéquation avec la série G et bonnes notes en Gestion / Comptabilité, Économie. Profil aligné avec l'objectif de Architecte SI."
STD_2026_0440,Nomena Rajaonarivelo,16,M,Technique,Mathématiques appliquées:19.83; Physique appliquée / Technologie:16.2; Dessin technique:10.24; Français:12.8; Anglais:10.41; Philosophie:10.05; EPS:12.78,14.32,Mathématiques appliquées; Physique appliquée / Technologie,Dessin technique; Philosophie,Robotique; Économie & Bourse,Infographie & 3D; UI/UX Design; Résolution de problèmes,Bureau & Télétravail,Designer UI/UX,IMTICIA; AEE; ICMP,IMTICIA,Informatique et Télécommunication,84.02,Élevé,"Excellente adéquation avec la série Technique et bonnes notes en Mathématiques appliquées, Physique appliquée / Technologie. Profil aligné avec l'objectif de Designer UI/UX."
STD_2026_0441,Rova Rabenjamina,19,F,A,Philosophie:18.05; Français:11.88; Malagasy:11.1; Histoire-Géographie:9.46; Anglais:7.96; LV2:16.65; Mathématiques:12.32; SVT / Sciences humaines:13.02; EPS:15.38,12.91,Philosophie; LV2,Histoire-Géographie; Anglais,Économie & Bourse; Nature & Écologie,Python / R Data; Statistiques inférentielles; Résolution de problèmes,Bureau & Télétravail,Data Scientist,ISAIA; DTJA; EMP,ISAIA,Informatique et Télécommunication,47.71,Faible,"Excellente adéquation avec la série A et bonnes notes en Philosophie, LV2. Profil aligné avec l'objectif de Data Scientist."
STD_2026_0442,Henintsoa Razafindrakoto,19,F,A1,Philosophie:15.98; Français:14.73; Malagasy:8.52; Histoire-Géographie:12.04; Anglais:13.86; LV2:15.94; Mathématiques:10.23; SVT / Sciences humaines:4.28; EPS:9.32,12.43,Philosophie; LV2,Malagasy; SVT / Sciences humaines,Économie & Bourse; Sport d'équipe,Gestion de projets durables; Écotourisme & Biodiversité; Résolution de problèmes,Sur le terrain / Chantier,Chef de projet Développement Durable,TEE; ESIIA; PIP,TEE,Techniques du Tourisme,76.84,Élevé,"Excellente adéquation avec la série A1 et bonnes notes en Philosophie, LV2. Profil aligné avec l'objectif de Chef de projet Développement Durable."
STD_2026_0443,Nomena Rakotondrabe,17,M,A2,Philosophie:10.78; Français:15.9; Malagasy:12.16; Histoire-Géographie:14.66; Anglais:10.11; LV2:13.7; Mathématiques:9.32; SVT / Sciences humaines:8.98; EPS:12.1,12.4,Français; Histoire-Géographie,Mathématiques; SVT / Sciences humaines,Volontariat; Lecture & Écriture,Yield Management; Management hôtelier; Résolution de problèmes,Bureau & Télétravail,Manager d'Hôtel,TEH; CAA; ESIIA,TEH,Techniques du Tourisme,82.36,Élevé,"Excellente adéquation avec la série A2 et bonnes notes en Français, Histoire-Géographie. Profil aligné avec l'objectif de Manager d'Hôtel."
STD_2026_0444,Rova Razafindrakoto,21,F,L,Philosophie:15.38; Français et Littérature:18.96; Anglais:10.02; LV2:20.0; Malagasy:9.75; Histoire-Géographie:10.66; Éducation civique:11.39; Mathématiques:13.56; Arts / options culturelles:15.04; EPS:8.11,14.04,LV2; Français et Littérature,Malagasy; EPS,Musique; Volontariat,Marketing Digital; Analyse Marché; Résolution de problèmes,Sur le terrain / Chantier,Chef de Produit Marketing,CAA; IGGLIA; IAA,CAA,Techniques des Affaires,82.24,Élevé,"Excellente adéquation avec la série L et bonnes notes en LV2, Français et Littérature. Profil aligné avec l'objectif de Chef de Produit Marketing."
STD_2026_0445,Kanto Rabenjamina,16,M,C,"Mathématiques:11.64; Sciences Physiques, Chimiques et Technologie (SPCT):15.67; Français:9.08; Philosophie:12.76; Malagasy:6.68; Histoire-Géographie:10.03; Anglais:11.04; SVT:16.46; EPS:10.19",12.19,"SVT; Sciences Physiques, Chimiques et Technologie (SPCT)",Français; Malagasy,Musique; Sport d'équipe,Conseil d'entreprise; Droit des contrats; Résolution de problèmes,Sur le terrain / Chantier,Consultant Fiscaliste,DTJA; TEH; FIC,DTJA,Techniques des Affaires,44.32,Faible,"Excellente adéquation avec la série C et bonnes notes en SVT, Sciences Physiques, Chimiques et Technologie (SPCT). Profil aligné avec l'objectif de Consultant Fiscaliste."
STD_2026_0446,Fitia Rabenjamina,16,F,D,"SVT:12.42; Sciences Physiques, Chimiques et Technologie (SPCT):19.34; Mathématiques:15.42; Français:12.39; Philosophie:12.97; Malagasy:10.76; Histoire-Géographie:6.2; Anglais:11.86; EPS:11.1",13.49,"Sciences Physiques, Chimiques et Technologie (SPCT); Mathématiques",Malagasy; Histoire-Géographie,Volontariat; Économie & Bourse,Gestion de projet Agile/PMP; Gestion des risques; Résolution de problèmes,Laboratoire & R&D,Analyste Économique,EMP; EMII; IGGLIA,EMP,Techniques des Affaires,82.0,Élevé,"Excellente adéquation avec la série D et bonnes notes en Sciences Physiques, Chimiques et Technologie (SPCT), Mathématiques. Profil aligné avec l'objectif de Analyste Économique."
STD_2026_0447,Toky Rajaonarivelo,21,F,S,Mathématiques:19.69; Sciences Physiques et Chimiques:11.47; SVT / Biologie-Géologie:17.24; Français:12.29; Philosophie:12.45; Malagasy:12.0; Histoire-Géographie:7.79; Anglais:13.33; EPS:13.13,14.42,Mathématiques; SVT / Biologie-Géologie,Sciences Physiques et Chimiques; Histoire-Géographie,Programmation & Code; Robotique,Comptabilité générale & analytique; Audit financier; Résolution de problèmes,Laboratoire & R&D,Auditeur Financier,FIC; TEH; ICMP,FIC,Techniques des Affaires,93.22,Élevé,"Excellente adéquation avec la série S et bonnes notes en Mathématiques, SVT / Biologie-Géologie. Profil aligné avec l'objectif de Auditeur Financier."
STD_2026_0448,Henintsoa Rasoanaivo,16,M,G,Mathématiques de gestion:11.47; Gestion / Comptabilité:14.55; Français:15.81; Anglais:10.07; Économie:12.3; Histoire-Géographie:12.94; Philosophie:13.25; EPS:15.19,13.11,Français; EPS,Mathématiques de gestion; Anglais,Dessin & Design; Volontariat,Analyse des sols; Zootechnie; Résolution de problèmes,Sur le terrain / Chantier,Conseiller agricole,AEE; IAA; EMP,AEE,Biotechnologie et Agronomie,53.59,Faible,"Excellente adéquation avec la série G et bonnes notes en Français, EPS. Profil aligné avec l'objectif de Conseiller agricole."
STD_2026_0449,Vero Razafindrakoto,19,M,Technique,Mathématiques appliquées:16.52; Physique appliquée / Technologie:16.27; Dessin technique:14.4; Français:10.25; Anglais:9.1; Philosophie:10.89; EPS:11.6,13.75,Mathématiques appliquées; Physique appliquée / Technologie,Français; Anglais,Programmation & Code; Nature & Écologie,Biochimie alimentaire; Process agroalimentaires; Résolution de problèmes,Espaces de Coworking / Startup,Responsable Qualité HACCP,IAA; AEE; EMII,IAA,Biotechnologie et Agronomie,74.29,Moyen,"Excellente adéquation avec la série Technique et bonnes notes en Mathématiques appliquées, Physique appliquée / Technologie. Profil aligné avec l'objectif de Responsable Qualité HACCP."
STD_2026_0450,Sitraka Rakotondrabe,16,F,A,Philosophie:11.89; Français:20.0; Malagasy:14.29; Histoire-Géographie:15.81; Anglais:11.29; LV2:14.27; Mathématiques:7.49; SVT / Sciences humaines:4.72; EPS:12.35,13.52,Français; Histoire-Géographie,Mathématiques; SVT / Sciences humaines,Programmation & Code; Économie & Bourse,Normes GMP/BPF; Pharmacologie; Résolution de problèmes,Bureau & Télétravail,Délégué médical,PIP; ESIIA; IGGLIA,PIP,Biotechnologie et Agronomie,48.84,Faible,"Excellente adéquation avec la série A et bonnes notes en Français, Histoire-Géographie. Profil aligné avec l'objectif de Délégué médical."
STD_2026_0451,Kanto Rajaonarivelo,20,M,A1,Philosophie:15.06; Français:14.64; Malagasy:15.27; Histoire-Géographie:9.16; Anglais:10.42; LV2:14.12; Mathématiques:5.59; SVT / Sciences humaines:12.02; EPS:12.75,12.69,Malagasy; Philosophie,Histoire-Géographie; Mathématiques,Sport d'équipe; Programmation & Code,Automatisme PLC; Maintenance industrielle; Résolution de problèmes,Bureau & Télétravail,Ingénieur Électromécanicien,EMII; DTJA; CAA,EMII,Génie Industriel et Génie Civil,40.97,Faible,"Excellente adéquation avec la série A1 et bonnes notes en Malagasy, Philosophie. Profil aligné avec l'objectif de Ingénieur Électromécanicien."
STD_2026_0452,Tojo Ramanantsoa,20,F,A2,Philosophie:12.83; Français:14.58; Malagasy:10.5; Histoire-Géographie:12.22; Anglais:11.65; LV2:14.94; Mathématiques:6.87; SVT / Sciences humaines:10.42; EPS:13.88,12.39,LV2; Français,SVT / Sciences humaines; Mathématiques,Musique; Jeux de Stratégie,Conduite de chantier BTP; Métré et devis; Résolution de problèmes,Entreprise industrielle,Chef de chantier BTP,GCA; IMTICIA; AEE,GCA,Génie Industriel et Génie Civil,41.15,Faible,"Excellente adéquation avec la série A2 et bonnes notes en LV2, Français. Profil aligné avec l'objectif de Chef de chantier BTP."
STD_2026_0453,Fitia Rakotondrabe,17,F,L,Philosophie:15.35; Français et Littérature:14.6; Anglais:11.24; LV2:17.07; Malagasy:16.73; Histoire-Géographie:15.31; Éducation civique:11.11; Mathématiques:8.6; Arts / options culturelles:15.63; EPS:12.01,14.18,LV2; Malagasy,Éducation civique; Mathématiques,Musique; Robotique,Normes QHSE; Génie des procédés; Résolution de problèmes,Laboratoire & R&D,Ingénieur Procédés,ICMP; CAA; TEH,ICMP,Génie Industriel et Génie Civil,38.53,Faible,"Excellente adéquation avec la série L et bonnes notes en LV2, Malagasy. Profil aligné avec l'objectif de Ingénieur Procédés."
STD_2026_0454,Soa Ramanantsoa,20,F,C,"Mathématiques:13.61; Sciences Physiques, Chimiques et Technologie (SPCT):12.96; Français:8.81; Philosophie:5.98; Malagasy:11.61; Histoire-Géographie:12.14; Anglais:8.5; SVT:13.22; EPS:11.58",11.68,Mathématiques; SVT,Anglais; Philosophie,Musique; Robotique,Signal & Traitement; Microcontrôleurs IoT; Résolution de problèmes,Laboratoire & R&D,Ingénieur Robotique,ESIIA; IAA; IGGLIA,ESIIA,Informatique et Télécommunication,78.14,Élevé,"Excellente adéquation avec la série C et bonnes notes en Mathématiques, SVT. Profil aligné avec l'objectif de Ingénieur Robotique."
STD_2026_0455,Rova Razafindrakoto,19,M,D,"SVT:10.67; Sciences Physiques, Chimiques et Technologie (SPCT):19.24; Mathématiques:15.4; Français:11.04; Philosophie:16.66; Malagasy:15.11; Histoire-Géographie:6.41; Anglais:12.61; EPS:12.83",13.71,"Sciences Physiques, Chimiques et Technologie (SPCT); Philosophie",SVT; Histoire-Géographie,Sport d'équipe; Dessin & Design,Algorithmique & Python; Machine Learning; Résolution de problèmes,Sur le terrain / Chantier,Data Scientist / IA,IGGLIA; AEE; EMP,IGGLIA,Informatique et Télécommunication,82.21,Élevé,"Excellente adéquation avec la série D et bonnes notes en Sciences Physiques, Chimiques et Technologie (SPCT), Philosophie. Profil aligné avec l'objectif de Data Scientist / IA."
STD_2026_0456,Lova Razafindrakoto,16,F,S,Mathématiques:19.92; Sciences Physiques et Chimiques:17.68; SVT / Biologie-Géologie:13.69; Français:13.45; Philosophie:7.02; Malagasy:17.14; Histoire-Géographie:10.44; Anglais:13.18; EPS:10.19,15.17,Mathématiques; Sciences Physiques et Chimiques,EPS; Philosophie,Musique; Économie & Bourse,Développement Web/Mobile; Infographie & 3D; Résolution de problèmes,Entreprise industrielle,Concepteur Multimédia,IMTICIA; ISAIA; ICMP,IMTICIA,Informatique et Télécommunication,89.81,Élevé,"Excellente adéquation avec la série S et bonnes notes en Mathématiques, Sciences Physiques et Chimiques. Profil aligné avec l'objectif de Concepteur Multimédia."
STD_2026_0457,Tiana Randriamampianina,19,F,G,Mathématiques de gestion:14.24; Gestion / Comptabilité:16.37; Français:8.23; Anglais:6.7; Économie:18.0; Histoire-Géographie:13.86; Philosophie:14.76; EPS:6.84,12.83,Économie; Gestion / Comptabilité,EPS; Anglais,Musique; Programmation & Code,Machine Learning & Deep Learning; Statistiques inférentielles; Résolution de problèmes,Bureau & Télétravail,Consultant Big Data,ISAIA; EMII; CAA,ISAIA,Informatique et Télécommunication,73.68,Moyen,"Excellente adéquation avec la série G et bonnes notes en Économie, Gestion / Comptabilité. Profil aligné avec l'objectif de Consultant Big Data."
STD_2026_0458,Sitraka Rakotomalala,21,F,Technique,Mathématiques appliquées:16.99; Physique appliquée / Technologie:18.25; Dessin technique:15.78; Français:7.72; Anglais:10.89; Philosophie:9.55; EPS:9.6,14.18,Physique appliquée / Technologie; Mathématiques appliquées,Philosophie; Français,Lecture & Écriture; Nature & Écologie,Guide & Médiation; Ingénierie touristique; Résolution de problèmes,Bureau & Télétravail,Guide Patrimoine,TEE; IGGLIA; IMTICIA,TEE,Techniques du Tourisme,42.04,Faible,"Excellente adéquation avec la série Technique et bonnes notes en Physique appliquée / Technologie, Mathématiques appliquées. Profil aligné avec l'objectif de Guide Patrimoine."
STD_2026_0459,Tiana Rakotondrabe,19,M,A,Philosophie:10.62; Français:11.12; Malagasy:12.76; Histoire-Géographie:12.97; Anglais:3.93; LV2:15.48; Mathématiques:9.05; SVT / Sciences humaines:6.79; EPS:9.16,10.66,LV2; Histoire-Géographie,SVT / Sciences humaines; Anglais,Volontariat; Robotique,Management hôtelier; Gestion événementielle; Résolution de problèmes,Laboratoire & R&D,Manager d'Hôtel,TEH; EMII; EMP,TEH,Techniques du Tourisme,71.18,Moyen,"Excellente adéquation avec la série A et bonnes notes en LV2, Histoire-Géographie. Profil aligné avec l'objectif de Manager d'Hôtel."
STD_2026_0460,Henintsoa Ratsimbazafy,16,F,A1,Philosophie:12.17; Français:18.59; Malagasy:12.99; Histoire-Géographie:11.71; Anglais:13.18; LV2:13.38; Mathématiques:8.55; SVT / Sciences humaines:10.82; EPS:12.3,13.19,Français; LV2,SVT / Sciences humaines; Mathématiques,Économie & Bourse; Programmation & Code,Techniques de Vente; Negociation internationale; Résolution de problèmes,Espaces de Coworking / Startup,Directeur des Ventes,CAA; GCA; AEE,CAA,Techniques des Affaires,81.28,Élevé,"Excellente adéquation avec la série A1 et bonnes notes en Français, LV2. Profil aligné avec l'objectif de Directeur des Ventes."
STD_2026_0461,Soa Rakotondrabe,20,M,A2,Philosophie:15.34; Français:15.08; Malagasy:11.11; Histoire-Géographie:14.49; Anglais:15.9; LV2:14.37; Mathématiques:10.87; SVT / Sciences humaines:6.55; EPS:14.57,13.74,Anglais; Philosophie,Mathématiques; SVT / Sciences humaines,Nature & Écologie; Sport d'équipe,Conseil d'entreprise; Analyse fiscale; Résolution de problèmes,Entreprise industrielle,Consultant Fiscaliste,DTJA; TEH; ISAIA,DTJA,Techniques des Affaires,83.56,Élevé,"Excellente adéquation avec la série A2 et bonnes notes en Anglais, Philosophie. Profil aligné avec l'objectif de Consultant Fiscaliste."
STD_2026_0462,Faly Ramanantsoa,19,F,L,Philosophie:14.63; Français et Littérature:20.0; Anglais:12.08; LV2:14.02; Malagasy:13.65; Histoire-Géographie:13.35; Éducation civique:7.93; Mathématiques:10.89; Arts / options culturelles:14.98; EPS:14.83,14.24,Français et Littérature; Arts / options culturelles,Mathématiques; Éducation civique,Jeux de Stratégie; Lecture & Écriture,Gestion des risques; Analyse financière; Résolution de problèmes,Entreprise industrielle,Consultant en Organisation,EMP; ESIIA; TEH,EMP,Techniques des Affaires,59.03,Moyen,"Excellente adéquation avec la série L et bonnes notes en Français et Littérature, Arts / options culturelles. Profil aligné avec l'objectif de Consultant en Organisation."
STD_2026_0463,Nomena Rasoanaivo,18,F,C,"Mathématiques:15.47; Sciences Physiques, Chimiques et Technologie (SPCT):12.67; Français:12.57; Philosophie:10.26; Malagasy:13.87; Histoire-Géographie:13.94; Anglais:15.44; SVT:16.97; EPS:10.59",13.83,SVT; Mathématiques,EPS; Philosophie,Musique; Économie & Bourse,Comptabilité générale & analytique; Contrôle de gestion; Résolution de problèmes,Laboratoire & R&D,Directeur Financier (CFO),FIC; CAA; GCA,FIC,Techniques des Affaires,84.37,Élevé,"Excellente adéquation avec la série C et bonnes notes en SVT, Mathématiques. Profil aligné avec l'objectif de Directeur Financier (CFO)."
STD_2026_0464,Nomena Rakotondrabe,20,F,D,"SVT:16.36; Sciences Physiques, Chimiques et Technologie (SPCT):15.11; Mathématiques:14.32; Français:10.23; Philosophie:7.97; Malagasy:12.36; Histoire-Géographie:12.86; Anglais:12.45; EPS:13.36",13.59,"SVT; Sciences Physiques, Chimiques et Technologie (SPCT)",Français; Philosophie,Jeux de Stratégie; Musique,Gestion d'exploitation; Zootechnie; Résolution de problèmes,Bureau & Télétravail,Responsable d'élevage,AEE; EMII; DTJA,AEE,Biotechnologie et Agronomie,86.31,Élevé,"Excellente adéquation avec la série D et bonnes notes en SVT, Sciences Physiques, Chimiques et Technologie (SPCT). Profil aligné avec l'objectif de Responsable d'élevage."
STD_2026_0465,Rova Ratsimbazafy,19,F,S,Mathématiques:15.44; Sciences Physiques et Chimiques:12.1; SVT / Biologie-Géologie:15.34; Français:9.96; Philosophie:10.9; Malagasy:14.39; Histoire-Géographie:13.07; Anglais:13.24; EPS:9.91,13.23,Mathématiques; SVT / Biologie-Géologie,Français; EPS,Nature & Écologie; Musique,Contrôle qualité HACCP; Process agroalimentaires; Résolution de problèmes,Bureau & Télétravail,Biologiste industriel,IAA; DTJA; ICMP,IAA,Biotechnologie et Agronomie,85.45,Élevé,"Excellente adéquation avec la série S et bonnes notes en Mathématiques, SVT / Biologie-Géologie. Profil aligné avec l'objectif de Biologiste industriel."
STD_2026_0466,Fitia Randriamampianina,17,F,G,Mathématiques de gestion:17.23; Gestion / Comptabilité:20.0; Français:10.87; Anglais:12.1; Économie:16.66; Histoire-Géographie:9.68; Philosophie:8.11; EPS:11.74,14.61,Gestion / Comptabilité; Mathématiques de gestion,Histoire-Géographie; Philosophie,Nature & Écologie; Économie & Bourse,Analyse en laboratoire; Chimie organique; Résolution de problèmes,Sur le terrain / Chantier,Technicien supérieur en pharmacologie,PIP; TEH; IGGLIA,PIP,Biotechnologie et Agronomie,58.84,Moyen,"Excellente adéquation avec la série G et bonnes notes en Gestion / Comptabilité, Mathématiques de gestion. Profil aligné avec l'objectif de Technicien supérieur en pharmacologie."
STD_2026_0467,Mialy Rajaonarivelo,21,M,Technique,Mathématiques appliquées:10.38; Physique appliquée / Technologie:16.64; Dessin technique:10.14; Français:12.51; Anglais:9.66; Philosophie:8.41; EPS:10.85,11.84,Physique appliquée / Technologie; Français,Anglais; Philosophie,Dessin & Design; Programmation & Code,Électrotechnique; Maintenance industrielle; Résolution de problèmes,Sur le terrain / Chantier,Concepteur Mécatronique,EMII; TEH; PIP,EMII,Génie Industriel et Génie Civil,75.05,Élevé,"Excellente adéquation avec la série Technique et bonnes notes en Physique appliquée / Technologie, Français. Profil aligné avec l'objectif de Concepteur Mécatronique."
STD_2026_0468,Hasina Andriantsitohaina,17,F,A,Philosophie:13.22; Français:13.23; Malagasy:14.47; Histoire-Géographie:7.28; Anglais:16.42; LV2:14.87; Mathématiques:11.87; SVT / Sciences humaines:6.17; EPS:11.32,12.39,Anglais; LV2,Histoire-Géographie; SVT / Sciences humaines,Jeux de Stratégie; Musique,Conduite de chantier BTP; Métré et devis; Résolution de problèmes,Laboratoire & R&D,Chef de chantier BTP,GCA; ISAIA; IAA,GCA,Génie Industriel et Génie Civil,41.12,Faible,"Excellente adéquation avec la série A et bonnes notes en Anglais, LV2. Profil aligné avec l'objectif de Chef de chantier BTP."
STD_2026_0469,Vero Rakotondrabe,21,F,A1,Philosophie:14.69; Français:17.86; Malagasy:13.16; Histoire-Géographie:13.7; Anglais:7.82; LV2:14.45; Mathématiques:11.87; SVT / Sciences humaines:6.6; EPS:12.58,13.3,Français; Philosophie,Anglais; SVT / Sciences humaines,Jeux de Stratégie; Sport d'équipe,Géologie minière; Normes QHSE; Résolution de problèmes,Laboratoire & R&D,Ingénieur Procédés,ICMP; GCA; ESIIA,ICMP,Génie Industriel et Génie Civil,40.04,Faible,"Excellente adéquation avec la série A1 et bonnes notes en Français, Philosophie. Profil aligné avec l'objectif de Ingénieur Procédés."
STD_2026_0470,Mirana Rasoanaivo,17,F,A2,Philosophie:15.45; Français:16.06; Malagasy:10.44; Histoire-Géographie:11.02; Anglais:18.68; LV2:13.4; Mathématiques:7.42; SVT / Sciences humaines:7.02; EPS:7.92,13.01,Anglais; Français,Mathématiques; SVT / Sciences humaines,Volontariat; Lecture & Écriture,Microcontrôleurs IoT; Électronique numérique; Résolution de problèmes,Laboratoire & R&D,Ingénieur Systèmes Embarqués,ESIIA; CAA; TEE,ESIIA,Informatique et Télécommunication,58.62,Moyen,"Excellente adéquation avec la série A2 et bonnes notes en Anglais, Français. Profil aligné avec l'objectif de Ingénieur Systèmes Embarqués."
STD_2026_0471,Mirana Rakotomalala,21,F,L,Philosophie:14.22; Français et Littérature:13.26; Anglais:7.09; LV2:13.14; Malagasy:12.41; Histoire-Géographie:13.78; Éducation civique:12.24; Mathématiques:9.49; Arts / options culturelles:13.65; EPS:6.23,11.88,Philosophie; Histoire-Géographie,Anglais; EPS,Lecture & Écriture; Robotique,Algorithmique & Python; Génie Logiciel & Java/Web; Résolution de problèmes,Laboratoire & R&D,Architecte SI,IGGLIA; ESIIA; DTJA,IGGLIA,Informatique et Télécommunication,45.2,Faible,"Excellente adéquation avec la série L et bonnes notes en Philosophie, Histoire-Géographie. Profil aligné avec l'objectif de Architecte SI."
STD_2026_0472,Nary Randriamampianina,21,F,C,"Mathématiques:17.7; Sciences Physiques, Chimiques et Technologie (SPCT):14.09; Français:11.88; Philosophie:15.29; Malagasy:11.97; Histoire-Géographie:5.34; Anglais:14.13; SVT:13.72; EPS:9.22",13.69,Mathématiques; Philosophie,EPS; Histoire-Géographie,Jeux de Stratégie; Économie & Bourse,Infographie & 3D; UI/UX Design; Résolution de problèmes,Bureau & Télétravail,Développeur Web/Mobile,IMTICIA; CAA; EMP,IMTICIA,Informatique et Télécommunication,84.12,Élevé,"Excellente adéquation avec la série C et bonnes notes en Mathématiques, Philosophie. Profil aligné avec l'objectif de Développeur Web/Mobile."
STD_2026_0473,Hasina Rakotomalala,20,F,D,"SVT:16.32; Sciences Physiques, Chimiques et Technologie (SPCT):16.84; Mathématiques:16.38; Français:12.17; Philosophie:8.51; Malagasy:8.41; Histoire-Géographie:10.71; Anglais:7.98; EPS:11.05",13.58,"Sciences Physiques, Chimiques et Technologie (SPCT); Mathématiques",Malagasy; Anglais,Musique; Robotique,Machine Learning & Deep Learning; Statistiques inférentielles; Résolution de problèmes,Sur le terrain / Chantier,Consultant Big Data,ISAIA; DTJA; TEE,ISAIA,Informatique et Télécommunication,79.24,Élevé,"Excellente adéquation avec la série D et bonnes notes en Sciences Physiques, Chimiques et Technologie (SPCT), Mathématiques. Profil aligné avec l'objectif de Consultant Big Data."
STD_2026_0474,Mialy Rakotomalala,19,M,S,Mathématiques:13.66; Sciences Physiques et Chimiques:14.67; SVT / Biologie-Géologie:15.96; Français:14.09; Philosophie:8.15; Malagasy:14.73; Histoire-Géographie:11.1; Anglais:16.95; EPS:9.12,13.74,Anglais; SVT / Biologie-Géologie,EPS; Philosophie,Sport d'équipe; Économie & Bourse,Ingénierie touristique; Écotourisme & Biodiversité; Résolution de problèmes,Espaces de Coworking / Startup,Responsable Parc Naturel,TEE; IGGLIA; GCA,TEE,Techniques du Tourisme,84.18,Élevé,"Excellente adéquation avec la série S et bonnes notes en Anglais, SVT / Biologie-Géologie. Profil aligné avec l'objectif de Responsable Parc Naturel."
STD_2026_0475,Hery Andriantsitohaina,20,M,G,Mathématiques de gestion:12.71; Gestion / Comptabilité:11.17; Français:12.93; Anglais:15.57; Économie:11.76; Histoire-Géographie:11.14; Philosophie:15.54; EPS:11.36,12.68,Anglais; Philosophie,Gestion / Comptabilité; Histoire-Géographie,Sport d'équipe; Économie & Bourse,Communication interculturelle; Gestion événementielle; Résolution de problèmes,Espaces de Coworking / Startup,Directeur de l'Hébergement,TEH; EMP; FIC,TEH,Techniques du Tourisme,79.69,Élevé,"Excellente adéquation avec la série G et bonnes notes en Anglais, Philosophie. Profil aligné avec l'objectif de Directeur de l'Hébergement."
STD_2026_0476,Toky Rakotomalala,19,M,Technique,Mathématiques appliquées:15.83; Physique appliquée / Technologie:16.31; Dessin technique:13.12; Français:9.2; Anglais:12.15; Philosophie:12.84; EPS:9.43,13.61,Physique appliquée / Technologie; Mathématiques appliquées,EPS; Français,Nature & Écologie; Programmation & Code,Marketing Digital; Analyse Marché; Résolution de problèmes,Laboratoire & R&D,Business Developer,CAA; IMTICIA; TEE,CAA,Techniques des Affaires,52.2,Faible,"Excellente adéquation avec la série Technique et bonnes notes en Physique appliquée / Technologie, Mathématiques appliquées. Profil aligné avec l'objectif de Business Developer."
STD_2026_0477,Faly Rasoanaivo,16,M,A,Philosophie:8.45; Français:11.45; Malagasy:7.8; Histoire-Géographie:8.42; Anglais:12.41; LV2:13.71; Mathématiques:9.43; SVT / Sciences humaines:8.53; EPS:11.9,10.08,LV2; Anglais,Histoire-Géographie; Malagasy,Programmation & Code; Économie & Bourse,Droit des contrats; Conseil d'entreprise; Résolution de problèmes,Bureau & Télétravail,Juriste d'Entreprise,DTJA; EMP; ISAIA,DTJA,Techniques des Affaires,71.68,Moyen,"Excellente adéquation avec la série A et bonnes notes en LV2, Anglais. Profil aligné avec l'objectif de Juriste d'Entreprise."
STD_2026_0478,Mirana Ramanantsoa,17,F,A1,Philosophie:11.78; Français:16.15; Malagasy:12.63; Histoire-Géographie:16.3; Anglais:9.62; LV2:17.29; Mathématiques:8.49; SVT / Sciences humaines:12.28; EPS:15.06,13.59,LV2; Histoire-Géographie,Anglais; Mathématiques,Robotique; Sport d'équipe,Analyse financière; Gestion des risques; Résolution de problèmes,Laboratoire & R&D,Consultant en Organisation,EMP; CAA; GCA,EMP,Techniques des Affaires,78.05,Élevé,"Excellente adéquation avec la série A1 et bonnes notes en LV2, Histoire-Géographie. Profil aligné avec l'objectif de Consultant en Organisation."
STD_2026_0479,Rova Andriantsitohaina,20,M,A2,Philosophie:11.58; Français:19.27; Malagasy:10.72; Histoire-Géographie:11.92; Anglais:16.0; LV2:9.2; Mathématiques:5.2; SVT / Sciences humaines:11.13; EPS:8.35,12.34,Français; Anglais,EPS; Mathématiques,Lecture & Écriture; Nature & Écologie,Contrôle de gestion; Gestion de trésorerie; Résolution de problèmes,Laboratoire & R&D,Auditeur Financier,FIC; IMTICIA; GCA,FIC,Techniques des Affaires,53.99,Faible,"Excellente adéquation avec la série A2 et bonnes notes en Français, Anglais. Profil aligné avec l'objectif de Auditeur Financier."
STD_2026_0480,Toky Ratsimbazafy,19,M,L,Philosophie:14.93; Français et Littérature:16.03; Anglais:13.02; LV2:11.51; Malagasy:9.32; Histoire-Géographie:10.93; Éducation civique:11.62; Mathématiques:7.82; Arts / options culturelles:10.62; EPS:11.66,12.41,Français et Littérature; Philosophie,Malagasy; Mathématiques,Volontariat; Robotique,Zootechnie; Agronomie; Résolution de problèmes,Bureau & Télétravail,Agronome,AEE; PIP; IMTICIA,AEE,Biotechnologie et Agronomie,52.33,Faible,"Excellente adéquation avec la série L et bonnes notes en Français et Littérature, Philosophie. Profil aligné avec l'objectif de Agronome."
STD_2026_0481,Rova Andriantsitohaina,16,M,C,"Mathématiques:14.55; Sciences Physiques, Chimiques et Technologie (SPCT):20.0; Français:11.44; Philosophie:10.71; Malagasy:10.13; Histoire-Géographie:15.06; Anglais:8.95; SVT:16.9; EPS:10.12",14.37,"Sciences Physiques, Chimiques et Technologie (SPCT); SVT",EPS; Anglais,Jeux de Stratégie; Programmation & Code,Biochimie alimentaire; Contrôle qualité HACCP; Résolution de problèmes,Entreprise industrielle,Ingénieur Agroalimentaire,IAA; ESIIA; GCA,IAA,Biotechnologie et Agronomie,83.53,Élevé,"Excellente adéquation avec la série C et bonnes notes en Sciences Physiques, Chimiques et Technologie (SPCT), SVT. Profil aligné avec l'objectif de Ingénieur Agroalimentaire."
STD_2026_0482,Tojo Ratsimbazafy,16,M,D,"SVT:13.72; Sciences Physiques, Chimiques et Technologie (SPCT):12.64; Mathématiques:9.43; Français:18.29; Philosophie:13.62; Malagasy:10.61; Histoire-Géographie:15.16; Anglais:11.95; EPS:13.58",13.01,Français; Histoire-Géographie,Malagasy; Mathématiques,Volontariat; Robotique,Chimie organique; Pharmacologie; Résolution de problèmes,Bureau & Télétravail,Assistant de recherche galénique,PIP; EMII; AEE,PIP,Biotechnologie et Agronomie,79.26,Élevé,"Excellente adéquation avec la série D et bonnes notes en Français, Histoire-Géographie. Profil aligné avec l'objectif de Assistant de recherche galénique."
STD_2026_0483,Vero Randriamampianina,18,F,S,Mathématiques:13.64; Sciences Physiques et Chimiques:16.43; SVT / Biologie-Géologie:16.88; Français:12.29; Philosophie:11.88; Malagasy:14.66; Histoire-Géographie:10.77; Anglais:8.33; EPS:9.82,13.75,SVT / Biologie-Géologie; Sciences Physiques et Chimiques,EPS; Anglais,Sport d'équipe; Programmation & Code,Automatisme PLC; Maintenance industrielle; Résolution de problèmes,Bureau & Télétravail,Concepteur Mécatronique,EMII; CAA; IMTICIA,EMII,Génie Industriel et Génie Civil,75.86,Élevé,"Excellente adéquation avec la série S et bonnes notes en SVT / Biologie-Géologie, Sciences Physiques et Chimiques. Profil aligné avec l'objectif de Concepteur Mécatronique."
STD_2026_0484,Tiana Rajaonarivelo,19,F,G,Mathématiques de gestion:13.82; Gestion / Comptabilité:15.77; Français:6.67; Anglais:11.34; Économie:15.77; Histoire-Géographie:12.73; Philosophie:13.46; EPS:14.41,13.1,Gestion / Comptabilité; Économie,Anglais; Français,Jeux de Stratégie; Économie & Bourse,Métré et devis; Calcul de structures; Résolution de problèmes,Entreprise industrielle,Conducteur de travaux,GCA; PIP; ICMP,GCA,Génie Industriel et Génie Civil,56.07,Moyen,"Excellente adéquation avec la série G et bonnes notes en Gestion / Comptabilité, Économie. Profil aligné avec l'objectif de Conducteur de travaux."
STD_2026_0485,Faly Rakotondrabe,16,F,Technique,Mathématiques appliquées:15.63; Physique appliquée / Technologie:18.56; Dessin technique:14.58; Français:10.69; Anglais:9.86; Philosophie:12.48; EPS:16.69,14.75,Physique appliquée / Technologie; EPS,Français; Anglais,Robotique; Volontariat,Raffinage et extraction; Géologie minière; Résolution de problèmes,Bureau & Télétravail,Responsable d'extraction,ICMP; EMII; DTJA,ICMP,Génie Industriel et Génie Civil,87.44,Élevé,"Excellente adéquation avec la série Technique et bonnes notes en Physique appliquée / Technologie, EPS. Profil aligné avec l'objectif de Responsable d'extraction."
STD_2026_0486,Faly Razafindrakoto,17,F,A,Philosophie:20.0; Français:16.28; Malagasy:11.73; Histoire-Géographie:15.22; Anglais:14.8; LV2:11.49; Mathématiques:10.03; SVT / Sciences humaines:8.59; EPS:9.42,14.14,Philosophie; Français,EPS; SVT / Sciences humaines,Robotique; Nature & Écologie,Signal & Traitement; Microcontrôleurs IoT; Résolution de problèmes,Espaces de Coworking / Startup,Ingénieur Systèmes Embarqués,ESIIA; CAA; TEE,ESIIA,Informatique et Télécommunication,55.9,Moyen,"Excellente adéquation avec la série A et bonnes notes en Philosophie, Français. Profil aligné avec l'objectif de Ingénieur Systèmes Embarqués."
STD_2026_0487,Tiana Ratsimbazafy,20,F,A1,Philosophie:13.85; Français:10.75; Malagasy:9.06; Histoire-Géographie:10.43; Anglais:11.92; LV2:11.57; Mathématiques:9.58; SVT / Sciences humaines:11.84; EPS:10.52,11.18,Philosophie; Anglais,Mathématiques; Malagasy,Volontariat; Économie & Bourse,Machine Learning; SQL & Bases de données; Résolution de problèmes,Entreprise industrielle,Data Scientist / IA,IGGLIA; PIP; CAA,IGGLIA,Informatique et Télécommunication,71.87,Moyen,"Excellente adéquation avec la série A1 et bonnes notes en Philosophie, Anglais. Profil aligné avec l'objectif de Data Scientist / IA."
STD_2026_0488,Faly Razafindrakoto,20,F,A2,Philosophie:11.96; Français:19.0; Malagasy:13.94; Histoire-Géographie:8.77; Anglais:12.86; LV2:14.46; Mathématiques:8.51; SVT / Sciences humaines:6.7; EPS:13.06,12.86,Français; LV2,Mathématiques; SVT / Sciences humaines,Lecture & Écriture; Nature & Écologie,Développement Web/Mobile; Infographie & 3D; Résolution de problèmes,Sur le terrain / Chantier,Designer UI/UX,IMTICIA; PIP; TEH,IMTICIA,Informatique et Télécommunication,80.38,Élevé,"Excellente adéquation avec la série A2 et bonnes notes en Français, LV2. Profil aligné avec l'objectif de Designer UI/UX."
STD_2026_0489,Faly Rabenjamina,21,M,L,Philosophie:16.97; Français et Littérature:17.05; Anglais:13.5; LV2:14.23; Malagasy:11.18; Histoire-Géographie:10.11; Éducation civique:12.29; Mathématiques:7.94; Arts / options culturelles:12.31; EPS:12.38,13.59,Français et Littérature; Philosophie,Histoire-Géographie; Mathématiques,Robotique; Lecture & Écriture,Machine Learning & Deep Learning; PowerBI & Analytics; Résolution de problèmes,Bureau & Télétravail,Data Scientist,ISAIA; AEE; DTJA,ISAIA,Informatique et Télécommunication,58.68,Moyen,"Excellente adéquation avec la série L et bonnes notes en Français et Littérature, Philosophie. Profil aligné avec l'objectif de Data Scientist."
STD_2026_0490,Mirana Randriamampianina,16,M,C,"Mathématiques:14.35; Sciences Physiques, Chimiques et Technologie (SPCT):10.58; Français:5.27; Philosophie:14.7; Malagasy:13.52; Histoire-Géographie:14.17; Anglais:5.12; SVT:16.88; EPS:12.44",12.08,SVT; Philosophie,Français; Anglais,Dessin & Design; Sport d'équipe,Écotourisme & Biodiversité; Ingénierie touristique; Résolution de problèmes,Bureau & Télétravail,Consultant Écotourisme,TEE; GCA; EMII,TEE,Techniques du Tourisme,47.65,Faible,"Excellente adéquation avec la série C et bonnes notes en SVT, Philosophie. Profil aligné avec l'objectif de Consultant Écotourisme."
STD_2026_0491,Sitraka Rakotondrabe,16,F,D,"SVT:18.86; Sciences Physiques, Chimiques et Technologie (SPCT):15.25; Mathématiques:15.99; Français:13.36; Philosophie:14.16; Malagasy:12.29; Histoire-Géographie:9.27; Anglais:14.56; EPS:12.72",15.02,SVT; Mathématiques,Malagasy; Histoire-Géographie,Nature & Écologie; Programmation & Code,Yield Management; Gestion événementielle; Résolution de problèmes,Laboratoire & R&D,Directeur de l'Hébergement,TEH; EMII; TEE,TEH,Techniques du Tourisme,78.13,Élevé,"Excellente adéquation avec la série D et bonnes notes en SVT, Mathématiques. Profil aligné avec l'objectif de Directeur de l'Hébergement."
STD_2026_0492,Mialy Rakotondrabe,21,F,S,Mathématiques:11.89; Sciences Physiques et Chimiques:17.96; SVT / Biologie-Géologie:13.84; Français:9.9; Philosophie:14.88; Malagasy:13.92; Histoire-Géographie:13.29; Anglais:6.3; EPS:11.07,13.19,Sciences Physiques et Chimiques; Philosophie,Français; Anglais,Volontariat; Robotique,Analyse Marché; Marketing Digital; Résolution de problèmes,Entreprise industrielle,Chef de Produit Marketing,CAA; TEH; GCA,CAA,Techniques des Affaires,72.83,Moyen,"Excellente adéquation avec la série S et bonnes notes en Sciences Physiques et Chimiques, Philosophie. Profil aligné avec l'objectif de Chef de Produit Marketing."
STD_2026_0493,Henintsoa Randriamampianina,17,M,G,Mathématiques de gestion:15.42; Gestion / Comptabilité:16.17; Français:9.77; Anglais:15.67; Économie:17.75; Histoire-Géographie:13.28; Philosophie:9.0; EPS:9.49,14.15,Économie; Gestion / Comptabilité,EPS; Philosophie,Nature & Écologie; Économie & Bourse,Conseil d'entreprise; Analyse fiscale; Résolution de problèmes,Espaces de Coworking / Startup,Gestionnaire de Contrats,DTJA; FIC; TEH,DTJA,Techniques des Affaires,77.41,Élevé,"Excellente adéquation avec la série G et bonnes notes en Économie, Gestion / Comptabilité. Profil aligné avec l'objectif de Gestionnaire de Contrats."
STD_2026_0494,Rova Ratsimbazafy,21,F,Technique,Mathématiques appliquées:16.38; Physique appliquée / Technologie:14.79; Dessin technique:12.02; Français:13.46; Anglais:13.52; Philosophie:12.59; EPS:9.38,13.85,Mathématiques appliquées; Physique appliquée / Technologie,Dessin technique; EPS,Programmation & Code; Économie & Bourse,Étude d'impact économique; Gestion des risques; Résolution de problèmes,Entreprise industrielle,Chef de Projet,EMP; DTJA; ICMP,EMP,Techniques des Affaires,62.07,Moyen,"Excellente adéquation avec la série Technique et bonnes notes en Mathématiques appliquées, Physique appliquée / Technologie. Profil aligné avec l'objectif de Chef de Projet."
STD_2026_0495,Lova Rasoanaivo,16,F,A,Philosophie:18.01; Français:15.71; Malagasy:11.21; Histoire-Géographie:14.62; Anglais:12.99; LV2:18.68; Mathématiques:10.42; SVT / Sciences humaines:11.66; EPS:14.72,14.68,LV2; Philosophie,Malagasy; Mathématiques,Nature & Écologie; Lecture & Écriture,Comptabilité générale & analytique; Audit financier; Résolution de problèmes,Bureau & Télétravail,Directeur Financier (CFO),FIC; EMII; TEE,FIC,Techniques des Affaires,58.66,Moyen,"Excellente adéquation avec la série A et bonnes notes en LV2, Philosophie. Profil aligné avec l'objectif de Directeur Financier (CFO)."
STD_2026_0496,Andry Rabenjamina,17,M,A1,Philosophie:10.2; Français:19.51; Malagasy:10.52; Histoire-Géographie:16.73; Anglais:6.54; LV2:16.72; Mathématiques:9.57; SVT / Sciences humaines:7.65; EPS:13.52,12.96,Français; Histoire-Géographie,SVT / Sciences humaines; Anglais,Musique; Programmation & Code,Agronomie; Zootechnie; Résolution de problèmes,Espaces de Coworking / Startup,Conseiller agricole,AEE; TEH; EMII,AEE,Biotechnologie et Agronomie,68.84,Moyen,"Excellente adéquation avec la série A1 et bonnes notes en Français, Histoire-Géographie. Profil aligné avec l'objectif de Conseiller agricole."
STD_2026_0497,Rova Andriantsitohaina,21,F,A2,Philosophie:16.33; Français:10.3; Malagasy:12.32; Histoire-Géographie:11.13; Anglais:13.65; LV2:13.45; Mathématiques:6.83; SVT / Sciences humaines:6.55; EPS:12.04,12.07,Philosophie; Anglais,Mathématiques; SVT / Sciences humaines,Dessin & Design; Musique,Contrôle qualité HACCP; Process agroalimentaires; Résolution de problèmes,Espaces de Coworking / Startup,Responsable Qualité HACCP,IAA; PIP; ICMP,IAA,Biotechnologie et Agronomie,44.19,Faible,"Excellente adéquation avec la série A2 et bonnes notes en Philosophie, Anglais. Profil aligné avec l'objectif de Responsable Qualité HACCP."
STD_2026_0498,Lova Rasoanaivo,17,F,L,Philosophie:12.83; Français et Littérature:12.88; Anglais:13.95; LV2:18.06; Malagasy:13.29; Histoire-Géographie:15.07; Éducation civique:10.21; Mathématiques:8.05; Arts / options culturelles:13.77; EPS:6.63,13.09,LV2; Histoire-Géographie,Mathématiques; EPS,Économie & Bourse; Volontariat,Pharmacologie; Chimie organique; Résolution de problèmes,Entreprise industrielle,Responsable contrôle qualité labo,PIP; EMII; FIC,PIP,Biotechnologie et Agronomie,51.47,Faible,"Excellente adéquation avec la série L et bonnes notes en LV2, Histoire-Géographie. Profil aligné avec l'objectif de Responsable contrôle qualité labo."
STD_2026_0499,Tiana Andriantsitohaina,16,M,C,"Mathématiques:15.01; Sciences Physiques, Chimiques et Technologie (SPCT):12.37; Français:10.62; Philosophie:9.02; Malagasy:11.32; Histoire-Géographie:5.17; Anglais:11.59; SVT:15.41; EPS:6.98",11.92,SVT; Mathématiques,EPS; Histoire-Géographie,Programmation & Code; Robotique,Automatisme PLC; Électrotechnique; Résolution de problèmes,Entreprise industrielle,Ingénieur Électromécanicien,EMII; PIP; IGGLIA,EMII,Génie Industriel et Génie Civil,79.93,Élevé,"Excellente adéquation avec la série C et bonnes notes en SVT, Mathématiques. Profil aligné avec l'objectif de Ingénieur Électromécanicien."
STD_2026_0500,Henintsoa Rakotomalala,18,M,D,"SVT:15.3; Sciences Physiques, Chimiques et Technologie (SPCT):19.27; Mathématiques:19.02; Français:18.41; Philosophie:9.92; Malagasy:12.87; Histoire-Géographie:11.35; Anglais:13.58; EPS:14.85",15.99,"Sciences Physiques, Chimiques et Technologie (SPCT); Mathématiques",Histoire-Géographie; Philosophie,Volontariat; Nature & Écologie,Métré et devis; Calcul de structures; Résolution de problèmes,Laboratoire & R&D,Chef de chantier BTP,GCA; ISAIA; TEH,GCA,Génie Industriel et Génie Civil,91.05,Élevé,"Excellente adéquation avec la série D et bonnes notes en Sciences Physiques, Chimiques et Technologie (SPCT), Mathématiques. Profil aligné avec l'objectif de Chef de chantier BTP."
STD_2026_0501,Mialy Rasoanaivo,21,M,S,Mathématiques:14.61; Sciences Physiques et Chimiques:13.05; SVT / Biologie-Géologie:14.61; Français:10.32; Philosophie:8.84; Malagasy:12.95; Histoire-Géographie:12.62; Anglais:9.33; EPS:11.7,12.76,Mathématiques; SVT / Biologie-Géologie,Anglais; Philosophie,Robotique; Sport d'équipe,Normes QHSE; Génie des procédés; Résolution de problèmes,Espaces de Coworking / Startup,Ingénieur Procédés,ICMP; FIC; TEH,ICMP,Génie Industriel et Génie Civil,86.83,Élevé,"Excellente adéquation avec la série S et bonnes notes en Mathématiques, SVT / Biologie-Géologie. Profil aligné avec l'objectif de Ingénieur Procédés."
STD_2026_0502,Lova Rabenjamina,21,M,G,Mathématiques de gestion:14.18; Gestion / Comptabilité:13.71; Français:13.45; Anglais:11.32; Économie:14.55; Histoire-Géographie:6.38; Philosophie:9.24; EPS:10.05,12.48,Économie; Mathématiques de gestion,Philosophie; Histoire-Géographie,Programmation & Code; Robotique,Signal & Traitement; Électronique numérique; Résolution de problèmes,Espaces de Coworking / Startup,Concepteur Électronique,ESIIA; TEE; ICMP,ESIIA,Informatique et Télécommunication,56.9,Moyen,"Excellente adéquation avec la série G et bonnes notes en Économie, Mathématiques de gestion. Profil aligné avec l'objectif de Concepteur Électronique."
STD_2026_0503,Vero Rasoanaivo,20,M,Technique,Mathématiques appliquées:15.53; Physique appliquée / Technologie:12.35; Dessin technique:13.9; Français:10.66; Anglais:7.96; Philosophie:10.78; EPS:8.82,12.23,Mathématiques appliquées; Dessin technique,EPS; Anglais,Sport d'équipe; Musique,Génie Logiciel & Java/Web; Algorithmique & Python; Résolution de problèmes,Bureau & Télétravail,Ingénieur Génie Logiciel,IGGLIA; ESIIA; IMTICIA,IGGLIA,Informatique et Télécommunication,76.31,Élevé,"Excellente adéquation avec la série Technique et bonnes notes en Mathématiques appliquées, Dessin technique. Profil aligné avec l'objectif de Ingénieur Génie Logiciel."
STD_2026_0504,Mialy Andriantsitohaina,21,F,A,Philosophie:15.49; Français:17.75; Malagasy:9.82; Histoire-Géographie:9.71; Anglais:11.27; LV2:15.08; Mathématiques:4.99; SVT / Sciences humaines:9.18; EPS:9.51,12.36,Français; Philosophie,SVT / Sciences humaines; Mathématiques,Lecture & Écriture; Robotique,Développement Web/Mobile; UI/UX Design; Résolution de problèmes,Bureau & Télétravail,Designer UI/UX,IMTICIA; IAA; TEE,IMTICIA,Informatique et Télécommunication,72.73,Moyen,"Excellente adéquation avec la série A et bonnes notes en Français, Philosophie. Profil aligné avec l'objectif de Designer UI/UX."
STD_2026_0505,Nary Rajaonarivelo,19,F,A1,Philosophie:11.49; Français:13.03; Malagasy:16.11; Histoire-Géographie:9.09; Anglais:15.4; LV2:16.94; Mathématiques:7.26; SVT / Sciences humaines:11.02; EPS:11.26,12.65,LV2; Malagasy,Histoire-Géographie; Mathématiques,Économie & Bourse; Programmation & Code,Statistiques inférentielles; Python / R Data; Résolution de problèmes,Laboratoire & R&D,Data Scientist,ISAIA; ICMP; FIC,ISAIA,Informatique et Télécommunication,50.96,Faible,"Excellente adéquation avec la série A1 et bonnes notes en LV2, Malagasy. Profil aligné avec l'objectif de Data Scientist."
STD_2026_0506,Hasina Ratsimbazafy,21,M,A2,Philosophie:15.5; Français:16.59; Malagasy:12.28; Histoire-Géographie:12.76; Anglais:10.05; LV2:15.38; Mathématiques:6.73; SVT / Sciences humaines:16.54; EPS:13.59,13.63,Français; SVT / Sciences humaines,Anglais; Mathématiques,Sport d'équipe; Volontariat,Gestion de projets durables; Guide & Médiation; Résolution de problèmes,Laboratoire & R&D,Responsable Parc Naturel,TEE; ICMP; GCA,TEE,Techniques du Tourisme,79.49,Élevé,"Excellente adéquation avec la série A2 et bonnes notes en Français, SVT / Sciences humaines. Profil aligné avec l'objectif de Responsable Parc Naturel."
STD_2026_0507,Henintsoa Rabenjamina,21,F,L,Philosophie:14.06; Français et Littérature:17.2; Anglais:12.26; LV2:19.6; Malagasy:12.9; Histoire-Géographie:10.13; Éducation civique:7.8; Mathématiques:8.39; Arts / options culturelles:12.74; EPS:8.82,13.39,LV2; Français et Littérature,Mathématiques; Éducation civique,Économie & Bourse; Sport d'équipe,Yield Management; Management hôtelier; Résolution de problèmes,Entreprise industrielle,Directeur de l'Hébergement,TEH; CAA; EMII,TEH,Techniques du Tourisme,84.96,Élevé,"Excellente adéquation avec la série L et bonnes notes en LV2, Français et Littérature. Profil aligné avec l'objectif de Directeur de l'Hébergement."
STD_2026_0508,Faly Andriantsitohaina,18,F,C,"Mathématiques:13.64; Sciences Physiques, Chimiques et Technologie (SPCT):13.06; Français:13.55; Philosophie:7.25; Malagasy:8.96; Histoire-Géographie:12.82; Anglais:12.83; SVT:16.95; EPS:12.04",12.87,SVT; Mathématiques,Malagasy; Philosophie,Robotique; Dessin & Design,Techniques de Vente; Negociation internationale; Résolution de problèmes,Bureau & Télétravail,Responsable Commercial,CAA; EMP; AEE,CAA,Techniques des Affaires,77.69,Élevé,"Excellente adéquation avec la série C et bonnes notes en SVT, Mathématiques. Profil aligné avec l'objectif de Responsable Commercial."
STD_2026_0509,Hasina Rakotomalala,20,M,D,"SVT:16.92; Sciences Physiques, Chimiques et Technologie (SPCT):16.83; Mathématiques:12.83; Français:10.15; Philosophie:13.12; Malagasy:11.37; Histoire-Géographie:13.72; Anglais:10.7; EPS:12.18",13.88,"SVT; Sciences Physiques, Chimiques et Technologie (SPCT)",Anglais; Français,Économie & Bourse; Programmation & Code,Droit des contrats; Conseil d'entreprise; Résolution de problèmes,Laboratoire & R&D,Consultant Fiscaliste,DTJA; EMII; EMP,DTJA,Techniques des Affaires,76.4,Élevé,"Excellente adéquation avec la série D et bonnes notes en SVT, Sciences Physiques, Chimiques et Technologie (SPCT). Profil aligné avec l'objectif de Consultant Fiscaliste."
STD_2026_0510,Tojo Razafindrakoto,16,M,S,Mathématiques:12.44; Sciences Physiques et Chimiques:9.9; SVT / Biologie-Géologie:13.27; Français:13.56; Philosophie:10.82; Malagasy:11.14; Histoire-Géographie:10.17; Anglais:13.07; EPS:9.62,11.71,Français; SVT / Biologie-Géologie,Sciences Physiques et Chimiques; EPS,Robotique; Musique,Gestion des risques; Analyse financière; Résolution de problèmes,Sur le terrain / Chantier,Chef de Projet,EMP; IGGLIA; GCA,EMP,Techniques des Affaires,78.23,Élevé,"Excellente adéquation avec la série S et bonnes notes en Français, SVT / Biologie-Géologie. Profil aligné avec l'objectif de Chef de Projet."
STD_2026_0511,Tojo Randriamampianina,17,M,G,Mathématiques de gestion:9.43; Gestion / Comptabilité:16.42; Français:14.39; Anglais:14.03; Économie:19.14; Histoire-Géographie:11.95; Philosophie:11.53; EPS:9.92,13.89,Économie; Gestion / Comptabilité,EPS; Mathématiques de gestion,Robotique; Lecture & Écriture,Audit financier; Comptabilité générale & analytique; Résolution de problèmes,Espaces de Coworking / Startup,Auditeur Financier,FIC; AEE; EMII,FIC,Techniques des Affaires,87.97,Élevé,"Excellente adéquation avec la série G et bonnes notes en Économie, Gestion / Comptabilité. Profil aligné avec l'objectif de Auditeur Financier."
STD_2026_0512,Mirana Randriamampianina,18,F,Technique,Mathématiques appliquées:15.75; Physique appliquée / Technologie:15.98; Dessin technique:16.01; Français:8.37; Anglais:11.19; Philosophie:8.33; EPS:11.35,13.56,Dessin technique; Physique appliquée / Technologie,Français; Philosophie,Lecture & Écriture; Programmation & Code,Zootechnie; Gestion d'exploitation; Résolution de problèmes,Espaces de Coworking / Startup,Conseiller agricole,AEE; IAA; EMII,AEE,Biotechnologie et Agronomie,54.77,Faible,"Excellente adéquation avec la série Technique et bonnes notes en Dessin technique, Physique appliquée / Technologie. Profil aligné avec l'objectif de Conseiller agricole."
STD_2026_0513,Nary Rabenjamina,18,F,A,Philosophie:13.7; Français:8.25; Malagasy:12.9; Histoire-Géographie:9.02; Anglais:9.58; LV2:12.29; Mathématiques:10.17; SVT / Sciences humaines:7.2; EPS:8.1,10.47,Philosophie; Malagasy,EPS; SVT / Sciences humaines,Dessin & Design; Nature & Écologie,Biochimie alimentaire; Contrôle qualité HACCP; Résolution de problèmes,Espaces de Coworking / Startup,Conducteur de ligne de production,IAA; TEH; ISAIA,IAA,Biotechnologie et Agronomie,38.46,Faible,"Excellente adéquation avec la série A et bonnes notes en Philosophie, Malagasy. Profil aligné avec l'objectif de Conducteur de ligne de production."
STD_2026_0514,Hasina Rakotondrabe,21,M,A1,Philosophie:17.22; Français:13.56; Malagasy:9.59; Histoire-Géographie:9.54; Anglais:11.62; LV2:13.51; Mathématiques:9.51; SVT / Sciences humaines:10.72; EPS:12.17,12.35,Philosophie; Français,Histoire-Géographie; Mathématiques,Sport d'équipe; Musique,Chimie organique; Normes GMP/BPF; Résolution de problèmes,Bureau & Télétravail,Assistant de recherche galénique,PIP; CAA; ISAIA,PIP,Biotechnologie et Agronomie,50.54,Faible,"Excellente adéquation avec la série A1 et bonnes notes en Philosophie, Français. Profil aligné avec l'objectif de Assistant de recherche galénique."
STD_2026_0515,Nomena Randriamampianina,18,M,A2,Philosophie:12.96; Français:14.56; Malagasy:13.33; Histoire-Géographie:13.77; Anglais:10.04; LV2:15.74; Mathématiques:9.51; SVT / Sciences humaines:12.2; EPS:12.72,13.06,LV2; Français,Anglais; Mathématiques,Nature & Écologie; Dessin & Design,Électrotechnique; Automatisme PLC; Résolution de problèmes,Entreprise industrielle,Concepteur Mécatronique,EMII; PIP; IGGLIA,EMII,Génie Industriel et Génie Civil,47.75,Faible,"Excellente adéquation avec la série A2 et bonnes notes en LV2, Français. Profil aligné avec l'objectif de Concepteur Mécatronique."
STD_2026_0516,Tojo Rakotomalala,20,F,L,Philosophie:17.29; Français et Littérature:14.71; Anglais:11.62; LV2:14.16; Malagasy:8.83; Histoire-Géographie:14.19; Éducation civique:11.88; Mathématiques:5.22; Arts / options culturelles:18.34; EPS:13.35,13.43,Arts / options culturelles; Philosophie,Malagasy; Mathématiques,Musique; Volontariat,Métré et devis; Conduite de chantier BTP; Résolution de problèmes,Entreprise industrielle,Architecte collaborateur,GCA; IGGLIA; FIC,GCA,Génie Industriel et Génie Civil,43.07,Faible,"Excellente adéquation avec la série L et bonnes notes en Arts / options culturelles, Philosophie. Profil aligné avec l'objectif de Architecte collaborateur."
STD_2026_0517,Faly Ratsimbazafy,18,M,C,"Mathématiques:15.14; Sciences Physiques, Chimiques et Technologie (SPCT):16.2; Français:13.17; Philosophie:16.62; Malagasy:13.96; Histoire-Géographie:15.61; Anglais:10.31; SVT:15.28; EPS:12.91",14.74,"Philosophie; Sciences Physiques, Chimiques et Technologie (SPCT)",EPS; Anglais,Volontariat; Jeux de Stratégie,Géologie minière; Raffinage et extraction; Résolution de problèmes,Laboratoire & R&D,Géologue minier,ICMP; IMTICIA; TEH,ICMP,Génie Industriel et Génie Civil,84.53,Élevé,"Excellente adéquation avec la série C et bonnes notes en Philosophie, Sciences Physiques, Chimiques et Technologie (SPCT). Profil aligné avec l'objectif de Géologue minier."
STD_2026_0518,Mirana Rakotomalala,16,M,D,"SVT:11.51; Sciences Physiques, Chimiques et Technologie (SPCT):14.56; Mathématiques:16.56; Français:13.81; Philosophie:8.36; Malagasy:14.05; Histoire-Géographie:15.36; Anglais:15.72; EPS:13.95",13.83,Mathématiques; Anglais,SVT; Philosophie,Robotique; Économie & Bourse,Électronique numérique; Signal & Traitement; Résolution de problèmes,Espaces de Coworking / Startup,Ingénieur Systèmes Embarqués,ESIIA; CAA; ICMP,ESIIA,Informatique et Télécommunication,67.51,Moyen,"Excellente adéquation avec la série D et bonnes notes en Mathématiques, Anglais. Profil aligné avec l'objectif de Ingénieur Systèmes Embarqués."
STD_2026_0519,Rova Ramanantsoa,17,F,S,Mathématiques:15.53; Sciences Physiques et Chimiques:12.15; SVT / Biologie-Géologie:16.08; Français:11.57; Philosophie:13.67; Malagasy:9.59; Histoire-Géographie:15.11; Anglais:9.57; EPS:13.14,13.51,SVT / Biologie-Géologie; Mathématiques,Malagasy; Anglais,Nature & Écologie; Robotique,Machine Learning; SQL & Bases de données; Résolution de problèmes,Entreprise industrielle,Ingénieur Génie Logiciel,IGGLIA; EMII; GCA,IGGLIA,Informatique et Télécommunication,79.52,Élevé,"Excellente adéquation avec la série S et bonnes notes en SVT / Biologie-Géologie, Mathématiques. Profil aligné avec l'objectif de Ingénieur Génie Logiciel."
STD_2026_0520,Mirana Razafindrakoto,21,M,G,Mathématiques de gestion:13.14; Gestion / Comptabilité:19.71; Français:14.17; Anglais:7.09; Économie:17.04; Histoire-Géographie:8.65; Philosophie:13.4; EPS:13.5,14.08,Gestion / Comptabilité; Économie,Histoire-Géographie; Anglais,Sport d'équipe; Robotique,Développement Web/Mobile; Infographie & 3D; Résolution de problèmes,Bureau & Télétravail,Designer UI/UX,IMTICIA; IAA; CAA,IMTICIA,Informatique et Télécommunication,74.05,Moyen,"Excellente adéquation avec la série G et bonnes notes en Gestion / Comptabilité, Économie. Profil aligné avec l'objectif de Designer UI/UX."
STD_2026_0521,Hasina Rakotomalala,17,F,Technique,Mathématiques appliquées:15.61; Physique appliquée / Technologie:18.07; Dessin technique:11.87; Français:15.41; Anglais:14.41; Philosophie:10.25; EPS:12.87,14.82,Physique appliquée / Technologie; Mathématiques appliquées,Dessin technique; Philosophie,Volontariat; Dessin & Design,Statistiques inférentielles; PowerBI & Analytics; Résolution de problèmes,Espaces de Coworking / Startup,Statisticien Décisionnel,ISAIA; ESIIA; IMTICIA,ISAIA,Informatique et Télécommunication,64.08,Moyen,"Excellente adéquation avec la série Technique et bonnes notes en Physique appliquée / Technologie, Mathématiques appliquées. Profil aligné avec l'objectif de Statisticien Décisionnel."
STD_2026_0522,Rova Rasoanaivo,21,M,A,Philosophie:19.28; Français:10.19; Malagasy:15.06; Histoire-Géographie:9.34; Anglais:11.68; LV2:12.95; Mathématiques:7.19; SVT / Sciences humaines:10.03; EPS:5.37,12.13,Philosophie; Malagasy,Mathématiques; EPS,Robotique; Programmation & Code,Ingénierie touristique; Guide & Médiation; Résolution de problèmes,Laboratoire & R&D,Chef de projet Développement Durable,TEE; TEH; IMTICIA,TEE,Techniques du Tourisme,70.01,Moyen,"Excellente adéquation avec la série A et bonnes notes en Philosophie, Malagasy. Profil aligné avec l'objectif de Chef de projet Développement Durable."
STD_2026_0523,Lova Ratsimbazafy,19,F,A1,Philosophie:11.77; Français:16.89; Malagasy:8.39; Histoire-Géographie:13.15; Anglais:9.24; LV2:16.9; Mathématiques:14.35; SVT / Sciences humaines:9.71; EPS:10.38,12.56,LV2; Français,Anglais; Malagasy,Nature & Écologie; Lecture & Écriture,Management hôtelier; Communication interculturelle; Résolution de problèmes,Bureau & Télétravail,Chef de projet Événementiel,TEH; IGGLIA; ISAIA,TEH,Techniques du Tourisme,81.81,Élevé,"Excellente adéquation avec la série A1 et bonnes notes en LV2, Français. Profil aligné avec l'objectif de Chef de projet Événementiel."
STD_2026_0524,Andry Rajaonarivelo,18,F,A2,Philosophie:10.35; Français:13.6; Malagasy:9.71; Histoire-Géographie:9.99; Anglais:12.15; LV2:13.3; Mathématiques:6.97; SVT / Sciences humaines:10.19; EPS:8.28,10.98,Français; LV2,EPS; Mathématiques,Dessin & Design; Économie & Bourse,Negociation internationale; Marketing Digital; Résolution de problèmes,Sur le terrain / Chantier,Directeur des Ventes,CAA; TEE; ESIIA,CAA,Techniques des Affaires,72.54,Moyen,"Excellente adéquation avec la série A2 et bonnes notes en Français, LV2. Profil aligné avec l'objectif de Directeur des Ventes."
STD_2026_0525,Nomena Rasoanaivo,19,F,L,Philosophie:13.35; Français et Littérature:11.8; Anglais:7.96; LV2:13.12; Malagasy:12.71; Histoire-Géographie:9.85; Éducation civique:10.5; Mathématiques:15.11; Arts / options culturelles:15.69; EPS:14.71,12.18,Arts / options culturelles; Mathématiques,Histoire-Géographie; Anglais,Jeux de Stratégie; Musique,Droit des contrats; Conseil d'entreprise; Résolution de problèmes,Espaces de Coworking / Startup,Gestionnaire de Contrats,DTJA; IMTICIA; TEE,DTJA,Techniques des Affaires,69.53,Moyen,"Excellente adéquation avec la série L et bonnes notes en Arts / options culturelles, Mathématiques. Profil aligné avec l'objectif de Gestionnaire de Contrats."
STD_2026_0526,Henintsoa Rabenjamina,16,M,C,"Mathématiques:15.23; Sciences Physiques, Chimiques et Technologie (SPCT):9.88; Français:15.3; Philosophie:13.95; Malagasy:12.11; Histoire-Géographie:6.41; Anglais:9.74; SVT:18.11; EPS:11.86",12.91,SVT; Français,Anglais; Histoire-Géographie,Économie & Bourse; Sport d'équipe,Gestion de projet Agile/PMP; Gestion des risques; Résolution de problèmes,Laboratoire & R&D,Chef de Projet,EMP; IMTICIA; FIC,EMP,Techniques des Affaires,79.54,Élevé,"Excellente adéquation avec la série C et bonnes notes en SVT, Français. Profil aligné avec l'objectif de Chef de Projet."
STD_2026_0527,Fitia Rakotondrabe,19,F,D,"SVT:15.52; Sciences Physiques, Chimiques et Technologie (SPCT):15.67; Mathématiques:13.1; Français:12.37; Philosophie:15.17; Malagasy:10.71; Histoire-Géographie:7.35; Anglais:8.75; EPS:13.41",13.27,"Sciences Physiques, Chimiques et Technologie (SPCT); SVT",Anglais; Histoire-Géographie,Lecture & Écriture; Programmation & Code,Contrôle de gestion; Audit financier; Résolution de problèmes,Laboratoire & R&D,Contrôleur de Gestion,FIC; IAA; IMTICIA,FIC,Techniques des Affaires,80.96,Élevé,"Excellente adéquation avec la série D et bonnes notes en Sciences Physiques, Chimiques et Technologie (SPCT), SVT. Profil aligné avec l'objectif de Contrôleur de Gestion."
STD_2026_0528,Rova Randriamampianina,21,M,S,Mathématiques:14.91; Sciences Physiques et Chimiques:10.29; SVT / Biologie-Géologie:17.3; Français:12.8; Philosophie:12.76; Malagasy:13.35; Histoire-Géographie:10.46; Anglais:12.8; EPS:11.24,13.3,SVT / Biologie-Géologie; Mathématiques,Histoire-Géographie; Sciences Physiques et Chimiques,Musique; Nature & Écologie,Analyse des sols; Zootechnie; Résolution de problèmes,Bureau & Télétravail,Responsable d'élevage,AEE; EMP; ESIIA,AEE,Biotechnologie et Agronomie,80.12,Élevé,"Excellente adéquation avec la série S et bonnes notes en SVT / Biologie-Géologie, Mathématiques. Profil aligné avec l'objectif de Responsable d'élevage."
STD_2026_0529,Nary Rabenjamina,21,F,G,Mathématiques de gestion:19.27; Gestion / Comptabilité:14.93; Français:11.73; Anglais:8.64; Économie:15.52; Histoire-Géographie:9.11; Philosophie:13.51; EPS:10.62,13.65,Mathématiques de gestion; Économie,Histoire-Géographie; Anglais,Volontariat; Lecture & Écriture,Microbiologie; Contrôle qualité HACCP; Résolution de problèmes,Laboratoire & R&D,Responsable Qualité HACCP,IAA; PIP; EMP,IAA,Biotechnologie et Agronomie,53.2,Faible,"Excellente adéquation avec la série G et bonnes notes en Mathématiques de gestion, Économie. Profil aligné avec l'objectif de Responsable Qualité HACCP."
STD_2026_0530,Rova Rakotomalala,21,F,Technique,Mathématiques appliquées:15.86; Physique appliquée / Technologie:19.33; Dessin technique:15.62; Français:16.68; Anglais:8.87; Philosophie:11.59; EPS:11.03,15.21,Physique appliquée / Technologie; Français,EPS; Anglais,Lecture & Écriture; Économie & Bourse,Analyse en laboratoire; Normes GMP/BPF; Résolution de problèmes,Entreprise industrielle,Assistant de recherche galénique,PIP; ISAIA; ESIIA,PIP,Biotechnologie et Agronomie,61.68,Moyen,"Excellente adéquation avec la série Technique et bonnes notes en Physique appliquée / Technologie, Français. Profil aligné avec l'objectif de Assistant de recherche galénique."
STD_2026_0531,Henintsoa Rajaonarivelo,20,M,A,Philosophie:14.36; Français:17.25; Malagasy:11.28; Histoire-Géographie:13.3; Anglais:10.34; LV2:15.8; Mathématiques:9.29; SVT / Sciences humaines:7.42; EPS:14.35,13.23,Français; LV2,Mathématiques; SVT / Sciences humaines,Nature & Écologie; Robotique,CAO Mécanique; Automatisme PLC; Résolution de problèmes,Laboratoire & R&D,Responsable Maintenance,EMII; TEE; ICMP,EMII,Génie Industriel et Génie Civil,41.98,Faible,"Excellente adéquation avec la série A et bonnes notes en Français, LV2. Profil aligné avec l'objectif de Responsable Maintenance."
STD_2026_0532,Nomena Rakotomalala,17,F,A1,Philosophie:17.26; Français:13.33; Malagasy:6.26; Histoire-Géographie:11.3; Anglais:12.71; LV2:11.55; Mathématiques:8.07; SVT / Sciences humaines:10.74; EPS:9.91,11.78,Philosophie; Français,Mathématiques; Malagasy,Nature & Écologie; Sport d'équipe,Conduite de chantier BTP; Calcul de structures; Résolution de problèmes,Bureau & Télétravail,Chef de chantier BTP,GCA; TEH; IAA,GCA,Génie Industriel et Génie Civil,44.52,Faible,"Excellente adéquation avec la série A1 et bonnes notes en Philosophie, Français. Profil aligné avec l'objectif de Chef de chantier BTP."
STD_2026_0533,Hery Rakotondrabe,19,M,A2,Philosophie:14.25; Français:11.81; Malagasy:10.42; Histoire-Géographie:12.53; Anglais:12.71; LV2:11.39; Mathématiques:10.98; SVT / Sciences humaines:10.36; EPS:12.13,12.04,Philosophie; Anglais,Malagasy; SVT / Sciences humaines,Volontariat; Nature & Écologie,Raffinage et extraction; Normes QHSE; Résolution de problèmes,Entreprise industrielle,Responsable d'extraction,ICMP; GCA; ESIIA,ICMP,Génie Industriel et Génie Civil,50.93,Faible,"Excellente adéquation avec la série A2 et bonnes notes en Philosophie, Anglais. Profil aligné avec l'objectif de Responsable d'extraction."
STD_2026_0534,Henintsoa Andriantsitohaina,20,F,L,Philosophie:15.76; Français et Littérature:13.64; Anglais:10.94; LV2:16.43; Malagasy:15.5; Histoire-Géographie:9.85; Éducation civique:10.27; Mathématiques:12.98; Arts / options culturelles:17.52; EPS:9.33,13.52,Arts / options culturelles; LV2,Histoire-Géographie; EPS,Musique; Dessin & Design,Électronique numérique; Microcontrôleurs IoT; Résolution de problèmes,Entreprise industrielle,Ingénieur Robotique,ESIIA; TEH; CAA,ESIIA,Informatique et Télécommunication,51.24,Faible,"Excellente adéquation avec la série L et bonnes notes en Arts / options culturelles, LV2. Profil aligné avec l'objectif de Ingénieur Robotique."
STD_2026_0535,Mialy Rakotomalala,20,F,C,"Mathématiques:15.21; Sciences Physiques, Chimiques et Technologie (SPCT):17.24; Français:9.85; Philosophie:15.23; Malagasy:9.64; Histoire-Géographie:6.03; Anglais:10.49; SVT:14.82; EPS:13.73",13.59,"Sciences Physiques, Chimiques et Technologie (SPCT); Philosophie",Malagasy; Histoire-Géographie,Lecture & Écriture; Jeux de Stratégie,Machine Learning; Algorithmique & Python; Résolution de problèmes,Laboratoire & R&D,Data Scientist / IA,IGGLIA; ISAIA; IAA,IGGLIA,Informatique et Télécommunication,77.47,Élevé,"Excellente adéquation avec la série C et bonnes notes en Sciences Physiques, Chimiques et Technologie (SPCT), Philosophie. Profil aligné avec l'objectif de Data Scientist / IA."
STD_2026_0536,Nomena Rasoanaivo,20,M,D,"SVT:14.65; Sciences Physiques, Chimiques et Technologie (SPCT):16.36; Mathématiques:11.15; Français:9.37; Philosophie:10.38; Malagasy:14.48; Histoire-Géographie:15.48; Anglais:14.45; EPS:9.99",13.21,"Sciences Physiques, Chimiques et Technologie (SPCT); Histoire-Géographie",EPS; Français,Robotique; Économie & Bourse,UI/UX Design; Infographie & 3D; Résolution de problèmes,Laboratoire & R&D,Concepteur Multimédia,IMTICIA; CAA; AEE,IMTICIA,Informatique et Télécommunication,75.93,Élevé,"Excellente adéquation avec la série D et bonnes notes en Sciences Physiques, Chimiques et Technologie (SPCT), Histoire-Géographie. Profil aligné avec l'objectif de Concepteur Multimédia."
STD_2026_0537,Toky Rajaonarivelo,16,M,S,Mathématiques:18.27; Sciences Physiques et Chimiques:14.18; SVT / Biologie-Géologie:12.93; Français:10.37; Philosophie:11.25; Malagasy:10.22; Histoire-Géographie:11.48; Anglais:11.32; EPS:12.37,13.61,Mathématiques; Sciences Physiques et Chimiques,Français; Malagasy,Musique; Lecture & Écriture,PowerBI & Analytics; Statistiques inférentielles; Résolution de problèmes,Laboratoire & R&D,Consultant Big Data,ISAIA; FIC; CAA,ISAIA,Informatique et Télécommunication,81.32,Élevé,"Excellente adéquation avec la série S et bonnes notes en Mathématiques, Sciences Physiques et Chimiques. Profil aligné avec l'objectif de Consultant Big Data."
STD_2026_0538,Sitraka Rasoanaivo,19,M,G,Mathématiques de gestion:12.45; Gestion / Comptabilité:11.32; Français:16.14; Anglais:9.71; Économie:16.08; Histoire-Géographie:8.6; Philosophie:7.47; EPS:12.29,12.23,Français; Économie,Histoire-Géographie; Philosophie,Musique; Dessin & Design,Gestion de projets durables; Écotourisme & Biodiversité; Résolution de problèmes,Espaces de Coworking / Startup,Consultant Écotourisme,TEE; IAA; ESIIA,TEE,Techniques du Tourisme,72.44,Moyen,"Excellente adéquation avec la série G et bonnes notes en Français, Économie. Profil aligné avec l'objectif de Consultant Écotourisme."
STD_2026_0539,Fitia Razafindrakoto,16,F,Technique,Mathématiques appliquées:16.18; Physique appliquée / Technologie:13.2; Dessin technique:13.05; Français:8.04; Anglais:16.19; Philosophie:13.95; EPS:8.74,13.33,Anglais; Mathématiques appliquées,EPS; Français,Économie & Bourse; Lecture & Écriture,Communication interculturelle; Yield Management; Résolution de problèmes,Sur le terrain / Chantier,Responsable d'Agence de Voyage,TEH; ESIIA; EMP,TEH,Techniques du Tourisme,49.1,Faible,"Excellente adéquation avec la série Technique et bonnes notes en Anglais, Mathématiques appliquées. Profil aligné avec l'objectif de Responsable d'Agence de Voyage."
STD_2026_0540,Lova Randriamampianina,20,M,A,Philosophie:10.78; Français:12.07; Malagasy:14.43; Histoire-Géographie:10.04; Anglais:10.83; LV2:14.16; Mathématiques:7.06; SVT / Sciences humaines:9.56; EPS:11.72,11.46,Malagasy; LV2,SVT / Sciences humaines; Mathématiques,Volontariat; Programmation & Code,Techniques de Vente; Marketing Digital; Résolution de problèmes,Sur le terrain / Chantier,Directeur des Ventes,CAA; ISAIA; IMTICIA,CAA,Techniques des Affaires,63.26,Moyen,"Excellente adéquation avec la série A et bonnes notes en Malagasy, LV2. Profil aligné avec l'objectif de Directeur des Ventes."
STD_2026_0541,Kanto Rabenjamina,16,M,A1,Philosophie:14.73; Français:9.73; Malagasy:13.36; Histoire-Géographie:7.6; Anglais:11.57; LV2:13.83; Mathématiques:8.42; SVT / Sciences humaines:11.11; EPS:8.46,11.28,Philosophie; LV2,Mathématiques; Histoire-Géographie,Robotique; Sport d'équipe,Conseil d'entreprise; Rédaction juridique; Résolution de problèmes,Laboratoire & R&D,Gestionnaire de Contrats,DTJA; IGGLIA; TEE,DTJA,Techniques des Affaires,72.63,Moyen,"Excellente adéquation avec la série A1 et bonnes notes en Philosophie, LV2. Profil aligné avec l'objectif de Gestionnaire de Contrats."
STD_2026_0542,Fitia Ramanantsoa,20,M,A2,Philosophie:12.66; Français:15.91; Malagasy:13.05; Histoire-Géographie:5.07; Anglais:12.33; LV2:14.07; Mathématiques:11.86; SVT / Sciences humaines:5.42; EPS:11.61,11.83,Français; LV2,SVT / Sciences humaines; Histoire-Géographie,Programmation & Code; Économie & Bourse,Gestion des risques; Analyse financière; Résolution de problèmes,Bureau & Télétravail,Consultant en Organisation,EMP; AEE; GCA,EMP,Techniques des Affaires,81.36,Élevé,"Excellente adéquation avec la série A2 et bonnes notes en Français, LV2. Profil aligné avec l'objectif de Consultant en Organisation."
STD_2026_0543,Fitia Rasoanaivo,17,M,L,Philosophie:14.51; Français et Littérature:11.37; Anglais:8.25; LV2:15.21; Malagasy:11.24; Histoire-Géographie:8.68; Éducation civique:11.25; Mathématiques:1.87; Arts / options culturelles:16.67; EPS:9.06,11.27,Arts / options culturelles; LV2,Anglais; Mathématiques,Robotique; Musique,Contrôle de gestion; Comptabilité générale & analytique; Résolution de problèmes,Laboratoire & R&D,Auditeur Financier,FIC; GCA; AEE,FIC,Techniques des Affaires,36.39,Faible,"Excellente adéquation avec la série L et bonnes notes en Arts / options culturelles, LV2. Profil aligné avec l'objectif de Auditeur Financier."
STD_2026_0544,Tiana Rajaonarivelo,16,M,C,"Mathématiques:14.92; Sciences Physiques, Chimiques et Technologie (SPCT):11.4; Français:9.07; Philosophie:11.95; Malagasy:16.77; Histoire-Géographie:10.34; Anglais:12.19; SVT:13.51; EPS:10.78",12.57,Malagasy; Mathématiques,Histoire-Géographie; Français,Programmation & Code; Économie & Bourse,Gestion d'exploitation; Zootechnie; Résolution de problèmes,Laboratoire & R&D,Chef d'exploitation,AEE; IAA; FIC,AEE,Biotechnologie et Agronomie,80.49,Élevé,"Excellente adéquation avec la série C et bonnes notes en Malagasy, Mathématiques. Profil aligné avec l'objectif de Chef d'exploitation."
STD_2026_0545,Andry Rajaonarivelo,19,M,D,"SVT:13.33; Sciences Physiques, Chimiques et Technologie (SPCT):13.36; Mathématiques:11.08; Français:11.72; Philosophie:12.02; Malagasy:12.47; Histoire-Géographie:9.55; Anglais:15.3; EPS:9.47",12.24,"Anglais; Sciences Physiques, Chimiques et Technologie (SPCT)",Histoire-Géographie; EPS,Musique; Robotique,Contrôle qualité HACCP; Process agroalimentaires; Résolution de problèmes,Sur le terrain / Chantier,Ingénieur Agroalimentaire,IAA; IMTICIA; EMP,IAA,Biotechnologie et Agronomie,78.66,Élevé,"Excellente adéquation avec la série D et bonnes notes en Anglais, Sciences Physiques, Chimiques et Technologie (SPCT). Profil aligné avec l'objectif de Ingénieur Agroalimentaire."
STD_2026_0546,Nary Rakotomalala,16,M,S,Mathématiques:14.45; Sciences Physiques et Chimiques:20.0; SVT / Biologie-Géologie:13.43; Français:11.26; Philosophie:11.1; Malagasy:10.94; Histoire-Géographie:15.58; Anglais:6.97; EPS:13.1,14.11,Sciences Physiques et Chimiques; Histoire-Géographie,Malagasy; Anglais,Programmation & Code; Lecture & Écriture,Pharmacologie; Normes GMP/BPF; Résolution de problèmes,Espaces de Coworking / Startup,Assistant de recherche galénique,PIP; ESIIA; IAA,PIP,Biotechnologie et Agronomie,81.83,Élevé,"Excellente adéquation avec la série S et bonnes notes en Sciences Physiques et Chimiques, Histoire-Géographie. Profil aligné avec l'objectif de Assistant de recherche galénique."
STD_2026_0547,Lova Ratsimbazafy,18,M,G,Mathématiques de gestion:15.8; Gestion / Comptabilité:16.77; Français:13.83; Anglais:17.3; Économie:10.11; Histoire-Géographie:10.32; Philosophie:7.61; EPS:13.18,14.03,Anglais; Gestion / Comptabilité,Économie; Philosophie,Nature & Écologie; Musique,CAO Mécanique; Maintenance industrielle; Résolution de problèmes,Bureau & Télétravail,Concepteur Mécatronique,EMII; PIP; GCA,EMII,Génie Industriel et Génie Civil,59.75,Moyen,"Excellente adéquation avec la série G et bonnes notes en Anglais, Gestion / Comptabilité. Profil aligné avec l'objectif de Concepteur Mécatronique."
STD_2026_0548,Toky Ratsimbazafy,16,M,Technique,Mathématiques appliquées:12.14; Physique appliquée / Technologie:17.32; Dessin technique:12.01; Français:5.71; Anglais:12.19; Philosophie:5.57; EPS:12.52,12.1,Physique appliquée / Technologie; EPS,Français; Philosophie,Dessin & Design; Lecture & Écriture,Métré et devis; Calcul de structures; Résolution de problèmes,Sur le terrain / Chantier,Chef de chantier BTP,GCA; ISAIA; ICMP,GCA,Génie Industriel et Génie Civil,80.14,Élevé,"Excellente adéquation avec la série Technique et bonnes notes en Physique appliquée / Technologie, EPS. Profil aligné avec l'objectif de Chef de chantier BTP."
STD_2026_0549,Andry Rabenjamina,16,F,A,Philosophie:14.61; Français:14.42; Malagasy:11.96; Histoire-Géographie:13.19; Anglais:11.94; LV2:14.68; Mathématiques:7.12; SVT / Sciences humaines:9.27; EPS:10.48,12.64,LV2; Philosophie,SVT / Sciences humaines; Mathématiques,Jeux de Stratégie; Musique,Géologie minière; Normes QHSE; Résolution de problèmes,Entreprise industrielle,Ingénieur Procédés,ICMP; TEE; AEE,ICMP,Génie Industriel et Génie Civil,45.17,Faible,"Excellente adéquation avec la série A et bonnes notes en LV2, Philosophie. Profil aligné avec l'objectif de Ingénieur Procédés."
STD_2026_0550,Hery Razafindrakoto,21,F,A1,Philosophie:14.28; Français:11.04; Malagasy:9.12; Histoire-Géographie:13.52; Anglais:11.28; LV2:12.4; Mathématiques:15.12; SVT / Sciences humaines:9.08; EPS:16.2,12.3,EPS; Mathématiques,Malagasy; SVT / Sciences humaines,Sport d'équipe; Jeux de Stratégie,Signal & Traitement; Microcontrôleurs IoT; Résolution de problèmes,Entreprise industrielle,Développeur IoT,ESIIA; EMII; AEE,ESIIA,Informatique et Télécommunication,53.48,Faible,"Excellente adéquation avec la série A1 et bonnes notes en EPS, Mathématiques. Profil aligné avec l'objectif de Développeur IoT."
STD_2026_0551,Nomena Ratsimbazafy,18,F,A2,Philosophie:10.28; Français:14.47; Malagasy:13.59; Histoire-Géographie:11.0; Anglais:13.1; LV2:14.22; Mathématiques:8.7; SVT / Sciences humaines:14.34; EPS:13.87,12.66,Français; SVT / Sciences humaines,Philosophie; Mathématiques,Économie & Bourse; Lecture & Écriture,SQL & Bases de données; Génie Logiciel & Java/Web; Résolution de problèmes,Entreprise industrielle,Data Scientist / IA,IGGLIA; AEE; IMTICIA,IGGLIA,Informatique et Télécommunication,76.49,Élevé,"Excellente adéquation avec la série A2 et bonnes notes en Français, SVT / Sciences humaines. Profil aligné avec l'objectif de Data Scientist / IA."
STD_2026_0552,Tojo Ratsimbazafy,20,M,L,Philosophie:17.69; Français et Littérature:12.76; Anglais:8.14; LV2:14.22; Malagasy:12.2; Histoire-Géographie:4.97; Éducation civique:14.61; Mathématiques:13.24; Arts / options culturelles:16.45; EPS:13.88,12.8,Philosophie; Arts / options culturelles,Anglais; Histoire-Géographie,Nature & Écologie; Économie & Bourse,Développement Web/Mobile; Réseaux informatiques; Résolution de problèmes,Sur le terrain / Chantier,Designer UI/UX,IMTICIA; DTJA; ICMP,IMTICIA,Informatique et Télécommunication,76.8,Élevé,"Excellente adéquation avec la série L et bonnes notes en Philosophie, Arts / options culturelles. Profil aligné avec l'objectif de Designer UI/UX."
STD_2026_0553,Lova Ramanantsoa,21,F,C,"Mathématiques:16.16; Sciences Physiques, Chimiques et Technologie (SPCT):14.73; Français:11.89; Philosophie:8.83; Malagasy:6.95; Histoire-Géographie:11.98; Anglais:11.92; SVT:13.5; EPS:11.84",13.13,"Mathématiques; Sciences Physiques, Chimiques et Technologie (SPCT)",Philosophie; Malagasy,Programmation & Code; Volontariat,Statistiques inférentielles; PowerBI & Analytics; Résolution de problèmes,Bureau & Télétravail,Data Scientist,ISAIA; IMTICIA; PIP,ISAIA,Informatique et Télécommunication,82.94,Élevé,"Excellente adéquation avec la série C et bonnes notes en Mathématiques, Sciences Physiques, Chimiques et Technologie (SPCT). Profil aligné avec l'objectif de Data Scientist."
STD_2026_0554,Andry Ramanantsoa,19,F,D,"SVT:15.3; Sciences Physiques, Chimiques et Technologie (SPCT):15.74; Mathématiques:18.03; Français:15.79; Philosophie:8.01; Malagasy:11.55; Histoire-Géographie:9.34; Anglais:10.48; EPS:4.94",13.68,Mathématiques; Français,Philosophie; EPS,Dessin & Design; Musique,Guide & Médiation; Ingénierie touristique; Résolution de problèmes,Entreprise industrielle,Guide Patrimoine,TEE; ESIIA; EMP,TEE,Techniques du Tourisme,77.54,Élevé,"Excellente adéquation avec la série D et bonnes notes en Mathématiques, Français. Profil aligné avec l'objectif de Guide Patrimoine."
STD_2026_0555,Lova Ratsimbazafy,18,M,S,Mathématiques:15.18; Sciences Physiques et Chimiques:15.0; SVT / Biologie-Géologie:13.7; Français:5.53; Philosophie:13.08; Malagasy:5.71; Histoire-Géographie:16.04; Anglais:6.66; EPS:11.21,12.48,Histoire-Géographie; Mathématiques,Malagasy; Français,Économie & Bourse; Jeux de Stratégie,Gestion événementielle; Management hôtelier; Résolution de problèmes,Entreprise industrielle,Responsable d'Agence de Voyage,TEH; IAA; ISAIA,TEH,Techniques du Tourisme,43.38,Faible,"Excellente adéquation avec la série S et bonnes notes en Histoire-Géographie, Mathématiques. Profil aligné avec l'objectif de Responsable d'Agence de Voyage."
STD_2026_0556,Hasina Randriamampianina,18,M,G,Mathématiques de gestion:13.49; Gestion / Comptabilité:17.03; Français:13.04; Anglais:11.27; Économie:17.2; Histoire-Géographie:15.3; Philosophie:12.83; EPS:14.53,14.52,Économie; Gestion / Comptabilité,Philosophie; Anglais,Sport d'équipe; Dessin & Design,Marketing Digital; Analyse Marché; Résolution de problèmes,Entreprise industrielle,Responsable Commercial,CAA; ICMP; DTJA,CAA,Techniques des Affaires,79.75,Élevé,"Excellente adéquation avec la série G et bonnes notes en Économie, Gestion / Comptabilité. Profil aligné avec l'objectif de Responsable Commercial."
STD_2026_0557,Hasina Rabenjamina,20,M,Technique,Mathématiques appliquées:15.33; Physique appliquée / Technologie:15.04; Dessin technique:10.61; Français:9.91; Anglais:12.08; Philosophie:15.21; EPS:12.21,13.29,Mathématiques appliquées; Philosophie,Dessin technique; Français,Sport d'équipe; Dessin & Design,Rédaction juridique; Analyse fiscale; Résolution de problèmes,Bureau & Télétravail,Assistant Juridique,DTJA; ISAIA; CAA,DTJA,Techniques des Affaires,49.77,Faible,"Excellente adéquation avec la série Technique et bonnes notes en Mathématiques appliquées, Philosophie. Profil aligné avec l'objectif de Assistant Juridique."
STD_2026_0558,Tiana Rakotondrabe,16,F,A,Philosophie:17.76; Français:15.58; Malagasy:14.0; Histoire-Géographie:10.71; Anglais:12.33; LV2:12.84; Mathématiques:11.48; SVT / Sciences humaines:12.58; EPS:9.64,13.62,Philosophie; Français,Histoire-Géographie; EPS,Programmation & Code; Volontariat,Analyse financière; Gestion de projet Agile/PMP; Résolution de problèmes,Espaces de Coworking / Startup,Chef de Projet,EMP; TEH; EMII,EMP,Techniques des Affaires,76.62,Élevé,"Excellente adéquation avec la série A et bonnes notes en Philosophie, Français. Profil aligné avec l'objectif de Chef de Projet."
STD_2026_0559,Lova Rabenjamina,21,F,A1,Philosophie:18.49; Français:15.67; Malagasy:14.65; Histoire-Géographie:8.71; Anglais:12.59; LV2:13.53; Mathématiques:11.33; SVT / Sciences humaines:9.32; EPS:10.01,13.46,Philosophie; Français,SVT / Sciences humaines; Histoire-Géographie,Programmation & Code; Sport d'équipe,Contrôle de gestion; Comptabilité générale & analytique; Résolution de problèmes,Sur le terrain / Chantier,Contrôleur de Gestion,FIC; DTJA; TEE,FIC,Techniques des Affaires,48.42,Faible,"Excellente adéquation avec la série A1 et bonnes notes en Philosophie, Français. Profil aligné avec l'objectif de Contrôleur de Gestion."
STD_2026_0560,Mirana Rasoanaivo,19,M,A2,Philosophie:13.89; Français:11.76; Malagasy:12.61; Histoire-Géographie:11.1; Anglais:15.27; LV2:15.16; Mathématiques:11.65; SVT / Sciences humaines:11.72; EPS:12.93,13.04,Anglais; LV2,Mathématiques; Histoire-Géographie,Lecture & Écriture; Jeux de Stratégie,Analyse des sols; Zootechnie; Résolution de problèmes,Espaces de Coworking / Startup,Responsable d'élevage,AEE; DTJA; PIP,AEE,Biotechnologie et Agronomie,77.54,Élevé,"Excellente adéquation avec la série A2 et bonnes notes en Anglais, LV2. Profil aligné avec l'objectif de Responsable d'élevage."
STD_2026_0561,Vero Razafindrakoto,21,F,L,Philosophie:13.49; Français et Littérature:12.68; Anglais:11.9; LV2:13.22; Malagasy:16.1; Histoire-Géographie:6.98; Éducation civique:13.94; Mathématiques:12.97; Arts / options culturelles:13.96; EPS:11.94,12.69,Malagasy; Arts / options culturelles,Anglais; Histoire-Géographie,Jeux de Stratégie; Sport d'équipe,Process agroalimentaires; Contrôle qualité HACCP; Résolution de problèmes,Espaces de Coworking / Startup,Conducteur de ligne de production,IAA; IGGLIA; TEH,IAA,Biotechnologie et Agronomie,57.62,Moyen,"Excellente adéquation avec la série L et bonnes notes en Malagasy, Arts / options culturelles. Profil aligné avec l'objectif de Conducteur de ligne de production."
STD_2026_0562,Sitraka Rabenjamina,17,F,C,"Mathématiques:11.0; Sciences Physiques, Chimiques et Technologie (SPCT):17.57; Français:12.76; Philosophie:13.16; Malagasy:11.6; Histoire-Géographie:17.2; Anglais:13.21; SVT:16.18; EPS:8.7",13.69,"Sciences Physiques, Chimiques et Technologie (SPCT); Histoire-Géographie",Mathématiques; EPS,Nature & Écologie; Lecture & Écriture,Chimie organique; Analyse en laboratoire; Résolution de problèmes,Sur le terrain / Chantier,Responsable contrôle qualité labo,PIP; TEE; EMII,PIP,Biotechnologie et Agronomie,82.17,Élevé,"Excellente adéquation avec la série C et bonnes notes en Sciences Physiques, Chimiques et Technologie (SPCT), Histoire-Géographie. Profil aligné avec l'objectif de Responsable contrôle qualité labo."
STD_2026_0563,Faly Rajaonarivelo,20,F,D,"SVT:18.41; Sciences Physiques, Chimiques et Technologie (SPCT):14.19; Mathématiques:11.09; Français:12.0; Philosophie:9.76; Malagasy:13.83; Histoire-Géographie:8.95; Anglais:10.46; EPS:13.39",13.3,"SVT; Sciences Physiques, Chimiques et Technologie (SPCT)",Philosophie; Histoire-Géographie,Programmation & Code; Robotique,Maintenance industrielle; Électrotechnique; Résolution de problèmes,Entreprise industrielle,Concepteur Mécatronique,EMII; ICMP; DTJA,EMII,Génie Industriel et Génie Civil,75.94,Élevé,"Excellente adéquation avec la série D et bonnes notes en SVT, Sciences Physiques, Chimiques et Technologie (SPCT). Profil aligné avec l'objectif de Concepteur Mécatronique."
STD_2026_0564,Hasina Andriantsitohaina,20,F,S,Mathématiques:14.24; Sciences Physiques et Chimiques:15.28; SVT / Biologie-Géologie:12.08; Français:13.43; Philosophie:12.88; Malagasy:14.26; Histoire-Géographie:15.55; Anglais:8.79; EPS:8.24,13.27,Histoire-Géographie; Sciences Physiques et Chimiques,Anglais; EPS,Lecture & Écriture; Jeux de Stratégie,Calcul de structures; Conduite de chantier BTP; Résolution de problèmes,Sur le terrain / Chantier,Chef de chantier BTP,GCA; DTJA; ICMP,GCA,Génie Industriel et Génie Civil,86.34,Élevé,"Excellente adéquation avec la série S et bonnes notes en Histoire-Géographie, Sciences Physiques et Chimiques. Profil aligné avec l'objectif de Chef de chantier BTP."
STD_2026_0565,Soa Razafindrakoto,21,M,G,Mathématiques de gestion:10.64; Gestion / Comptabilité:16.1; Français:14.32; Anglais:10.87; Économie:17.19; Histoire-Géographie:13.09; Philosophie:11.66; EPS:7.16,13.21,Économie; Gestion / Comptabilité,Mathématiques de gestion; EPS,Nature & Écologie; Sport d'équipe,Normes QHSE; Raffinage et extraction; Résolution de problèmes,Laboratoire & R&D,Responsable d'extraction,ICMP; TEH; PIP,ICMP,Génie Industriel et Génie Civil,49.89,Faible,"Excellente adéquation avec la série G et bonnes notes en Économie, Gestion / Comptabilité. Profil aligné avec l'objectif de Responsable d'extraction."
STD_2026_0566,Hasina Rabenjamina,17,M,Technique,Mathématiques appliquées:14.57; Physique appliquée / Technologie:15.13; Dessin technique:12.36; Français:10.04; Anglais:9.38; Philosophie:14.92; EPS:13.98,13.22,Physique appliquée / Technologie; Philosophie,Français; Anglais,Jeux de Stratégie; Dessin & Design,Électronique numérique; Signal & Traitement; Résolution de problèmes,Espaces de Coworking / Startup,Concepteur Électronique,ESIIA; EMII; ISAIA,ESIIA,Informatique et Télécommunication,78.45,Élevé,"Excellente adéquation avec la série Technique et bonnes notes en Physique appliquée / Technologie, Philosophie. Profil aligné avec l'objectif de Concepteur Électronique."
STD_2026_0567,Lova Rajaonarivelo,20,M,A,Philosophie:11.26; Français:15.03; Malagasy:11.19; Histoire-Géographie:5.24; Anglais:9.21; LV2:18.83; Mathématiques:7.26; SVT / Sciences humaines:10.33; EPS:13.13,11.42,LV2; Français,Mathématiques; Histoire-Géographie,Économie & Bourse; Jeux de Stratégie,Machine Learning; Algorithmique & Python; Résolution de problèmes,Sur le terrain / Chantier,Data Scientist / IA,IGGLIA; ISAIA; TEE,IGGLIA,Informatique et Télécommunication,71.61,Moyen,"Excellente adéquation avec la série A et bonnes notes en LV2, Français. Profil aligné avec l'objectif de Data Scientist / IA."
STD_2026_0568,Fitia Rabenjamina,17,M,A1,Philosophie:13.32; Français:14.63; Malagasy:13.99; Histoire-Géographie:12.77; Anglais:7.9; LV2:18.28; Mathématiques:7.87; SVT / Sciences humaines:10.07; EPS:8.88,12.63,LV2; Français,Anglais; Mathématiques,Programmation & Code; Nature & Écologie,Développement Web/Mobile; Infographie & 3D; Résolution de problèmes,Espaces de Coworking / Startup,Administrateur Réseaux & TIC,IMTICIA; IAA; GCA,IMTICIA,Informatique et Télécommunication,70.56,Moyen,"Excellente adéquation avec la série A1 et bonnes notes en LV2, Français. Profil aligné avec l'objectif de Administrateur Réseaux & TIC."
STD_2026_0569,Andry Razafindrakoto,18,M,A2,Philosophie:13.64; Français:12.72; Malagasy:11.92; Histoire-Géographie:10.72; Anglais:6.68; LV2:13.05; Mathématiques:4.06; SVT / Sciences humaines:11.08; EPS:11.84,11.1,Philosophie; LV2,Anglais; Mathématiques,Robotique; Jeux de Stratégie,Python / R Data; PowerBI & Analytics; Résolution de problèmes,Sur le terrain / Chantier,Data Analyst,ISAIA; FIC; ICMP,ISAIA,Informatique et Télécommunication,32.7,Faible,"Excellente adéquation avec la série A2 et bonnes notes en Philosophie, LV2. Profil aligné avec l'objectif de Data Analyst."
STD_2026_0570,Mialy Rakotomalala,20,M,L,Philosophie:14.27; Français et Littérature:10.31; Anglais:11.1; LV2:15.29; Malagasy:14.04; Histoire-Géographie:9.15; Éducation civique:5.92; Mathématiques:4.22; Arts / options culturelles:12.74; EPS:14.95,11.68,LV2; EPS,Éducation civique; Mathématiques,Dessin & Design; Musique,Écotourisme & Biodiversité; Guide & Médiation; Résolution de problèmes,Entreprise industrielle,Chef de projet Développement Durable,TEE; IMTICIA; EMP,TEE,Techniques du Tourisme,75.18,Élevé,"Excellente adéquation avec la série L et bonnes notes en LV2, EPS. Profil aligné avec l'objectif de Chef de projet Développement Durable."
STD_2026_0571,Tiana Rakotondrabe,17,F,C,"Mathématiques:14.81; Sciences Physiques, Chimiques et Technologie (SPCT):14.61; Français:15.64; Philosophie:11.03; Malagasy:11.22; Histoire-Géographie:11.0; Anglais:8.58; SVT:12.97; EPS:10.89",13.19,Français; Mathématiques,EPS; Anglais,Économie & Bourse; Jeux de Stratégie,Management hôtelier; Yield Management; Résolution de problèmes,Laboratoire & R&D,Manager d'Hôtel,TEH; IMTICIA; AEE,TEH,Techniques du Tourisme,56.2,Moyen,"Excellente adéquation avec la série C et bonnes notes en Français, Mathématiques. Profil aligné avec l'objectif de Manager d'Hôtel."
STD_2026_0572,Soa Rakotondrabe,17,M,D,"SVT:16.33; Sciences Physiques, Chimiques et Technologie (SPCT):16.51; Mathématiques:13.56; Français:11.05; Philosophie:12.06; Malagasy:13.49; Histoire-Géographie:6.44; Anglais:12.28; EPS:9.34",13.4,"Sciences Physiques, Chimiques et Technologie (SPCT); SVT",EPS; Histoire-Géographie,Lecture & Écriture; Économie & Bourse,Negociation internationale; Techniques de Vente; Résolution de problèmes,Entreprise industrielle,Responsable Commercial,CAA; EMII; EMP,CAA,Techniques des Affaires,78.34,Élevé,"Excellente adéquation avec la série D et bonnes notes en Sciences Physiques, Chimiques et Technologie (SPCT), SVT. Profil aligné avec l'objectif de Responsable Commercial."
STD_2026_0573,Soa Rasoanaivo,21,M,S,Mathématiques:16.04; Sciences Physiques et Chimiques:18.39; SVT / Biologie-Géologie:18.28; Français:12.51; Philosophie:7.44; Malagasy:15.84; Histoire-Géographie:14.27; Anglais:15.57; EPS:13.04,15.61,Sciences Physiques et Chimiques; SVT / Biologie-Géologie,Français; Philosophie,Volontariat; Dessin & Design,Rédaction juridique; Conseil d'entreprise; Résolution de problèmes,Bureau & Télétravail,Consultant Fiscaliste,DTJA; EMII; IGGLIA,DTJA,Techniques des Affaires,53.37,Faible,"Excellente adéquation avec la série S et bonnes notes en Sciences Physiques et Chimiques, SVT / Biologie-Géologie. Profil aligné avec l'objectif de Consultant Fiscaliste."
STD_2026_0574,Andry Rakotondrabe,16,M,G,Mathématiques de gestion:15.35; Gestion / Comptabilité:17.45; Français:12.92; Anglais:11.28; Économie:14.21; Histoire-Géographie:6.06; Philosophie:14.34; EPS:10.09,13.66,Gestion / Comptabilité; Mathématiques de gestion,EPS; Histoire-Géographie,Sport d'équipe; Jeux de Stratégie,Étude d'impact économique; Analyse financière; Résolution de problèmes,Espaces de Coworking / Startup,Chef de Projet,EMP; FIC; PIP,EMP,Techniques des Affaires,80.61,Élevé,"Excellente adéquation avec la série G et bonnes notes en Gestion / Comptabilité, Mathématiques de gestion. Profil aligné avec l'objectif de Chef de Projet."
STD_2026_0575,Dina Rakotomalala,16,F,Technique,Mathématiques appliquées:16.92; Physique appliquée / Technologie:15.96; Dessin technique:11.66; Français:10.36; Anglais:10.15; Philosophie:9.88; EPS:11.1,13.36,Mathématiques appliquées; Physique appliquée / Technologie,Anglais; Philosophie,Musique; Volontariat,Gestion de trésorerie; Contrôle de gestion; Résolution de problèmes,Sur le terrain / Chantier,Auditeur Financier,FIC; GCA; IGGLIA,FIC,Techniques des Affaires,56.09,Moyen,"Excellente adéquation avec la série Technique et bonnes notes en Mathématiques appliquées, Physique appliquée / Technologie. Profil aligné avec l'objectif de Auditeur Financier."
STD_2026_0576,Mirana Randriamampianina,19,F,A,Philosophie:17.31; Français:15.25; Malagasy:9.09; Histoire-Géographie:13.7; Anglais:16.51; LV2:13.27; Mathématiques:9.16; SVT / Sciences humaines:6.17; EPS:14.14,13.41,Philosophie; Anglais,Malagasy; SVT / Sciences humaines,Robotique; Économie & Bourse,Agronomie; Gestion d'exploitation; Résolution de problèmes,Espaces de Coworking / Startup,Chef d'exploitation,AEE; IMTICIA; CAA,AEE,Biotechnologie et Agronomie,75.04,Élevé,"Excellente adéquation avec la série A et bonnes notes en Philosophie, Anglais. Profil aligné avec l'objectif de Chef d'exploitation."
STD_2026_0577,Kanto Razafindrakoto,20,F,A1,Philosophie:13.46; Français:15.27; Malagasy:10.19; Histoire-Géographie:10.73; Anglais:10.91; LV2:16.14; Mathématiques:9.96; SVT / Sciences humaines:4.49; EPS:11.42,12.01,LV2; Français,Mathématiques; SVT / Sciences humaines,Volontariat; Jeux de Stratégie,Contrôle qualité HACCP; Process agroalimentaires; Résolution de problèmes,Bureau & Télétravail,Responsable Qualité HACCP,IAA; EMII; FIC,IAA,Biotechnologie et Agronomie,45.25,Faible,"Excellente adéquation avec la série A1 et bonnes notes en LV2, Français. Profil aligné avec l'objectif de Responsable Qualité HACCP."
STD_2026_0578,Hery Rakotondrabe,17,F,A2,Philosophie:17.27; Français:16.19; Malagasy:11.67; Histoire-Géographie:11.84; Anglais:15.38; LV2:14.83; Mathématiques:7.67; SVT / Sciences humaines:10.26; EPS:11.25,13.77,Philosophie; Français,SVT / Sciences humaines; Mathématiques,Jeux de Stratégie; Volontariat,Chimie organique; Pharmacologie; Résolution de problèmes,Sur le terrain / Chantier,Assistant de recherche galénique,PIP; EMP; FIC,PIP,Biotechnologie et Agronomie,52.32,Faible,"Excellente adéquation avec la série A2 et bonnes notes en Philosophie, Français. Profil aligné avec l'objectif de Assistant de recherche galénique."
STD_2026_0579,Tojo Rabenjamina,16,M,L,Philosophie:16.18; Français et Littérature:13.95; Anglais:13.81; LV2:11.42; Malagasy:11.05; Histoire-Géographie:11.75; Éducation civique:8.76; Mathématiques:8.5; Arts / options culturelles:13.31; EPS:9.65,12.51,Philosophie; Français et Littérature,Éducation civique; Mathématiques,Jeux de Stratégie; Programmation & Code,CAO Mécanique; Électrotechnique; Résolution de problèmes,Sur le terrain / Chantier,Automaticien,EMII; IGGLIA; ICMP,EMII,Génie Industriel et Génie Civil,49.18,Faible,"Excellente adéquation avec la série L et bonnes notes en Philosophie, Français et Littérature. Profil aligné avec l'objectif de Automaticien."
STD_2026_0580,Toky Andriantsitohaina,20,F,C,"Mathématiques:15.96; Sciences Physiques, Chimiques et Technologie (SPCT):14.77; Français:12.58; Philosophie:10.25; Malagasy:12.04; Histoire-Géographie:11.85; Anglais:12.59; SVT:11.88; EPS:15.86",13.76,Mathématiques; EPS,Histoire-Géographie; Philosophie,Lecture & Écriture; Musique,AutoCAD/Revit; Conduite de chantier BTP; Résolution de problèmes,Espaces de Coworking / Startup,Conducteur de travaux,GCA; TEH; IGGLIA,GCA,Génie Industriel et Génie Civil,81.02,Élevé,"Excellente adéquation avec la série C et bonnes notes en Mathématiques, EPS. Profil aligné avec l'objectif de Conducteur de travaux."
STD_2026_0581,Hasina Andriantsitohaina,16,M,D,"SVT:16.86; Sciences Physiques, Chimiques et Technologie (SPCT):16.5; Mathématiques:11.0; Français:10.29; Philosophie:10.43; Malagasy:11.01; Histoire-Géographie:13.01; Anglais:13.02; EPS:10.11",13.27,"SVT; Sciences Physiques, Chimiques et Technologie (SPCT)",Français; EPS,Nature & Écologie; Robotique,Raffinage et extraction; Génie des procédés; Résolution de problèmes,Laboratoire & R&D,Géologue minier,ICMP; GCA; ESIIA,ICMP,Génie Industriel et Génie Civil,84.85,Élevé,"Excellente adéquation avec la série D et bonnes notes en SVT, Sciences Physiques, Chimiques et Technologie (SPCT). Profil aligné avec l'objectif de Géologue minier."
STD_2026_0582,Henintsoa Rakotondrabe,20,F,S,Mathématiques:14.07; Sciences Physiques et Chimiques:14.8; SVT / Biologie-Géologie:13.04; Français:7.51; Philosophie:5.8; Malagasy:13.77; Histoire-Géographie:11.55; Anglais:9.23; EPS:11.49,12.22,Sciences Physiques et Chimiques; Mathématiques,Français; Philosophie,Nature & Écologie; Dessin & Design,C/C++ embarqué; Microcontrôleurs IoT; Résolution de problèmes,Bureau & Télétravail,Ingénieur Robotique,ESIIA; EMII; ICMP,ESIIA,Informatique et Télécommunication,80.69,Élevé,"Excellente adéquation avec la série S et bonnes notes en Sciences Physiques et Chimiques, Mathématiques. Profil aligné avec l'objectif de Ingénieur Robotique."
STD_2026_0583,Mialy Andriantsitohaina,16,F,G,Mathématiques de gestion:15.22; Gestion / Comptabilité:15.36; Français:10.47; Anglais:11.57; Économie:10.69; Histoire-Géographie:13.76; Philosophie:10.96; EPS:6.91,12.5,Gestion / Comptabilité; Mathématiques de gestion,Français; EPS,Musique; Dessin & Design,Machine Learning; Algorithmique & Python; Résolution de problèmes,Sur le terrain / Chantier,Data Scientist / IA,IGGLIA; ISAIA; DTJA,IGGLIA,Informatique et Télécommunication,80.49,Élevé,"Excellente adéquation avec la série G et bonnes notes en Gestion / Comptabilité, Mathématiques de gestion. Profil aligné avec l'objectif de Data Scientist / IA."
STD_2026_0584,Soa Rajaonarivelo,20,F,Technique,Mathématiques appliquées:20.0; Physique appliquée / Technologie:15.88; Dessin technique:8.77; Français:14.66; Anglais:9.46; Philosophie:12.49; EPS:15.31,14.55,Mathématiques appliquées; Physique appliquée / Technologie,Anglais; Dessin technique,Musique; Nature & Écologie,Réseaux informatiques; Infographie & 3D; Résolution de problèmes,Espaces de Coworking / Startup,Designer UI/UX,IMTICIA; EMII; AEE,IMTICIA,Informatique et Télécommunication,86.07,Élevé,"Excellente adéquation avec la série Technique et bonnes notes en Mathématiques appliquées, Physique appliquée / Technologie. Profil aligné avec l'objectif de Designer UI/UX."
STD_2026_0585,Nomena Andriantsitohaina,19,F,A,Philosophie:13.09; Français:17.1; Malagasy:9.88; Histoire-Géographie:14.46; Anglais:12.64; LV2:12.31; Mathématiques:9.03; SVT / Sciences humaines:6.24; EPS:12.57,12.63,Français; Histoire-Géographie,Mathématiques; SVT / Sciences humaines,Dessin & Design; Sport d'équipe,PowerBI & Analytics; Python / R Data; Résolution de problèmes,Bureau & Télétravail,Data Analyst,ISAIA; CAA; EMP,ISAIA,Informatique et Télécommunication,59.11,Moyen,"Excellente adéquation avec la série A et bonnes notes en Français, Histoire-Géographie. Profil aligné avec l'objectif de Data Analyst."
STD_2026_0586,Hasina Andriantsitohaina,16,M,A1,Philosophie:13.28; Français:15.36; Malagasy:14.91; Histoire-Géographie:9.92; Anglais:13.56; LV2:12.55; Mathématiques:12.09; SVT / Sciences humaines:8.36; EPS:13.6,12.96,Français; Malagasy,Histoire-Géographie; SVT / Sciences humaines,Volontariat; Robotique,Écotourisme & Biodiversité; Guide & Médiation; Résolution de problèmes,Laboratoire & R&D,Consultant Écotourisme,TEE; IMTICIA; PIP,TEE,Techniques du Tourisme,80.98,Élevé,"Excellente adéquation avec la série A1 et bonnes notes en Français, Malagasy. Profil aligné avec l'objectif de Consultant Écotourisme."
STD_2026_0587,Lova Rasoanaivo,16,M,A2,Philosophie:16.55; Français:13.94; Malagasy:14.88; Histoire-Géographie:11.28; Anglais:13.52; LV2:14.75; Mathématiques:9.54; SVT / Sciences humaines:6.11; EPS:10.99,13.23,Philosophie; Malagasy,Mathématiques; SVT / Sciences humaines,Jeux de Stratégie; Dessin & Design,Management hôtelier; Communication interculturelle; Résolution de problèmes,Bureau & Télétravail,Responsable d'Agence de Voyage,TEH; EMP; IMTICIA,TEH,Techniques du Tourisme,80.46,Élevé,"Excellente adéquation avec la série A2 et bonnes notes en Philosophie, Malagasy. Profil aligné avec l'objectif de Responsable d'Agence de Voyage."
STD_2026_0588,Henintsoa Rakotomalala,20,M,L,Philosophie:11.97; Français et Littérature:16.01; Anglais:13.72; LV2:13.41; Malagasy:8.94; Histoire-Géographie:14.0; Éducation civique:9.55; Mathématiques:5.78; Arts / options culturelles:12.5; EPS:14.49,12.56,Français et Littérature; EPS,Malagasy; Mathématiques,Programmation & Code; Robotique,Analyse Marché; Negociation internationale; Résolution de problèmes,Entreprise industrielle,Directeur des Ventes,CAA; FIC; DTJA,CAA,Techniques des Affaires,71.1,Moyen,"Excellente adéquation avec la série L et bonnes notes en Français et Littérature, EPS. Profil aligné avec l'objectif de Directeur des Ventes."
STD_2026_0589,Lova Randriamampianina,16,F,C,"Mathématiques:14.91; Sciences Physiques, Chimiques et Technologie (SPCT):15.77; Français:12.7; Philosophie:14.55; Malagasy:16.71; Histoire-Géographie:8.05; Anglais:10.37; SVT:15.6; EPS:6.81",13.69,"Malagasy; Sciences Physiques, Chimiques et Technologie (SPCT)",Histoire-Géographie; EPS,Programmation & Code; Volontariat,Conseil d'entreprise; Rédaction juridique; Résolution de problèmes,Bureau & Télétravail,Assistant Juridique,DTJA; ISAIA; PIP,DTJA,Techniques des Affaires,51.72,Faible,"Excellente adéquation avec la série C et bonnes notes en Malagasy, Sciences Physiques, Chimiques et Technologie (SPCT). Profil aligné avec l'objectif de Assistant Juridique."
STD_2026_0590,Mialy Rakotomalala,19,M,D,"SVT:15.37; Sciences Physiques, Chimiques et Technologie (SPCT):12.03; Mathématiques:10.1; Français:14.11; Philosophie:11.41; Malagasy:9.08; Histoire-Géographie:6.93; Anglais:11.16; EPS:13.22",12.03,SVT; Français,Malagasy; Histoire-Géographie,Dessin & Design; Nature & Écologie,Étude d'impact économique; Gestion des risques; Résolution de problèmes,Bureau & Télétravail,Scrum Master,EMP; FIC; AEE,EMP,Techniques des Affaires,76.33,Élevé,"Excellente adéquation avec la série D et bonnes notes en SVT, Français. Profil aligné avec l'objectif de Scrum Master."
STD_2026_0591,Hasina Randriamampianina,20,F,S,Mathématiques:20.0; Sciences Physiques et Chimiques:11.19; SVT / Biologie-Géologie:17.59; Français:10.96; Philosophie:9.68; Malagasy:8.48; Histoire-Géographie:14.46; Anglais:17.1; EPS:11.53,14.53,Mathématiques; SVT / Biologie-Géologie,Philosophie; Malagasy,Dessin & Design; Nature & Écologie,Comptabilité générale & analytique; Audit financier; Résolution de problèmes,Entreprise industrielle,Contrôleur de Gestion,FIC; EMII; TEH,FIC,Techniques des Affaires,85.65,Élevé,"Excellente adéquation avec la série S et bonnes notes en Mathématiques, SVT / Biologie-Géologie. Profil aligné avec l'objectif de Contrôleur de Gestion."
STD_2026_0592,Henintsoa Randriamampianina,19,M,G,Mathématiques de gestion:11.19; Gestion / Comptabilité:13.5; Français:11.28; Anglais:10.9; Économie:13.0; Histoire-Géographie:17.86; Philosophie:11.46; EPS:11.58,12.4,Histoire-Géographie; Gestion / Comptabilité,Mathématiques de gestion; Anglais,Jeux de Stratégie; Musique,Gestion d'exploitation; Zootechnie; Résolution de problèmes,Entreprise industrielle,Agronome,AEE; EMII; ESIIA,AEE,Biotechnologie et Agronomie,50.2,Faible,"Excellente adéquation avec la série G et bonnes notes en Histoire-Géographie, Gestion / Comptabilité. Profil aligné avec l'objectif de Agronome."
STD_2026_0593,Vero Ratsimbazafy,20,F,Technique,Mathématiques appliquées:17.84; Physique appliquée / Technologie:19.73; Dessin technique:6.3; Français:16.57; Anglais:16.61; Philosophie:8.2; EPS:10.7,14.92,Physique appliquée / Technologie; Mathématiques appliquées,Philosophie; Dessin technique,Volontariat; Sport d'équipe,Contrôle qualité HACCP; Biochimie alimentaire; Résolution de problèmes,Entreprise industrielle,Conducteur de ligne de production,IAA; DTJA; ISAIA,IAA,Biotechnologie et Agronomie,89.57,Élevé,"Excellente adéquation avec la série Technique et bonnes notes en Physique appliquée / Technologie, Mathématiques appliquées. Profil aligné avec l'objectif de Conducteur de ligne de production."
STD_2026_0594,Nary Razafindrakoto,20,M,A,Philosophie:17.84; Français:13.99; Malagasy:12.23; Histoire-Géographie:12.57; Anglais:11.73; LV2:14.51; Mathématiques:10.92; SVT / Sciences humaines:10.35; EPS:9.39,13.28,Philosophie; LV2,SVT / Sciences humaines; EPS,Musique; Jeux de Stratégie,Pharmacologie; Analyse en laboratoire; Résolution de problèmes,Sur le terrain / Chantier,Technicien supérieur en pharmacologie,PIP; DTJA; ICMP,PIP,Biotechnologie et Agronomie,47.65,Faible,"Excellente adéquation avec la série A et bonnes notes en Philosophie, LV2. Profil aligné avec l'objectif de Technicien supérieur en pharmacologie."
STD_2026_0595,Soa Rakotomalala,17,M,A1,Philosophie:14.39; Français:14.86; Malagasy:8.65; Histoire-Géographie:8.79; Anglais:13.26; LV2:16.96; Mathématiques:9.49; SVT / Sciences humaines:14.19; EPS:17.19,12.95,EPS; LV2,Histoire-Géographie; Malagasy,Jeux de Stratégie; Volontariat,Automatisme PLC; Maintenance industrielle; Résolution de problèmes,Entreprise industrielle,Responsable Maintenance,EMII; ISAIA; TEE,EMII,Génie Industriel et Génie Civil,51.47,Faible,"Excellente adéquation avec la série A1 et bonnes notes en EPS, LV2. Profil aligné avec l'objectif de Responsable Maintenance."
STD_2026_0596,Mialy Rasoanaivo,20,F,A2,Philosophie:8.28; Français:11.48; Malagasy:13.94; Histoire-Géographie:14.98; Anglais:14.59; LV2:12.68; Mathématiques:9.65; SVT / Sciences humaines:4.68; EPS:13.39,11.84,Histoire-Géographie; Anglais,Philosophie; SVT / Sciences humaines,Nature & Écologie; Musique,Métré et devis; Calcul de structures; Résolution de problèmes,Espaces de Coworking / Startup,Architecte collaborateur,GCA; ESIIA; EMII,GCA,Génie Industriel et Génie Civil,53.04,Faible,"Excellente adéquation avec la série A2 et bonnes notes en Histoire-Géographie, Anglais. Profil aligné avec l'objectif de Architecte collaborateur."
STD_2026_0597,Hasina Rakotomalala,18,M,L,Philosophie:11.97; Français et Littérature:12.87; Anglais:12.47; LV2:17.1; Malagasy:13.0; Histoire-Géographie:15.27; Éducation civique:13.31; Mathématiques:4.46; Arts / options culturelles:12.7; EPS:16.0,13.13,LV2; EPS,Philosophie; Mathématiques,Nature & Écologie; Musique,Raffinage et extraction; Génie des procédés; Résolution de problèmes,Laboratoire & R&D,Responsable d'extraction,ICMP; CAA; ISAIA,ICMP,Génie Industriel et Génie Civil,28.44,Faible,"Excellente adéquation avec la série L et bonnes notes en LV2, EPS. Profil aligné avec l'objectif de Responsable d'extraction."
STD_2026_0598,Lova Randriamampianina,17,M,C,"Mathématiques:17.74; Sciences Physiques, Chimiques et Technologie (SPCT):17.2; Français:8.97; Philosophie:13.55; Malagasy:12.6; Histoire-Géographie:12.18; Anglais:13.3; SVT:14.23; EPS:10.9",14.55,"Mathématiques; Sciences Physiques, Chimiques et Technologie (SPCT)",EPS; Français,Économie & Bourse; Volontariat,C/C++ embarqué; Électronique numérique; Résolution de problèmes,Sur le terrain / Chantier,Ingénieur Systèmes Embarqués,ESIIA; ICMP; EMP,ESIIA,Informatique et Télécommunication,89.23,Élevé,"Excellente adéquation avec la série C et bonnes notes en Mathématiques, Sciences Physiques, Chimiques et Technologie (SPCT). Profil aligné avec l'objectif de Ingénieur Systèmes Embarqués."
STD_2026_0599,Mirana Rabenjamina,16,F,D,"SVT:19.89; Sciences Physiques, Chimiques et Technologie (SPCT):20.0; Mathématiques:12.73; Français:11.55; Philosophie:17.16; Malagasy:11.16; Histoire-Géographie:10.12; Anglais:14.22; EPS:13.02",15.48,"Sciences Physiques, Chimiques et Technologie (SPCT); SVT",Malagasy; Histoire-Géographie,Jeux de Stratégie; Dessin & Design,Algorithmique & Python; Machine Learning; Résolution de problèmes,Espaces de Coworking / Startup,Architecte SI,IGGLIA; FIC; EMP,IGGLIA,Informatique et Télécommunication,76.82,Élevé,"Excellente adéquation avec la série D et bonnes notes en Sciences Physiques, Chimiques et Technologie (SPCT), SVT. Profil aligné avec l'objectif de Architecte SI."
STD_2026_0600,Rova Razafindrakoto,21,M,S,Mathématiques:12.54; Sciences Physiques et Chimiques:13.57; SVT / Biologie-Géologie:17.17; Français:13.29; Philosophie:17.02; Malagasy:9.28; Histoire-Géographie:9.78; Anglais:11.46; EPS:12.01,13.36,SVT / Biologie-Géologie; Philosophie,Histoire-Géographie; Malagasy,Jeux de Stratégie; Musique,UI/UX Design; Infographie & 3D; Résolution de problèmes,Bureau & Télétravail,Concepteur Multimédia,IMTICIA; AEE; TEE,IMTICIA,Informatique et Télécommunication,82.68,Élevé,"Excellente adéquation avec la série S et bonnes notes en SVT / Biologie-Géologie, Philosophie. Profil aligné avec l'objectif de Concepteur Multimédia."
STD_2026_0601,Andry Rajaonarivelo,20,M,G,Mathématiques de gestion:12.77; Gestion / Comptabilité:13.03; Français:15.24; Anglais:11.71; Économie:19.16; Histoire-Géographie:14.29; Philosophie:13.85; EPS:19.36,14.53,EPS; Économie,Mathématiques de gestion; Anglais,Dessin & Design; Volontariat,Statistiques inférentielles; Python / R Data; Résolution de problèmes,Espaces de Coworking / Startup,Data Scientist,ISAIA; TEE; IGGLIA,ISAIA,Informatique et Télécommunication,81.66,Élevé,"Excellente adéquation avec la série G et bonnes notes en EPS, Économie. Profil aligné avec l'objectif de Data Scientist."
STD_2026_0602,Faly Ratsimbazafy,20,F,Technique,Mathématiques appliquées:15.07; Physique appliquée / Technologie:11.75; Dessin technique:7.6; Français:13.61; Anglais:14.41; Philosophie:3.25; EPS:13.22,11.86,Mathématiques appliquées; Anglais,Dessin technique; Philosophie,Lecture & Écriture; Économie & Bourse,Guide & Médiation; Ingénierie touristique; Résolution de problèmes,Bureau & Télétravail,Guide Patrimoine,TEE; EMII; AEE,TEE,Techniques du Tourisme,60.3,Moyen,"Excellente adéquation avec la série Technique et bonnes notes en Mathématiques appliquées, Anglais. Profil aligné avec l'objectif de Guide Patrimoine."
STD_2026_0603,Faly Andriantsitohaina,16,M,A,Philosophie:13.88; Français:9.32; Malagasy:14.52; Histoire-Géographie:13.35; Anglais:11.47; LV2:14.82; Mathématiques:7.78; SVT / Sciences humaines:9.15; EPS:13.61,12.25,LV2; Malagasy,SVT / Sciences humaines; Mathématiques,Volontariat; Robotique,Gestion événementielle; Management hôtelier; Résolution de problèmes,Laboratoire & R&D,Chef de projet Événementiel,TEH; TEE; AEE,TEH,Techniques du Tourisme,73.64,Moyen,"Excellente adéquation avec la série A et bonnes notes en LV2, Malagasy. Profil aligné avec l'objectif de Chef de projet Événementiel."
STD_2026_0604,Nomena Rasoanaivo,16,M,A1,Philosophie:16.32; Français:12.38; Malagasy:16.77; Histoire-Géographie:8.48; Anglais:14.87; LV2:13.03; Mathématiques:8.9; SVT / Sciences humaines:11.5; EPS:7.29,12.79,Malagasy; Philosophie,Histoire-Géographie; EPS,Programmation & Code; Économie & Bourse,Negociation internationale; Analyse Marché; Résolution de problèmes,Entreprise industrielle,Directeur des Ventes,CAA; TEH; GCA,CAA,Techniques des Affaires,70.76,Moyen,"Excellente adéquation avec la série A1 et bonnes notes en Malagasy, Philosophie. Profil aligné avec l'objectif de Directeur des Ventes."
STD_2026_0605,Faly Ratsimbazafy,18,M,A2,Philosophie:16.97; Français:16.92; Malagasy:15.17; Histoire-Géographie:12.75; Anglais:10.17; LV2:15.75; Mathématiques:9.44; SVT / Sciences humaines:8.42; EPS:10.3,13.79,Philosophie; Français,Mathématiques; SVT / Sciences humaines,Sport d'équipe; Jeux de Stratégie,Rédaction juridique; Droit des contrats; Résolution de problèmes,Espaces de Coworking / Startup,Juriste d'Entreprise,DTJA; GCA; IGGLIA,DTJA,Techniques des Affaires,83.4,Élevé,"Excellente adéquation avec la série A2 et bonnes notes en Philosophie, Français. Profil aligné avec l'objectif de Juriste d'Entreprise."
STD_2026_0606,Nomena Rajaonarivelo,18,F,L,Philosophie:12.33; Français et Littérature:13.44; Anglais:12.41; LV2:16.41; Malagasy:12.35; Histoire-Géographie:14.73; Éducation civique:10.35; Mathématiques:12.03; Arts / options culturelles:16.77; EPS:12.34,13.39,Arts / options culturelles; LV2,Mathématiques; Éducation civique,Lecture & Écriture; Robotique,Étude d'impact économique; Gestion des risques; Résolution de problèmes,Bureau & Télétravail,Scrum Master,EMP; ISAIA; AEE,EMP,Techniques des Affaires,53.44,Faible,"Excellente adéquation avec la série L et bonnes notes en Arts / options culturelles, LV2. Profil aligné avec l'objectif de Scrum Master."
STD_2026_0607,Andry Ramanantsoa,21,F,C,"Mathématiques:20.0; Sciences Physiques, Chimiques et Technologie (SPCT):14.68; Français:15.21; Philosophie:8.45; Malagasy:12.28; Histoire-Géographie:15.31; Anglais:11.67; SVT:16.53; EPS:11.99",15.27,Mathématiques; SVT,Anglais; Philosophie,Musique; Volontariat,Comptabilité générale & analytique; Contrôle de gestion; Résolution de problèmes,Entreprise industrielle,Contrôleur de Gestion,FIC; EMII; DTJA,FIC,Techniques des Affaires,93.04,Élevé,"Excellente adéquation avec la série C et bonnes notes en Mathématiques, SVT. Profil aligné avec l'objectif de Contrôleur de Gestion."
STD_2026_0608,Hery Rakotomalala,20,M,D,"SVT:16.6; Sciences Physiques, Chimiques et Technologie (SPCT):13.14; Mathématiques:17.31; Français:13.84; Philosophie:6.15; Malagasy:13.7; Histoire-Géographie:9.81; Anglais:9.02; EPS:9.24",13.42,Mathématiques; SVT,Anglais; Philosophie,Musique; Lecture & Écriture,Zootechnie; Agronomie; Résolution de problèmes,Laboratoire & R&D,Chef d'exploitation,AEE; TEH; EMII,AEE,Biotechnologie et Agronomie,82.64,Élevé,"Excellente adéquation avec la série D et bonnes notes en Mathématiques, SVT. Profil aligné avec l'objectif de Chef d'exploitation."
STD_2026_0609,Andry Ratsimbazafy,20,M,S,Mathématiques:14.73; Sciences Physiques et Chimiques:15.88; SVT / Biologie-Géologie:12.27; Français:13.62; Philosophie:7.0; Malagasy:10.57; Histoire-Géographie:13.24; Anglais:8.59; EPS:15.96,13.27,EPS; Sciences Physiques et Chimiques,Anglais; Philosophie,Économie & Bourse; Jeux de Stratégie,Biochimie alimentaire; Microbiologie; Résolution de problèmes,Sur le terrain / Chantier,Responsable Qualité HACCP,IAA; PIP; AEE,IAA,Biotechnologie et Agronomie,85.46,Élevé,"Excellente adéquation avec la série S et bonnes notes en EPS, Sciences Physiques et Chimiques. Profil aligné avec l'objectif de Responsable Qualité HACCP."
STD_2026_0610,Sitraka Ramanantsoa,19,F,G,Mathématiques de gestion:12.88; Gestion / Comptabilité:19.15; Français:9.74; Anglais:15.93; Économie:16.3; Histoire-Géographie:14.7; Philosophie:11.57; EPS:13.81,14.74,Gestion / Comptabilité; Économie,Philosophie; Français,Programmation & Code; Économie & Bourse,Analyse en laboratoire; Chimie organique; Résolution de problèmes,Bureau & Télétravail,Assistant de recherche galénique,PIP; EMII; TEH,PIP,Biotechnologie et Agronomie,55.5,Moyen,"Excellente adéquation avec la série G et bonnes notes en Gestion / Comptabilité, Économie. Profil aligné avec l'objectif de Assistant de recherche galénique."
STD_2026_0611,Lova Randriamampianina,19,M,Technique,Mathématiques appliquées:16.21; Physique appliquée / Technologie:15.06; Dessin technique:11.06; Français:9.93; Anglais:4.42; Philosophie:11.13; EPS:8.55,12.09,Mathématiques appliquées; Physique appliquée / Technologie,EPS; Anglais,Jeux de Stratégie; Nature & Écologie,CAO Mécanique; Maintenance industrielle; Résolution de problèmes,Sur le terrain / Chantier,Ingénieur Électromécanicien,EMII; ICMP; TEE,EMII,Génie Industriel et Génie Civil,71.71,Moyen,"Excellente adéquation avec la série Technique et bonnes notes en Mathématiques appliquées, Physique appliquée / Technologie. Profil aligné avec l'objectif de Ingénieur Électromécanicien."
STD_2026_0612,Henintsoa Randriamampianina,19,M,A,Philosophie:11.55; Français:12.65; Malagasy:10.64; Histoire-Géographie:13.49; Anglais:13.76; LV2:12.0; Mathématiques:9.53; SVT / Sciences humaines:7.88; EPS:13.43,11.88,Anglais; Histoire-Géographie,Mathématiques; SVT / Sciences humaines,Jeux de Stratégie; Nature & Écologie,AutoCAD/Revit; Calcul de structures; Résolution de problèmes,Espaces de Coworking / Startup,Architecte collaborateur,GCA; CAA; EMII,GCA,Génie Industriel et Génie Civil,45.89,Faible,"Excellente adéquation avec la série A et bonnes notes en Anglais, Histoire-Géographie. Profil aligné avec l'objectif de Architecte collaborateur."
STD_2026_0613,Vero Ramanantsoa,19,F,A1,Philosophie:14.1; Français:7.1; Malagasy:12.47; Histoire-Géographie:10.54; Anglais:12.67; LV2:17.63; Mathématiques:3.55; SVT / Sciences humaines:8.42; EPS:13.46,11.33,LV2; Philosophie,Français; Mathématiques,Dessin & Design; Économie & Bourse,Raffinage et extraction; Normes QHSE; Résolution de problèmes,Entreprise industrielle,Responsable d'extraction,ICMP; CAA; ISAIA,ICMP,Génie Industriel et Génie Civil,33.01,Faible,"Excellente adéquation avec la série A1 et bonnes notes en LV2, Philosophie. Profil aligné avec l'objectif de Responsable d'extraction."
STD_2026_0614,Soa Rasoanaivo,21,F,A2,Philosophie:12.36; Français:13.4; Malagasy:10.07; Histoire-Géographie:15.39; Anglais:8.74; LV2:13.09; Mathématiques:10.36; SVT / Sciences humaines:8.05; EPS:15.23,12.04,Histoire-Géographie; EPS,Anglais; SVT / Sciences humaines,Sport d'équipe; Jeux de Stratégie,Signal & Traitement; Électronique numérique; Résolution de problèmes,Entreprise industrielle,Ingénieur Robotique,ESIIA; TEE; DTJA,ESIIA,Informatique et Télécommunication,45.34,Faible,"Excellente adéquation avec la série A2 et bonnes notes en Histoire-Géographie, EPS. Profil aligné avec l'objectif de Ingénieur Robotique."
STD_2026_0615,Soa Rabenjamina,21,F,L,Philosophie:13.48; Français et Littérature:12.16; Anglais:10.99; LV2:17.4; Malagasy:16.93; Histoire-Géographie:8.81; Éducation civique:9.66; Mathématiques:12.75; Arts / options culturelles:12.66; EPS:13.76,13.02,LV2; Malagasy,Éducation civique; Histoire-Géographie,Nature & Écologie; Musique,Machine Learning; Génie Logiciel & Java/Web; Résolution de problèmes,Espaces de Coworking / Startup,Développeur Fullstack,IGGLIA; AEE; FIC,IGGLIA,Informatique et Télécommunication,58.22,Moyen,"Excellente adéquation avec la série L et bonnes notes en LV2, Malagasy. Profil aligné avec l'objectif de Développeur Fullstack."
STD_2026_0616,Tojo Razafindrakoto,19,F,C,"Mathématiques:12.19; Sciences Physiques, Chimiques et Technologie (SPCT):19.49; Français:11.64; Philosophie:12.34; Malagasy:10.05; Histoire-Géographie:8.93; Anglais:13.21; SVT:12.32; EPS:12.85",13.41,"Sciences Physiques, Chimiques et Technologie (SPCT); Anglais",Malagasy; Histoire-Géographie,Musique; Programmation & Code,UI/UX Design; Développement Web/Mobile; Résolution de problèmes,Entreprise industrielle,Développeur Web/Mobile,IMTICIA; EMII; ESIIA,IMTICIA,Informatique et Télécommunication,77.31,Élevé,"Excellente adéquation avec la série C et bonnes notes en Sciences Physiques, Chimiques et Technologie (SPCT), Anglais. Profil aligné avec l'objectif de Développeur Web/Mobile."
STD_2026_0617,Kanto Ratsimbazafy,18,M,D,"SVT:15.93; Sciences Physiques, Chimiques et Technologie (SPCT):12.7; Mathématiques:12.16; Français:14.63; Philosophie:12.88; Malagasy:7.36; Histoire-Géographie:8.64; Anglais:16.14; EPS:8.92",12.82,Anglais; SVT,Histoire-Géographie; Malagasy,Nature & Écologie; Économie & Bourse,Python / R Data; Machine Learning & Deep Learning; Résolution de problèmes,Entreprise industrielle,Consultant Big Data,ISAIA; IAA; EMII,ISAIA,Informatique et Télécommunication,84.09,Élevé,"Excellente adéquation avec la série D et bonnes notes en Anglais, SVT. Profil aligné avec l'objectif de Consultant Big Data."
STD_2026_0618,Fitia Rakotondrabe,16,F,S,Mathématiques:17.37; Sciences Physiques et Chimiques:11.97; SVT / Biologie-Géologie:13.22; Français:10.19; Philosophie:11.09; Malagasy:11.62; Histoire-Géographie:11.49; Anglais:11.11; EPS:9.64,12.9,Mathématiques; SVT / Biologie-Géologie,Français; EPS,Programmation & Code; Lecture & Écriture,Ingénierie touristique; Écotourisme & Biodiversité; Résolution de problèmes,Bureau & Télétravail,Chef de projet Développement Durable,TEE; ICMP; IMTICIA,TEE,Techniques du Tourisme,78.17,Élevé,"Excellente adéquation avec la série S et bonnes notes en Mathématiques, SVT / Biologie-Géologie. Profil aligné avec l'objectif de Chef de projet Développement Durable."
STD_2026_0619,Nary Rakotomalala,21,M,G,Mathématiques de gestion:11.08; Gestion / Comptabilité:16.38; Français:14.31; Anglais:11.54; Économie:14.19; Histoire-Géographie:8.05; Philosophie:8.78; EPS:9.01,12.6,Gestion / Comptabilité; Français,Philosophie; Histoire-Géographie,Sport d'équipe; Nature & Écologie,Management hôtelier; Communication interculturelle; Résolution de problèmes,Espaces de Coworking / Startup,Directeur de l'Hébergement,TEH; PIP; EMII,TEH,Techniques du Tourisme,77.33,Élevé,"Excellente adéquation avec la série G et bonnes notes en Gestion / Comptabilité, Français. Profil aligné avec l'objectif de Directeur de l'Hébergement."
STD_2026_0620,Mirana Rakotondrabe,17,M,Technique,Mathématiques appliquées:10.61; Physique appliquée / Technologie:20.0; Dessin technique:6.3; Français:10.52; Anglais:11.75; Philosophie:8.7; EPS:9.41,12.0,Physique appliquée / Technologie; Anglais,Philosophie; Dessin technique,Dessin & Design; Jeux de Stratégie,Negociation internationale; Techniques de Vente; Résolution de problèmes,Bureau & Télétravail,Directeur des Ventes,CAA; ESIIA; ISAIA,CAA,Techniques des Affaires,48.87,Faible,"Excellente adéquation avec la série Technique et bonnes notes en Physique appliquée / Technologie, Anglais. Profil aligné avec l'objectif de Directeur des Ventes."
STD_2026_0621,Tojo Rakotondrabe,19,F,A,Philosophie:16.77; Français:9.96; Malagasy:10.72; Histoire-Géographie:8.07; Anglais:7.97; LV2:15.7; Mathématiques:4.69; SVT / Sciences humaines:8.03; EPS:14.78,11.16,Philosophie; LV2,Anglais; Mathématiques,Nature & Écologie; Robotique,Conseil d'entreprise; Droit des contrats; Résolution de problèmes,Entreprise industrielle,Gestionnaire de Contrats,DTJA; ICMP; FIC,DTJA,Techniques des Affaires,71.69,Moyen,"Excellente adéquation avec la série A et bonnes notes en Philosophie, LV2. Profil aligné avec l'objectif de Gestionnaire de Contrats."
STD_2026_0622,Rova Ramanantsoa,21,F,A1,Philosophie:16.82; Français:18.57; Malagasy:11.99; Histoire-Géographie:13.39; Anglais:8.93; LV2:14.31; Mathématiques:4.09; SVT / Sciences humaines:8.72; EPS:15.18,13.47,Français; Philosophie,SVT / Sciences humaines; Mathématiques,Jeux de Stratégie; Robotique,Analyse financière; Gestion de projet Agile/PMP; Résolution de problèmes,Entreprise industrielle,Scrum Master,EMP; TEE; IAA,EMP,Techniques des Affaires,70.44,Moyen,"Excellente adéquation avec la série A1 et bonnes notes en Français, Philosophie. Profil aligné avec l'objectif de Scrum Master."
STD_2026_0623,Toky Ratsimbazafy,19,M,A2,Philosophie:16.64; Français:13.24; Malagasy:11.93; Histoire-Géographie:5.02; Anglais:12.72; LV2:14.79; Mathématiques:7.72; SVT / Sciences humaines:9.87; EPS:10.1,11.96,Philosophie; LV2,Mathématiques; Histoire-Géographie,Sport d'équipe; Dessin & Design,Gestion de trésorerie; Contrôle de gestion; Résolution de problèmes,Sur le terrain / Chantier,Auditeur Financier,FIC; EMII; GCA,FIC,Techniques des Affaires,47.64,Faible,"Excellente adéquation avec la série A2 et bonnes notes en Philosophie, LV2. Profil aligné avec l'objectif de Auditeur Financier."
STD_2026_0624,Nary Rabenjamina,19,M,L,Philosophie:14.23; Français et Littérature:10.25; Anglais:13.46; LV2:11.41; Malagasy:12.34; Histoire-Géographie:10.71; Éducation civique:9.81; Mathématiques:12.11; Arts / options culturelles:12.71; EPS:7.62,11.74,Philosophie; Anglais,Éducation civique; EPS,Économie & Bourse; Dessin & Design,Agronomie; Analyse des sols; Résolution de problèmes,Sur le terrain / Chantier,Responsable d'élevage,AEE; TEE; FIC,AEE,Biotechnologie et Agronomie,45.77,Faible,"Excellente adéquation avec la série L et bonnes notes en Philosophie, Anglais. Profil aligné avec l'objectif de Responsable d'élevage."
STD_2026_0625,Nary Randriamampianina,18,M,C,"Mathématiques:19.08; Sciences Physiques, Chimiques et Technologie (SPCT):15.99; Français:14.44; Philosophie:9.42; Malagasy:12.26; Histoire-Géographie:11.5; Anglais:6.88; SVT:15.56; EPS:8.15",14.34,"Mathématiques; Sciences Physiques, Chimiques et Technologie (SPCT)",EPS; Anglais,Musique; Volontariat,Microbiologie; Process agroalimentaires; Résolution de problèmes,Sur le terrain / Chantier,Ingénieur Agroalimentaire,IAA; EMP; EMII,IAA,Biotechnologie et Agronomie,83.01,Élevé,"Excellente adéquation avec la série C et bonnes notes en Mathématiques, Sciences Physiques, Chimiques et Technologie (SPCT). Profil aligné avec l'objectif de Ingénieur Agroalimentaire."
STD_2026_0626,Tojo Razafindrakoto,18,F,D,"SVT:16.32; Sciences Physiques, Chimiques et Technologie (SPCT):15.58; Mathématiques:16.38; Français:8.85; Philosophie:7.22; Malagasy:7.81; Histoire-Géographie:16.25; Anglais:8.89; EPS:14.42",13.57,Mathématiques; SVT,Malagasy; Philosophie,Dessin & Design; Musique,Pharmacologie; Chimie organique; Résolution de problèmes,Laboratoire & R&D,Délégué médical,PIP; ISAIA; DTJA,PIP,Biotechnologie et Agronomie,83.13,Élevé,"Excellente adéquation avec la série D et bonnes notes en Mathématiques, SVT. Profil aligné avec l'objectif de Délégué médical."
STD_2026_0627,Vero Randriamampianina,20,F,S,Mathématiques:12.4; Sciences Physiques et Chimiques:15.16; SVT / Biologie-Géologie:14.47; Français:9.83; Philosophie:11.86; Malagasy:10.86; Histoire-Géographie:13.88; Anglais:9.62; EPS:11.85,12.77,Sciences Physiques et Chimiques; SVT / Biologie-Géologie,Français; Anglais,Volontariat; Économie & Bourse,Maintenance industrielle; CAO Mécanique; Résolution de problèmes,Entreprise industrielle,Ingénieur Électromécanicien,EMII; FIC; TEH,EMII,Génie Industriel et Génie Civil,77.86,Élevé,"Excellente adéquation avec la série S et bonnes notes en Sciences Physiques et Chimiques, SVT / Biologie-Géologie. Profil aligné avec l'objectif de Ingénieur Électromécanicien."
STD_2026_0628,Andry Rakotomalala,21,F,G,Mathématiques de gestion:8.75; Gestion / Comptabilité:11.53; Français:14.93; Anglais:10.97; Économie:13.66; Histoire-Géographie:7.95; Philosophie:10.03; EPS:12.27,11.44,Français; Économie,Mathématiques de gestion; Histoire-Géographie,Dessin & Design; Volontariat,Conduite de chantier BTP; AutoCAD/Revit; Résolution de problèmes,Espaces de Coworking / Startup,Architecte collaborateur,GCA; EMII; DTJA,GCA,Génie Industriel et Génie Civil,38.76,Faible,"Excellente adéquation avec la série G et bonnes notes en Français, Économie. Profil aligné avec l'objectif de Architecte collaborateur."
STD_2026_0629,Lova Ratsimbazafy,16,M,Technique,Mathématiques appliquées:16.89; Physique appliquée / Technologie:16.67; Dessin technique:10.04; Français:12.64; Anglais:14.32; Philosophie:16.94; EPS:15.85,14.92,Philosophie; Mathématiques appliquées,Français; Dessin technique,Dessin & Design; Volontariat,Géologie minière; Raffinage et extraction; Résolution de problèmes,Entreprise industrielle,Ingénieur Procédés,ICMP; IAA; EMII,ICMP,Génie Industriel et Génie Civil,91.74,Élevé,"Excellente adéquation avec la série Technique et bonnes notes en Philosophie, Mathématiques appliquées. Profil aligné avec l'objectif de Ingénieur Procédés."
STD_2026_0630,Soa Rakotondrabe,16,F,A,Philosophie:13.66; Français:16.86; Malagasy:8.2; Histoire-Géographie:15.47; Anglais:14.4; LV2:18.01; Mathématiques:9.47; SVT / Sciences humaines:8.39; EPS:9.34,13.3,LV2; Français,SVT / Sciences humaines; Malagasy,Dessin & Design; Jeux de Stratégie,Microcontrôleurs IoT; C/C++ embarqué; Résolution de problèmes,Sur le terrain / Chantier,Ingénieur Robotique,ESIIA; CAA; TEH,ESIIA,Informatique et Télécommunication,54.13,Faible,"Excellente adéquation avec la série A et bonnes notes en LV2, Français. Profil aligné avec l'objectif de Ingénieur Robotique."
STD_2026_0631,Nary Rasoanaivo,18,F,A1,Philosophie:18.19; Français:16.06; Malagasy:13.02; Histoire-Géographie:17.17; Anglais:15.76; LV2:13.65; Mathématiques:10.71; SVT / Sciences humaines:8.63; EPS:8.77,14.55,Philosophie; Histoire-Géographie,EPS; SVT / Sciences humaines,Dessin & Design; Sport d'équipe,Génie Logiciel & Java/Web; SQL & Bases de données; Résolution de problèmes,Bureau & Télétravail,Développeur Fullstack,IGGLIA; GCA; IMTICIA,IGGLIA,Informatique et Télécommunication,81.48,Élevé,"Excellente adéquation avec la série A1 et bonnes notes en Philosophie, Histoire-Géographie. Profil aligné avec l'objectif de Développeur Fullstack."
STD_2026_0632,Mirana Rajaonarivelo,16,M,A2,Philosophie:14.72; Français:14.27; Malagasy:13.7; Histoire-Géographie:11.69; Anglais:11.61; LV2:17.42; Mathématiques:7.97; SVT / Sciences humaines:9.94; EPS:12.83,13.25,LV2; Philosophie,SVT / Sciences humaines; Mathématiques,Économie & Bourse; Sport d'équipe,UI/UX Design; Réseaux informatiques; Résolution de problèmes,Laboratoire & R&D,Développeur Web/Mobile,IMTICIA; CAA; FIC,IMTICIA,Informatique et Télécommunication,78.21,Élevé,"Excellente adéquation avec la série A2 et bonnes notes en LV2, Philosophie. Profil aligné avec l'objectif de Développeur Web/Mobile."
STD_2026_0633,Hery Razafindrakoto,21,F,L,Philosophie:13.34; Français et Littérature:15.11; Anglais:11.83; LV2:9.73; Malagasy:8.88; Histoire-Géographie:13.25; Éducation civique:12.23; Mathématiques:7.82; Arts / options culturelles:11.55; EPS:12.94,12.0,Français et Littérature; Philosophie,Malagasy; Mathématiques,Robotique; Économie & Bourse,Machine Learning & Deep Learning; Statistiques inférentielles; Résolution de problèmes,Laboratoire & R&D,Data Scientist,ISAIA; AEE; ESIIA,ISAIA,Informatique et Télécommunication,52.95,Faible,"Excellente adéquation avec la série L et bonnes notes en Français et Littérature, Philosophie. Profil aligné avec l'objectif de Data Scientist."
STD_2026_0634,Hery Andriantsitohaina,19,M,C,"Mathématiques:17.59; Sciences Physiques, Chimiques et Technologie (SPCT):15.79; Français:12.1; Philosophie:10.09; Malagasy:14.52; Histoire-Géographie:12.2; Anglais:12.37; SVT:16.67; EPS:9.47",14.53,Mathématiques; SVT,Philosophie; EPS,Sport d'équipe; Dessin & Design,Écotourisme & Biodiversité; Ingénierie touristique; Résolution de problèmes,Laboratoire & R&D,Chef de projet Développement Durable,TEE; GCA; AEE,TEE,Techniques du Tourisme,56.01,Moyen,"Excellente adéquation avec la série C et bonnes notes en Mathématiques, SVT. Profil aligné avec l'objectif de Chef de projet Développement Durable."
STD_2026_0635,Soa Randriamampianina,17,M,D,"SVT:18.17; Sciences Physiques, Chimiques et Technologie (SPCT):13.51; Mathématiques:11.65; Français:5.3; Philosophie:10.83; Malagasy:12.79; Histoire-Géographie:12.66; Anglais:11.64; EPS:14.87",12.98,SVT; EPS,Philosophie; Français,Nature & Écologie; Économie & Bourse,Gestion événementielle; Management hôtelier; Résolution de problèmes,Sur le terrain / Chantier,Responsable d'Agence de Voyage,TEH; PIP; IMTICIA,TEH,Techniques du Tourisme,66.55,Moyen,"Excellente adéquation avec la série D et bonnes notes en SVT, EPS. Profil aligné avec l'objectif de Responsable d'Agence de Voyage."
STD_2026_0636,Soa Rakotomalala,17,F,S,Mathématiques:11.95; Sciences Physiques et Chimiques:13.34; SVT / Biologie-Géologie:12.31; Français:10.4; Philosophie:10.39; Malagasy:9.71; Histoire-Géographie:11.82; Anglais:7.94; EPS:13.93,11.74,EPS; Sciences Physiques et Chimiques,Malagasy; Anglais,Jeux de Stratégie; Volontariat,Negociation internationale; Techniques de Vente; Résolution de problèmes,Sur le terrain / Chantier,Responsable Commercial,CAA; GCA; IGGLIA,CAA,Techniques des Affaires,69.34,Moyen,"Excellente adéquation avec la série S et bonnes notes en EPS, Sciences Physiques et Chimiques. Profil aligné avec l'objectif de Responsable Commercial."
STD_2026_0637,Tojo Ratsimbazafy,19,F,G,Mathématiques de gestion:7.49; Gestion / Comptabilité:14.8; Français:7.86; Anglais:9.81; Économie:18.23; Histoire-Géographie:10.27; Philosophie:7.82; EPS:7.96,11.1,Économie; Gestion / Comptabilité,Philosophie; Mathématiques de gestion,Volontariat; Sport d'équipe,Analyse fiscale; Conseil d'entreprise; Résolution de problèmes,Espaces de Coworking / Startup,Consultant Fiscaliste,DTJA; PIP; GCA,DTJA,Techniques des Affaires,69.6,Moyen,"Excellente adéquation avec la série G et bonnes notes en Économie, Gestion / Comptabilité. Profil aligné avec l'objectif de Consultant Fiscaliste."
STD_2026_0638,Nary Rabenjamina,20,F,Technique,Mathématiques appliquées:15.58; Physique appliquée / Technologie:18.28; Dessin technique:10.51; Français:12.1; Anglais:11.33; Philosophie:10.1; EPS:8.44,13.56,Physique appliquée / Technologie; Mathématiques appliquées,Philosophie; EPS,Lecture & Écriture; Sport d'équipe,Gestion de projet Agile/PMP; Analyse financière; Résolution de problèmes,Bureau & Télétravail,Chef de Projet,EMP; ICMP; DTJA,EMP,Techniques des Affaires,53.41,Faible,"Excellente adéquation avec la série Technique et bonnes notes en Physique appliquée / Technologie, Mathématiques appliquées. Profil aligné avec l'objectif de Chef de Projet."
STD_2026_0639,Fitia Rakotomalala,19,F,A,Philosophie:19.73; Français:13.12; Malagasy:16.78; Histoire-Géographie:12.14; Anglais:9.98; LV2:15.81; Mathématiques:9.35; SVT / Sciences humaines:10.78; EPS:12.97,14.12,Philosophie; Malagasy,Anglais; Mathématiques,Lecture & Écriture; Nature & Écologie,Gestion de trésorerie; Audit financier; Résolution de problèmes,Entreprise industrielle,Auditeur Financier,FIC; ICMP; TEE,FIC,Techniques des Affaires,51.42,Faible,"Excellente adéquation avec la série A et bonnes notes en Philosophie, Malagasy. Profil aligné avec l'objectif de Auditeur Financier."
STD_2026_0640,Nary Rakotondrabe,20,F,A1,Philosophie:10.81; Français:14.37; Malagasy:12.7; Histoire-Géographie:11.45; Anglais:9.06; LV2:11.47; Mathématiques:7.46; SVT / Sciences humaines:10.89; EPS:8.13,11.24,Français; Malagasy,EPS; Mathématiques,Musique; Programmation & Code,Gestion d'exploitation; Analyse des sols; Résolution de problèmes,Bureau & Télétravail,Conseiller agricole,AEE; GCA; ESIIA,AEE,Biotechnologie et Agronomie,72.37,Moyen,"Excellente adéquation avec la série A1 et bonnes notes en Français, Malagasy. Profil aligné avec l'objectif de Conseiller agricole."
STD_2026_0641,Fitia Rabenjamina,19,F,A2,Philosophie:16.33; Français:11.33; Malagasy:12.56; Histoire-Géographie:15.15; Anglais:10.38; LV2:14.26; Mathématiques:12.09; SVT / Sciences humaines:10.41; EPS:12.07,13.03,Philosophie; Histoire-Géographie,SVT / Sciences humaines; Anglais,Programmation & Code; Robotique,Microbiologie; Contrôle qualité HACCP; Résolution de problèmes,Bureau & Télétravail,Responsable Qualité HACCP,IAA; AEE; PIP,IAA,Biotechnologie et Agronomie,46.9,Faible,"Excellente adéquation avec la série A2 et bonnes notes en Philosophie, Histoire-Géographie. Profil aligné avec l'objectif de Responsable Qualité HACCP."
STD_2026_0642,Tojo Ramanantsoa,16,F,L,Philosophie:20.0; Français et Littérature:9.72; Anglais:11.49; LV2:13.53; Malagasy:10.98; Histoire-Géographie:11.01; Éducation civique:11.17; Mathématiques:10.23; Arts / options culturelles:15.45; EPS:10.12,12.77,Philosophie; Arts / options culturelles,EPS; Français et Littérature,Économie & Bourse; Nature & Écologie,Analyse en laboratoire; Chimie organique; Résolution de problèmes,Espaces de Coworking / Startup,Technicien supérieur en pharmacologie,PIP; GCA; ESIIA,PIP,Biotechnologie et Agronomie,42.5,Faible,"Excellente adéquation avec la série L et bonnes notes en Philosophie, Arts / options culturelles. Profil aligné avec l'objectif de Technicien supérieur en pharmacologie."
STD_2026_0643,Lova Randriamampianina,17,M,C,"Mathématiques:15.55; Sciences Physiques, Chimiques et Technologie (SPCT):13.13; Français:10.43; Philosophie:11.76; Malagasy:11.13; Histoire-Géographie:15.09; Anglais:15.59; SVT:14.89; EPS:11.3",13.56,Anglais; Mathématiques,Malagasy; Français,Robotique; Nature & Écologie,Automatisme PLC; CAO Mécanique; Résolution de problèmes,Sur le terrain / Chantier,Automaticien,EMII; EMP; ISAIA,EMII,Génie Industriel et Génie Civil,87.85,Élevé,"Excellente adéquation avec la série C et bonnes notes en Anglais, Mathématiques. Profil aligné avec l'objectif de Automaticien."
STD_2026_0644,Hasina Rakotondrabe,19,F,D,"SVT:17.68; Sciences Physiques, Chimiques et Technologie (SPCT):14.09; Mathématiques:12.7; Français:12.77; Philosophie:11.39; Malagasy:9.69; Histoire-Géographie:10.54; Anglais:11.5; EPS:12.93",13.46,"SVT; Sciences Physiques, Chimiques et Technologie (SPCT)",Histoire-Géographie; Malagasy,Robotique; Lecture & Écriture,Calcul de structures; AutoCAD/Revit; Résolution de problèmes,Espaces de Coworking / Startup,Architecte collaborateur,GCA; ESIIA; AEE,GCA,Génie Industriel et Génie Civil,73.77,Moyen,"Excellente adéquation avec la série D et bonnes notes en SVT, Sciences Physiques, Chimiques et Technologie (SPCT). Profil aligné avec l'objectif de Architecte collaborateur."
STD_2026_0645,Nomena Ratsimbazafy,21,F,S,Mathématiques:14.6; Sciences Physiques et Chimiques:12.08; SVT / Biologie-Géologie:13.31; Français:9.21; Philosophie:9.52; Malagasy:13.53; Histoire-Géographie:10.3; Anglais:9.93; EPS:12.79,12.29,Mathématiques; Malagasy,Philosophie; Français,Lecture & Écriture; Programmation & Code,Génie des procédés; Géologie minière; Résolution de problèmes,Espaces de Coworking / Startup,Ingénieur Procédés,ICMP; TEE; TEH,ICMP,Génie Industriel et Génie Civil,73.36,Moyen,"Excellente adéquation avec la série S et bonnes notes en Mathématiques, Malagasy. Profil aligné avec l'objectif de Ingénieur Procédés."
STD_2026_0646,Toky Rajaonarivelo,19,M,G,Mathématiques de gestion:13.82; Gestion / Comptabilité:11.85; Français:12.04; Anglais:15.79; Économie:17.97; Histoire-Géographie:10.36; Philosophie:9.85; EPS:11.63,13.35,Économie; Anglais,Histoire-Géographie; Philosophie,Jeux de Stratégie; Sport d'équipe,Signal & Traitement; C/C++ embarqué; Résolution de problèmes,Bureau & Télétravail,Ingénieur Robotique,ESIIA; AEE; DTJA,ESIIA,Informatique et Télécommunication,60.16,Moyen,"Excellente adéquation avec la série G et bonnes notes en Économie, Anglais. Profil aligné avec l'objectif de Ingénieur Robotique."
STD_2026_0647,Fitia Ramanantsoa,18,M,Technique,Mathématiques appliquées:16.38; Physique appliquée / Technologie:16.07; Dessin technique:12.43; Français:12.74; Anglais:11.73; Philosophie:11.84; EPS:11.11,13.99,Mathématiques appliquées; Physique appliquée / Technologie,Anglais; EPS,Dessin & Design; Sport d'équipe,Génie Logiciel & Java/Web; Machine Learning; Résolution de problèmes,Bureau & Télétravail,Architecte SI,IGGLIA; AEE; FIC,IGGLIA,Informatique et Télécommunication,83.48,Élevé,"Excellente adéquation avec la série Technique et bonnes notes en Mathématiques appliquées, Physique appliquée / Technologie. Profil aligné avec l'objectif de Architecte SI."
STD_2026_0648,Mirana Razafindrakoto,17,M,A,Philosophie:14.81; Français:11.44; Malagasy:14.67; Histoire-Géographie:14.93; Anglais:12.19; LV2:11.91; Mathématiques:11.87; SVT / Sciences humaines:12.11; EPS:8.31,12.88,Histoire-Géographie; Philosophie,Français; EPS,Sport d'équipe; Programmation & Code,Réseaux informatiques; Infographie & 3D; Résolution de problèmes,Bureau & Télétravail,Designer UI/UX,IMTICIA; AEE; PIP,IMTICIA,Informatique et Télécommunication,69.04,Moyen,"Excellente adéquation avec la série A et bonnes notes en Histoire-Géographie, Philosophie. Profil aligné avec l'objectif de Designer UI/UX."
STD_2026_0649,Henintsoa Ramanantsoa,19,F,A1,Philosophie:14.12; Français:11.0; Malagasy:10.03; Histoire-Géographie:11.01; Anglais:9.14; LV2:11.59; Mathématiques:10.59; SVT / Sciences humaines:8.71; EPS:8.34,10.91,Philosophie; LV2,SVT / Sciences humaines; EPS,Musique; Sport d'équipe,Statistiques inférentielles; Machine Learning & Deep Learning; Résolution de problèmes,Laboratoire & R&D,Data Scientist,ISAIA; IGGLIA; IMTICIA,ISAIA,Informatique et Télécommunication,50.05,Faible,"Excellente adéquation avec la série A1 et bonnes notes en Philosophie, LV2. Profil aligné avec l'objectif de Data Scientist."
STD_2026_0650,Mialy Razafindrakoto,20,F,A2,Philosophie:14.33; Français:14.01; Malagasy:11.6; Histoire-Géographie:9.9; Anglais:11.57; LV2:14.44; Mathématiques:3.35; SVT / Sciences humaines:12.65; EPS:10.78,12.04,LV2; Philosophie,Histoire-Géographie; Mathématiques,Nature & Écologie; Économie & Bourse,Écotourisme & Biodiversité; Gestion de projets durables; Résolution de problèmes,Espaces de Coworking / Startup,Responsable Parc Naturel,TEE; AEE; ESIIA,TEE,Techniques du Tourisme,77.16,Élevé,"Excellente adéquation avec la série A2 et bonnes notes en LV2, Philosophie. Profil aligné avec l'objectif de Responsable Parc Naturel."
STD_2026_0651,Faly Randriamampianina,17,M,L,Philosophie:12.86; Français et Littérature:14.38; Anglais:10.91; LV2:11.09; Malagasy:13.33; Histoire-Géographie:14.42; Éducation civique:9.91; Mathématiques:10.19; Arts / options culturelles:9.89; EPS:12.69,12.28,Histoire-Géographie; Français et Littérature,Éducation civique; Arts / options culturelles,Programmation & Code; Sport d'équipe,Communication interculturelle; Yield Management; Résolution de problèmes,Laboratoire & R&D,Chef de projet Événementiel,TEH; EMII; CAA,TEH,Techniques du Tourisme,79.3,Élevé,"Excellente adéquation avec la série L et bonnes notes en Histoire-Géographie, Français et Littérature. Profil aligné avec l'objectif de Chef de projet Événementiel."
STD_2026_0652,Mialy Andriantsitohaina,16,F,C,"Mathématiques:12.77; Sciences Physiques, Chimiques et Technologie (SPCT):16.35; Français:14.11; Philosophie:11.66; Malagasy:11.1; Histoire-Géographie:11.09; Anglais:13.86; SVT:20.0; EPS:14.69",14.3,"SVT; Sciences Physiques, Chimiques et Technologie (SPCT)",Malagasy; Histoire-Géographie,Volontariat; Économie & Bourse,Negociation internationale; Techniques de Vente; Résolution de problèmes,Entreprise industrielle,Chef de Produit Marketing,CAA; FIC; EMII,CAA,Techniques des Affaires,81.75,Élevé,"Excellente adéquation avec la série C et bonnes notes en SVT, Sciences Physiques, Chimiques et Technologie (SPCT). Profil aligné avec l'objectif de Chef de Produit Marketing."
STD_2026_0653,Hery Rasoanaivo,17,M,D,"SVT:16.14; Sciences Physiques, Chimiques et Technologie (SPCT):14.18; Mathématiques:15.92; Français:7.36; Philosophie:10.39; Malagasy:13.45; Histoire-Géographie:10.18; Anglais:11.59; EPS:13.05",13.34,SVT; Mathématiques,Histoire-Géographie; Français,Musique; Programmation & Code,Conseil d'entreprise; Rédaction juridique; Résolution de problèmes,Bureau & Télétravail,Consultant Fiscaliste,DTJA; EMP; ICMP,DTJA,Techniques des Affaires,66.25,Moyen,"Excellente adéquation avec la série D et bonnes notes en SVT, Mathématiques. Profil aligné avec l'objectif de Consultant Fiscaliste."
STD_2026_0654,Sitraka Razafindrakoto,19,M,S,Mathématiques:13.53; Sciences Physiques et Chimiques:14.87; SVT / Biologie-Géologie:14.9; Français:10.53; Philosophie:10.23; Malagasy:9.51; Histoire-Géographie:10.38; Anglais:12.64; EPS:12.32,12.91,SVT / Biologie-Géologie; Sciences Physiques et Chimiques,Philosophie; Malagasy,Nature & Écologie; Musique,Gestion de projet Agile/PMP; Étude d'impact économique; Résolution de problèmes,Espaces de Coworking / Startup,Analyste Économique,EMP; ICMP; ISAIA,EMP,Techniques des Affaires,78.29,Élevé,"Excellente adéquation avec la série S et bonnes notes en SVT / Biologie-Géologie, Sciences Physiques et Chimiques. Profil aligné avec l'objectif de Analyste Économique."
STD_2026_0655,Hasina Ratsimbazafy,18,F,G,Mathématiques de gestion:13.29; Gestion / Comptabilité:14.5; Français:15.44; Anglais:12.92; Économie:13.19; Histoire-Géographie:11.75; Philosophie:10.27; EPS:10.31,13.25,Français; Gestion / Comptabilité,EPS; Philosophie,Lecture & Écriture; Robotique,Comptabilité générale & analytique; Contrôle de gestion; Résolution de problèmes,Sur le terrain / Chantier,Directeur Financier (CFO),FIC; IGGLIA; ESIIA,FIC,Techniques des Affaires,87.15,Élevé,"Excellente adéquation avec la série G et bonnes notes en Français, Gestion / Comptabilité. Profil aligné avec l'objectif de Directeur Financier (CFO)."
STD_2026_0656,Vero Ramanantsoa,17,M,Technique,Mathématiques appliquées:16.61; Physique appliquée / Technologie:15.52; Dessin technique:8.38; Français:11.92; Anglais:12.0; Philosophie:11.26; EPS:9.54,13.06,Mathématiques appliquées; Physique appliquée / Technologie,EPS; Dessin technique,Jeux de Stratégie; Lecture & Écriture,Analyse des sols; Agronomie; Résolution de problèmes,Entreprise industrielle,Conseiller agricole,AEE; EMII; GCA,AEE,Biotechnologie et Agronomie,54.05,Faible,"Excellente adéquation avec la série Technique et bonnes notes en Mathématiques appliquées, Physique appliquée / Technologie. Profil aligné avec l'objectif de Conseiller agricole."
STD_2026_0657,Mirana Randriamampianina,17,F,A,Philosophie:16.58; Français:10.73; Malagasy:11.61; Histoire-Géographie:15.68; Anglais:7.95; LV2:12.97; Mathématiques:11.73; SVT / Sciences humaines:6.72; EPS:12.75,12.36,Philosophie; Histoire-Géographie,Anglais; SVT / Sciences humaines,Jeux de Stratégie; Économie & Bourse,Microbiologie; Contrôle qualité HACCP; Résolution de problèmes,Bureau & Télétravail,Responsable Qualité HACCP,IAA; EMII; IMTICIA,IAA,Biotechnologie et Agronomie,44.59,Faible,"Excellente adéquation avec la série A et bonnes notes en Philosophie, Histoire-Géographie. Profil aligné avec l'objectif de Responsable Qualité HACCP."
STD_2026_0658,Nomena Ratsimbazafy,21,F,A1,Philosophie:13.25; Français:15.49; Malagasy:7.32; Histoire-Géographie:13.0; Anglais:12.47; LV2:19.64; Mathématiques:10.29; SVT / Sciences humaines:10.04; EPS:12.33,12.89,LV2; Français,SVT / Sciences humaines; Malagasy,Économie & Bourse; Lecture & Écriture,Pharmacologie; Normes GMP/BPF; Résolution de problèmes,Entreprise industrielle,Assistant de recherche galénique,PIP; TEH; IGGLIA,PIP,Biotechnologie et Agronomie,54.44,Faible,"Excellente adéquation avec la série A1 et bonnes notes en LV2, Français. Profil aligné avec l'objectif de Assistant de recherche galénique."
STD_2026_0659,Dina Rajaonarivelo,20,F,A2,Philosophie:13.06; Français:17.23; Malagasy:10.89; Histoire-Géographie:12.54; Anglais:11.85; LV2:13.74; Mathématiques:7.85; SVT / Sciences humaines:10.11; EPS:9.04,12.55,Français; LV2,EPS; Mathématiques,Musique; Dessin & Design,Électrotechnique; Maintenance industrielle; Résolution de problèmes,Entreprise industrielle,Responsable Maintenance,EMII; CAA; AEE,EMII,Génie Industriel et Génie Civil,46.56,Faible,"Excellente adéquation avec la série A2 et bonnes notes en Français, LV2. Profil aligné avec l'objectif de Responsable Maintenance."
STD_2026_0660,Faly Rasoanaivo,21,M,L,Philosophie:13.97; Français et Littérature:16.74; Anglais:8.27; LV2:14.65; Malagasy:12.35; Histoire-Géographie:10.44; Éducation civique:13.76; Mathématiques:11.02; Arts / options culturelles:14.24; EPS:10.73,12.91,Français et Littérature; LV2,Histoire-Géographie; Anglais,Volontariat; Sport d'équipe,AutoCAD/Revit; Calcul de structures; Résolution de problèmes,Laboratoire & R&D,Chef de chantier BTP,GCA; IMTICIA; ISAIA,GCA,Génie Industriel et Génie Civil,50.33,Faible,"Excellente adéquation avec la série L et bonnes notes en Français et Littérature, LV2. Profil aligné avec l'objectif de Chef de chantier BTP."
STD_2026_0661,Mirana Rasoanaivo,20,F,C,"Mathématiques:11.23; Sciences Physiques, Chimiques et Technologie (SPCT):15.37; Français:12.66; Philosophie:16.67; Malagasy:11.12; Histoire-Géographie:11.77; Anglais:10.98; SVT:15.75; EPS:11.25",13.09,Philosophie; SVT,Malagasy; Anglais,Nature & Écologie; Sport d'équipe,Normes QHSE; Génie des procédés; Résolution de problèmes,Laboratoire & R&D,Responsable d'extraction,ICMP; EMP; GCA,ICMP,Génie Industriel et Génie Civil,85.79,Élevé,"Excellente adéquation avec la série C et bonnes notes en Philosophie, SVT. Profil aligné avec l'objectif de Responsable d'extraction."
STD_2026_0662,Mialy Rakotondrabe,21,F,D,"SVT:15.12; Sciences Physiques, Chimiques et Technologie (SPCT):13.39; Mathématiques:12.23; Français:6.4; Philosophie:13.71; Malagasy:13.65; Histoire-Géographie:13.88; Anglais:9.71; EPS:13.39",12.64,SVT; Histoire-Géographie,Anglais; Français,Robotique; Lecture & Écriture,Microcontrôleurs IoT; Signal & Traitement; Résolution de problèmes,Laboratoire & R&D,Ingénieur Robotique,ESIIA; DTJA; EMP,ESIIA,Informatique et Télécommunication,46.16,Faible,"Excellente adéquation avec la série D et bonnes notes en SVT, Histoire-Géographie. Profil aligné avec l'objectif de Ingénieur Robotique."
STD_2026_0663,Lova Andriantsitohaina,21,M,S,Mathématiques:17.36; Sciences Physiques et Chimiques:14.2; SVT / Biologie-Géologie:18.47; Français:12.33; Philosophie:11.83; Malagasy:11.62; Histoire-Géographie:13.81; Anglais:9.26; EPS:13.47,14.71,SVT / Biologie-Géologie; Mathématiques,Malagasy; Anglais,Économie & Bourse; Lecture & Écriture,Algorithmique & Python; Génie Logiciel & Java/Web; Résolution de problèmes,Sur le terrain / Chantier,Ingénieur Génie Logiciel,IGGLIA; IMTICIA; GCA,IGGLIA,Informatique et Télécommunication,80.8,Élevé,"Excellente adéquation avec la série S et bonnes notes en SVT / Biologie-Géologie, Mathématiques. Profil aligné avec l'objectif de Ingénieur Génie Logiciel."
STD_2026_0664,Henintsoa Rakotondrabe,21,M,G,Mathématiques de gestion:14.71; Gestion / Comptabilité:12.68; Français:13.42; Anglais:10.26; Économie:12.12; Histoire-Géographie:12.6; Philosophie:15.23; EPS:10.41,12.73,Philosophie; Mathématiques de gestion,EPS; Anglais,Sport d'équipe; Jeux de Stratégie,Réseaux informatiques; Infographie & 3D; Résolution de problèmes,Espaces de Coworking / Startup,Concepteur Multimédia,IMTICIA; IAA; FIC,IMTICIA,Informatique et Télécommunication,78.95,Élevé,"Excellente adéquation avec la série G et bonnes notes en Philosophie, Mathématiques de gestion. Profil aligné avec l'objectif de Concepteur Multimédia."
STD_2026_0665,Faly Ramanantsoa,20,M,Technique,Mathématiques appliquées:13.27; Physique appliquée / Technologie:13.62; Dessin technique:10.18; Français:12.03; Anglais:9.87; Philosophie:13.24; EPS:11.63,12.21,Physique appliquée / Technologie; Mathématiques appliquées,Dessin technique; Anglais,Volontariat; Sport d'équipe,Python / R Data; PowerBI & Analytics; Résolution de problèmes,Espaces de Coworking / Startup,Data Scientist,ISAIA; ESIIA; FIC,ISAIA,Informatique et Télécommunication,53.43,Faible,"Excellente adéquation avec la série Technique et bonnes notes en Physique appliquée / Technologie, Mathématiques appliquées. Profil aligné avec l'objectif de Data Scientist."
STD_2026_0666,Andry Rabenjamina,17,F,A,Philosophie:16.31; Français:18.27; Malagasy:8.6; Histoire-Géographie:12.86; Anglais:10.35; LV2:12.97; Mathématiques:11.18; SVT / Sciences humaines:10.52; EPS:11.44,13.17,Français; Philosophie,Anglais; Malagasy,Économie & Bourse; Dessin & Design,Gestion de projets durables; Écotourisme & Biodiversité; Résolution de problèmes,Espaces de Coworking / Startup,Responsable Parc Naturel,TEE; IAA; EMII,TEE,Techniques du Tourisme,77.92,Élevé,"Excellente adéquation avec la série A et bonnes notes en Français, Philosophie. Profil aligné avec l'objectif de Responsable Parc Naturel."
STD_2026_0667,Faly Randriamampianina,21,M,A1,Philosophie:17.56; Français:17.41; Malagasy:10.92; Histoire-Géographie:13.61; Anglais:10.5; LV2:11.82; Mathématiques:6.52; SVT / Sciences humaines:9.44; EPS:14.9,13.39,Philosophie; Français,SVT / Sciences humaines; Mathématiques,Programmation & Code; Musique,Management hôtelier; Yield Management; Résolution de problèmes,Laboratoire & R&D,Manager d'Hôtel,TEH; AEE; EMP,TEH,Techniques du Tourisme,80.03,Élevé,"Excellente adéquation avec la série A1 et bonnes notes en Philosophie, Français. Profil aligné avec l'objectif de Manager d'Hôtel."
STD_2026_0668,Dina Andriantsitohaina,21,F,A2,Philosophie:16.35; Français:16.0; Malagasy:9.71; Histoire-Géographie:10.02; Anglais:8.05; LV2:17.04; Mathématiques:8.4; SVT / Sciences humaines:9.9; EPS:8.58,12.34,LV2; Philosophie,Mathématiques; Anglais,Sport d'équipe; Lecture & Écriture,Techniques de Vente; Analyse Marché; Résolution de problèmes,Laboratoire & R&D,Directeur des Ventes,CAA; AEE; FIC,CAA,Techniques des Affaires,69.57,Moyen,"Excellente adéquation avec la série A2 et bonnes notes en LV2, Philosophie. Profil aligné avec l'objectif de Directeur des Ventes."
STD_2026_0669,Andry Rabenjamina,16,F,L,Philosophie:18.31; Français et Littérature:15.01; Anglais:9.65; LV2:14.75; Malagasy:12.67; Histoire-Géographie:11.88; Éducation civique:7.93; Mathématiques:9.16; Arts / options culturelles:18.61; EPS:15.09,13.73,Arts / options culturelles; Philosophie,Mathématiques; Éducation civique,Robotique; Programmation & Code,Rédaction juridique; Droit des contrats; Résolution de problèmes,Bureau & Télétravail,Consultant Fiscaliste,DTJA; ESIIA; AEE,DTJA,Techniques des Affaires,75.31,Élevé,"Excellente adéquation avec la série L et bonnes notes en Arts / options culturelles, Philosophie. Profil aligné avec l'objectif de Consultant Fiscaliste."
STD_2026_0670,Faly Ratsimbazafy,17,M,C,"Mathématiques:15.55; Sciences Physiques, Chimiques et Technologie (SPCT):14.47; Français:13.98; Philosophie:7.32; Malagasy:9.53; Histoire-Géographie:6.54; Anglais:15.9; SVT:13.62; EPS:5.99",12.73,Anglais; Mathématiques,Histoire-Géographie; EPS,Nature & Écologie; Lecture & Écriture,Analyse financière; Gestion de projet Agile/PMP; Résolution de problèmes,Espaces de Coworking / Startup,Consultant en Organisation,EMP; IAA; IGGLIA,EMP,Techniques des Affaires,88.39,Élevé,"Excellente adéquation avec la série C et bonnes notes en Anglais, Mathématiques. Profil aligné avec l'objectif de Consultant en Organisation."
STD_2026_0671,Tojo Rasoanaivo,20,F,D,"SVT:13.77; Sciences Physiques, Chimiques et Technologie (SPCT):14.45; Mathématiques:12.59; Français:10.28; Philosophie:9.39; Malagasy:12.55; Histoire-Géographie:11.62; Anglais:15.71; EPS:12.14",12.81,"Anglais; Sciences Physiques, Chimiques et Technologie (SPCT)",Français; Philosophie,Musique; Robotique,Gestion de trésorerie; Contrôle de gestion; Résolution de problèmes,Sur le terrain / Chantier,Auditeur Financier,FIC; TEH; AEE,FIC,Techniques des Affaires,73.26,Moyen,"Excellente adéquation avec la série D et bonnes notes en Anglais, Sciences Physiques, Chimiques et Technologie (SPCT). Profil aligné avec l'objectif de Auditeur Financier."
STD_2026_0672,Nary Rajaonarivelo,16,M,S,Mathématiques:16.59; Sciences Physiques et Chimiques:15.79; SVT / Biologie-Géologie:13.0; Français:14.43; Philosophie:5.66; Malagasy:13.16; Histoire-Géographie:14.68; Anglais:13.64; EPS:10.78,14.03,Mathématiques; Sciences Physiques et Chimiques,EPS; Philosophie,Sport d'équipe; Dessin & Design,Agronomie; Analyse des sols; Résolution de problèmes,Espaces de Coworking / Startup,Conseiller agricole,AEE; IAA; ICMP,AEE,Biotechnologie et Agronomie,85.12,Élevé,"Excellente adéquation avec la série S et bonnes notes en Mathématiques, Sciences Physiques et Chimiques. Profil aligné avec l'objectif de Conseiller agricole."
STD_2026_0673,Dina Ratsimbazafy,21,F,G,Mathématiques de gestion:11.6; Gestion / Comptabilité:16.08; Français:6.69; Anglais:15.31; Économie:11.53; Histoire-Géographie:12.97; Philosophie:19.3; EPS:12.2,13.02,Philosophie; Gestion / Comptabilité,Économie; Français,Économie & Bourse; Sport d'équipe,Contrôle qualité HACCP; Process agroalimentaires; Résolution de problèmes,Espaces de Coworking / Startup,Responsable Qualité HACCP,IAA; AEE; EMP,IAA,Biotechnologie et Agronomie,48.62,Faible,"Excellente adéquation avec la série G et bonnes notes en Philosophie, Gestion / Comptabilité. Profil aligné avec l'objectif de Responsable Qualité HACCP."
STD_2026_0674,Soa Rakotomalala,19,F,Technique,Mathématiques appliquées:12.07; Physique appliquée / Technologie:16.69; Dessin technique:13.88; Français:13.19; Anglais:7.22; Philosophie:14.69; EPS:9.79,13.01,Physique appliquée / Technologie; Philosophie,EPS; Anglais,Lecture & Écriture; Jeux de Stratégie,Pharmacologie; Normes GMP/BPF; Résolution de problèmes,Espaces de Coworking / Startup,Assistant de recherche galénique,PIP; AEE; IAA,PIP,Biotechnologie et Agronomie,45.33,Faible,"Excellente adéquation avec la série Technique et bonnes notes en Physique appliquée / Technologie, Philosophie. Profil aligné avec l'objectif de Assistant de recherche galénique."
STD_2026_0675,Tojo Rabenjamina,21,M,A,Philosophie:11.29; Français:15.24; Malagasy:11.61; Histoire-Géographie:13.68; Anglais:10.18; LV2:14.2; Mathématiques:7.45; SVT / Sciences humaines:11.89; EPS:8.9,12.11,Français; LV2,EPS; Mathématiques,Volontariat; Musique,CAO Mécanique; Électrotechnique; Résolution de problèmes,Sur le terrain / Chantier,Ingénieur Électromécanicien,EMII; ISAIA; EMP,EMII,Génie Industriel et Génie Civil,43.15,Faible,"Excellente adéquation avec la série A et bonnes notes en Français, LV2. Profil aligné avec l'objectif de Ingénieur Électromécanicien."
STD_2026_0676,Rova Rabenjamina,18,F,A1,Philosophie:13.85; Français:15.39; Malagasy:10.5; Histoire-Géographie:11.29; Anglais:16.67; LV2:19.01; Mathématiques:8.3; SVT / Sciences humaines:9.39; EPS:13.15,13.4,LV2; Anglais,SVT / Sciences humaines; Mathématiques,Programmation & Code; Volontariat,AutoCAD/Revit; Conduite de chantier BTP; Résolution de problèmes,Espaces de Coworking / Startup,Chef de chantier BTP,GCA; TEE; CAA,GCA,Génie Industriel et Génie Civil,43.35,Faible,"Excellente adéquation avec la série A1 et bonnes notes en LV2, Anglais. Profil aligné avec l'objectif de Chef de chantier BTP."
STD_2026_0677,Andry Rajaonarivelo,16,F,A2,Philosophie:13.99; Français:17.71; Malagasy:13.99; Histoire-Géographie:11.01; Anglais:10.07; LV2:12.7; Mathématiques:10.49; SVT / Sciences humaines:9.46; EPS:13.02,12.99,Français; Philosophie,Anglais; SVT / Sciences humaines,Lecture & Écriture; Robotique,Génie des procédés; Géologie minière; Résolution de problèmes,Laboratoire & R&D,Géologue minier,ICMP; FIC; AEE,ICMP,Génie Industriel et Génie Civil,43.45,Faible,"Excellente adéquation avec la série A2 et bonnes notes en Français, Philosophie. Profil aligné avec l'objectif de Géologue minier."
STD_2026_0678,Nomena Ramanantsoa,21,M,L,Philosophie:15.98; Français et Littérature:10.53; Anglais:9.45; LV2:20.0; Malagasy:13.82; Histoire-Géographie:10.92; Éducation civique:7.87; Mathématiques:11.37; Arts / options culturelles:13.7; EPS:11.52,12.92,LV2; Philosophie,Anglais; Éducation civique,Lecture & Écriture; Économie & Bourse,Électronique numérique; Microcontrôleurs IoT; Résolution de problèmes,Sur le terrain / Chantier,Ingénieur Robotique,ESIIA; EMII; GCA,ESIIA,Informatique et Télécommunication,42.49,Faible,"Excellente adéquation avec la série L et bonnes notes en LV2, Philosophie. Profil aligné avec l'objectif de Ingénieur Robotique."
STD_2026_0679,Dina Randriamampianina,20,F,C,"Mathématiques:14.64; Sciences Physiques, Chimiques et Technologie (SPCT):11.64; Français:7.92; Philosophie:12.36; Malagasy:9.98; Histoire-Géographie:16.16; Anglais:10.87; SVT:13.16; EPS:11.3",12.31,Histoire-Géographie; Mathématiques,Malagasy; Français,Musique; Volontariat,SQL & Bases de données; Machine Learning; Résolution de problèmes,Laboratoire & R&D,Data Scientist / IA,IGGLIA; AEE; ISAIA,IGGLIA,Informatique et Télécommunication,77.78,Élevé,"Excellente adéquation avec la série C et bonnes notes en Histoire-Géographie, Mathématiques. Profil aligné avec l'objectif de Data Scientist / IA."
STD_2026_0680,Vero Rakotomalala,18,F,D,"SVT:15.6; Sciences Physiques, Chimiques et Technologie (SPCT):15.73; Mathématiques:11.25; Français:10.88; Philosophie:8.19; Malagasy:9.02; Histoire-Géographie:10.99; Anglais:13.86; EPS:15.51",12.98,"Sciences Physiques, Chimiques et Technologie (SPCT); SVT",Malagasy; Philosophie,Dessin & Design; Lecture & Écriture,UI/UX Design; Infographie & 3D; Résolution de problèmes,Entreprise industrielle,Concepteur Multimédia,IMTICIA; IGGLIA; EMII,IMTICIA,Informatique et Télécommunication,77.88,Élevé,"Excellente adéquation avec la série D et bonnes notes en Sciences Physiques, Chimiques et Technologie (SPCT), SVT. Profil aligné avec l'objectif de Concepteur Multimédia."
STD_2026_0681,Tiana Ramanantsoa,18,M,S,Mathématiques:15.27; Sciences Physiques et Chimiques:11.54; SVT / Biologie-Géologie:9.7; Français:12.92; Philosophie:12.46; Malagasy:11.63; Histoire-Géographie:12.41; Anglais:14.33; EPS:9.67,12.4,Mathématiques; Anglais,SVT / Biologie-Géologie; EPS,Lecture & Écriture; Volontariat,PowerBI & Analytics; Machine Learning & Deep Learning; Résolution de problèmes,Laboratoire & R&D,Consultant Big Data,ISAIA; EMII; IAA,ISAIA,Informatique et Télécommunication,83.14,Élevé,"Excellente adéquation avec la série S et bonnes notes en Mathématiques, Anglais. Profil aligné avec l'objectif de Consultant Big Data."
STD_2026_0682,Sitraka Andriantsitohaina,19,M,G,Mathématiques de gestion:10.66; Gestion / Comptabilité:12.37; Français:10.93; Anglais:10.47; Économie:13.43; Histoire-Géographie:10.94; Philosophie:12.36; EPS:9.71,11.48,Économie; Gestion / Comptabilité,Anglais; EPS,Programmation & Code; Robotique,Écotourisme & Biodiversité; Guide & Médiation; Résolution de problèmes,Sur le terrain / Chantier,Consultant Écotourisme,TEE; IAA; IGGLIA,TEE,Techniques du Tourisme,69.99,Moyen,"Excellente adéquation avec la série G et bonnes notes en Économie, Gestion / Comptabilité. Profil aligné avec l'objectif de Consultant Écotourisme."
STD_2026_0683,Lova Ratsimbazafy,19,F,Technique,Mathématiques appliquées:19.38; Physique appliquée / Technologie:14.09; Dessin technique:11.83; Français:7.37; Anglais:11.63; Philosophie:9.58; EPS:14.86,13.62,Mathématiques appliquées; EPS,Philosophie; Français,Programmation & Code; Sport d'équipe,Communication interculturelle; Yield Management; Résolution de problèmes,Laboratoire & R&D,Manager d'Hôtel,TEH; IMTICIA; DTJA,TEH,Techniques du Tourisme,47.49,Faible,"Excellente adéquation avec la série Technique et bonnes notes en Mathématiques appliquées, EPS. Profil aligné avec l'objectif de Manager d'Hôtel."
STD_2026_0684,Sitraka Rakotomalala,18,M,A,Philosophie:15.62; Français:13.86; Malagasy:9.73; Histoire-Géographie:7.9; Anglais:8.0; LV2:15.87; Mathématiques:10.25; SVT / Sciences humaines:10.41; EPS:11.63,11.8,LV2; Philosophie,Anglais; Histoire-Géographie,Lecture & Écriture; Sport d'équipe,Marketing Digital; Techniques de Vente; Résolution de problèmes,Bureau & Télétravail,Directeur des Ventes,CAA; EMP; IAA,CAA,Techniques des Affaires,69.68,Moyen,"Excellente adéquation avec la série A et bonnes notes en LV2, Philosophie. Profil aligné avec l'objectif de Directeur des Ventes."
STD_2026_0685,Vero Rajaonarivelo,16,F,A1,Philosophie:14.35; Français:15.03; Malagasy:11.08; Histoire-Géographie:13.39; Anglais:13.9; LV2:12.64; Mathématiques:8.04; SVT / Sciences humaines:6.02; EPS:11.54,12.52,Français; Philosophie,Mathématiques; SVT / Sciences humaines,Économie & Bourse; Lecture & Écriture,Rédaction juridique; Conseil d'entreprise; Résolution de problèmes,Bureau & Télétravail,Consultant Fiscaliste,DTJA; TEE; ISAIA,DTJA,Techniques des Affaires,88.72,Élevé,"Excellente adéquation avec la série A1 et bonnes notes en Français, Philosophie. Profil aligné avec l'objectif de Consultant Fiscaliste."
STD_2026_0686,Andry Andriantsitohaina,17,M,A2,Philosophie:14.34; Français:10.45; Malagasy:6.88; Histoire-Géographie:11.81; Anglais:12.13; LV2:15.44; Mathématiques:6.61; SVT / Sciences humaines:8.72; EPS:15.05,11.55,LV2; EPS,Malagasy; Mathématiques,Musique; Lecture & Écriture,Gestion des risques; Analyse financière; Résolution de problèmes,Laboratoire & R&D,Scrum Master,EMP; IAA; CAA,EMP,Techniques des Affaires,66.09,Moyen,"Excellente adéquation avec la série A2 et bonnes notes en LV2, EPS. Profil aligné avec l'objectif de Scrum Master."
STD_2026_0687,Dina Rasoanaivo,21,F,L,Philosophie:14.36; Français et Littérature:11.47; Anglais:8.55; LV2:13.32; Malagasy:13.19; Histoire-Géographie:11.87; Éducation civique:14.81; Mathématiques:7.69; Arts / options culturelles:15.62; EPS:10.46,12.16,Arts / options culturelles; Éducation civique,Anglais; Mathématiques,Jeux de Stratégie; Programmation & Code,Audit financier; Contrôle de gestion; Résolution de problèmes,Sur le terrain / Chantier,Comptable Senior,FIC; GCA; AEE,FIC,Techniques des Affaires,43.52,Faible,"Excellente adéquation avec la série L et bonnes notes en Arts / options culturelles, Éducation civique. Profil aligné avec l'objectif de Comptable Senior."
STD_2026_0688,Soa Rabenjamina,18,M,C,"Mathématiques:16.2; Sciences Physiques, Chimiques et Technologie (SPCT):15.08; Français:13.53; Philosophie:14.42; Malagasy:12.66; Histoire-Géographie:11.6; Anglais:11.66; SVT:15.34; EPS:15.14",14.53,Mathématiques; SVT,Anglais; Histoire-Géographie,Dessin & Design; Programmation & Code,Zootechnie; Analyse des sols; Résolution de problèmes,Bureau & Télétravail,Agronome,AEE; FIC; DTJA,AEE,Biotechnologie et Agronomie,85.69,Élevé,"Excellente adéquation avec la série C et bonnes notes en Mathématiques, SVT. Profil aligné avec l'objectif de Agronome."
STD_2026_0689,Andry Rabenjamina,19,F,D,"SVT:13.83; Sciences Physiques, Chimiques et Technologie (SPCT):14.24; Mathématiques:13.59; Français:12.8; Philosophie:11.69; Malagasy:11.33; Histoire-Géographie:15.47; Anglais:12.74; EPS:5.1",12.87,"Histoire-Géographie; Sciences Physiques, Chimiques et Technologie (SPCT)",Malagasy; EPS,Jeux de Stratégie; Lecture & Écriture,Process agroalimentaires; Microbiologie; Résolution de problèmes,Entreprise industrielle,Conducteur de ligne de production,IAA; EMP; DTJA,IAA,Biotechnologie et Agronomie,83.15,Élevé,"Excellente adéquation avec la série D et bonnes notes en Histoire-Géographie, Sciences Physiques, Chimiques et Technologie (SPCT). Profil aligné avec l'objectif de Conducteur de ligne de production."
STD_2026_0690,Faly Ratsimbazafy,18,F,S,Mathématiques:17.45; Sciences Physiques et Chimiques:16.49; SVT / Biologie-Géologie:11.96; Français:8.69; Philosophie:12.35; Malagasy:11.73; Histoire-Géographie:14.21; Anglais:11.0; EPS:10.36,13.75,Mathématiques; Sciences Physiques et Chimiques,EPS; Français,Jeux de Stratégie; Dessin & Design,Normes GMP/BPF; Chimie organique; Résolution de problèmes,Espaces de Coworking / Startup,Assistant de recherche galénique,PIP; IGGLIA; IAA,PIP,Biotechnologie et Agronomie,79.47,Élevé,"Excellente adéquation avec la série S et bonnes notes en Mathématiques, Sciences Physiques et Chimiques. Profil aligné avec l'objectif de Assistant de recherche galénique."
STD_2026_0691,Rova Ramanantsoa,18,F,G,Mathématiques de gestion:8.21; Gestion / Comptabilité:17.56; Français:10.99; Anglais:12.71; Économie:10.44; Histoire-Géographie:12.68; Philosophie:13.85; EPS:11.49,12.38,Gestion / Comptabilité; Philosophie,Économie; Mathématiques de gestion,Robotique; Volontariat,CAO Mécanique; Électrotechnique; Résolution de problèmes,Sur le terrain / Chantier,Ingénieur Électromécanicien,EMII; TEH; ICMP,EMII,Génie Industriel et Génie Civil,47.26,Faible,"Excellente adéquation avec la série G et bonnes notes en Gestion / Comptabilité, Philosophie. Profil aligné avec l'objectif de Ingénieur Électromécanicien."
STD_2026_0692,Henintsoa Rakotomalala,16,M,Technique,Mathématiques appliquées:13.2; Physique appliquée / Technologie:17.23; Dessin technique:11.69; Français:11.45; Anglais:11.19; Philosophie:13.23; EPS:9.2,13.16,Physique appliquée / Technologie; Philosophie,Anglais; EPS,Lecture & Écriture; Jeux de Stratégie,AutoCAD/Revit; Métré et devis; Résolution de problèmes,Laboratoire & R&D,Ingénieur Génie Civil,GCA; DTJA; ESIIA,GCA,Génie Industriel et Génie Civil,71.17,Moyen,"Excellente adéquation avec la série Technique et bonnes notes en Physique appliquée / Technologie, Philosophie. Profil aligné avec l'objectif de Ingénieur Génie Civil."
STD_2026_0693,Toky Randriamampianina,19,M,A,Philosophie:15.51; Français:15.55; Malagasy:8.5; Histoire-Géographie:11.88; Anglais:14.57; LV2:14.9; Mathématiques:5.88; SVT / Sciences humaines:10.59; EPS:14.02,12.87,Français; Philosophie,Malagasy; Mathématiques,Programmation & Code; Musique,Normes QHSE; Raffinage et extraction; Résolution de problèmes,Entreprise industrielle,Responsable d'extraction,ICMP; ISAIA; TEE,ICMP,Génie Industriel et Génie Civil,40.49,Faible,"Excellente adéquation avec la série A et bonnes notes en Français, Philosophie. Profil aligné avec l'objectif de Responsable d'extraction."
STD_2026_0694,Kanto Andriantsitohaina,20,M,A1,Philosophie:19.77; Français:14.33; Malagasy:12.5; Histoire-Géographie:11.56; Anglais:12.58; LV2:18.86; Mathématiques:12.05; SVT / Sciences humaines:5.53; EPS:9.57,13.85,Philosophie; LV2,EPS; SVT / Sciences humaines,Robotique; Jeux de Stratégie,Microcontrôleurs IoT; C/C++ embarqué; Résolution de problèmes,Espaces de Coworking / Startup,Concepteur Électronique,ESIIA; TEE; IMTICIA,ESIIA,Informatique et Télécommunication,58.44,Moyen,"Excellente adéquation avec la série A1 et bonnes notes en Philosophie, LV2. Profil aligné avec l'objectif de Concepteur Électronique."
STD_2026_0695,Nary Ramanantsoa,16,F,A2,Philosophie:8.54; Français:13.35; Malagasy:11.1; Histoire-Géographie:10.34; Anglais:12.74; LV2:18.99; Mathématiques:6.37; SVT / Sciences humaines:9.51; EPS:9.89,11.68,LV2; Français,Philosophie; Mathématiques,Dessin & Design; Robotique,Machine Learning; Algorithmique & Python; Résolution de problèmes,Espaces de Coworking / Startup,Ingénieur Génie Logiciel,IGGLIA; ESIIA; IAA,IGGLIA,Informatique et Télécommunication,72.54,Moyen,"Excellente adéquation avec la série A2 et bonnes notes en LV2, Français. Profil aligné avec l'objectif de Ingénieur Génie Logiciel."
STD_2026_0696,Hasina Rakotomalala,17,M,L,Philosophie:17.29; Français et Littérature:18.5; Anglais:13.25; LV2:14.49; Malagasy:10.55; Histoire-Géographie:10.47; Éducation civique:8.71; Mathématiques:14.73; Arts / options culturelles:13.03; EPS:13.75,14.17,Français et Littérature; Philosophie,Histoire-Géographie; Éducation civique,Dessin & Design; Économie & Bourse,UI/UX Design; Infographie & 3D; Résolution de problèmes,Bureau & Télétravail,Administrateur Réseaux & TIC,IMTICIA; EMP; IGGLIA,IMTICIA,Informatique et Télécommunication,83.84,Élevé,"Excellente adéquation avec la série L et bonnes notes en Français et Littérature, Philosophie. Profil aligné avec l'objectif de Administrateur Réseaux & TIC."
STD_2026_0697,Hery Rabenjamina,16,M,C,"Mathématiques:16.88; Sciences Physiques, Chimiques et Technologie (SPCT):19.29; Français:11.73; Philosophie:9.02; Malagasy:11.97; Histoire-Géographie:10.3; Anglais:9.57; SVT:15.74; EPS:11.3",14.5,"Sciences Physiques, Chimiques et Technologie (SPCT); Mathématiques",Anglais; Philosophie,Nature & Écologie; Économie & Bourse,PowerBI & Analytics; Statistiques inférentielles; Résolution de problèmes,Entreprise industrielle,Consultant Big Data,ISAIA; FIC; CAA,ISAIA,Informatique et Télécommunication,74.23,Moyen,"Excellente adéquation avec la série C et bonnes notes en Sciences Physiques, Chimiques et Technologie (SPCT), Mathématiques. Profil aligné avec l'objectif de Consultant Big Data."
STD_2026_0698,Rova Rasoanaivo,16,F,D,"SVT:17.47; Sciences Physiques, Chimiques et Technologie (SPCT):14.55; Mathématiques:12.31; Français:9.34; Philosophie:8.24; Malagasy:15.36; Histoire-Géographie:10.88; Anglais:12.07; EPS:12.71",13.3,SVT; Malagasy,Français; Philosophie,Nature & Écologie; Robotique,Écotourisme & Biodiversité; Ingénierie touristique; Résolution de problèmes,Espaces de Coworking / Startup,Responsable Parc Naturel,TEE; TEH; EMII,TEE,Techniques du Tourisme,78.19,Élevé,"Excellente adéquation avec la série D et bonnes notes en SVT, Malagasy. Profil aligné avec l'objectif de Responsable Parc Naturel."
STD_2026_0699,Tojo Rakotondrabe,18,M,S,Mathématiques:19.97; Sciences Physiques et Chimiques:14.31; SVT / Biologie-Géologie:12.97; Français:8.2; Philosophie:13.56; Malagasy:12.66; Histoire-Géographie:11.02; Anglais:11.27; EPS:8.88,13.87,Mathématiques; Sciences Physiques et Chimiques,EPS; Français,Nature & Écologie; Programmation & Code,Communication interculturelle; Management hôtelier; Résolution de problèmes,Entreprise industrielle,Responsable d'Agence de Voyage,TEH; IGGLIA; ICMP,TEH,Techniques du Tourisme,48.98,Faible,"Excellente adéquation avec la série S et bonnes notes en Mathématiques, Sciences Physiques et Chimiques. Profil aligné avec l'objectif de Responsable d'Agence de Voyage."
STD_2026_0700,Hasina Rakotondrabe,16,M,G,Mathématiques de gestion:9.47; Gestion / Comptabilité:14.14; Français:9.79; Anglais:10.67; Économie:17.29; Histoire-Géographie:11.49; Philosophie:8.15; EPS:13.1,12.02,Économie; Gestion / Comptabilité,Mathématiques de gestion; Philosophie,Dessin & Design; Lecture & Écriture,Analyse Marché; Techniques de Vente; Résolution de problèmes,Laboratoire & R&D,Business Developer,CAA; ESIIA; ISAIA,CAA,Techniques des Affaires,80.61,Élevé,"Excellente adéquation avec la série G et bonnes notes en Économie, Gestion / Comptabilité. Profil aligné avec l'objectif de Business Developer."
STD_2026_0701,Kanto Ramanantsoa,21,M,Technique,Mathématiques appliquées:14.83; Physique appliquée / Technologie:17.35; Dessin technique:10.11; Français:8.84; Anglais:12.48; Philosophie:13.88; EPS:12.13,13.44,Physique appliquée / Technologie; Mathématiques appliquées,Dessin technique; Français,Sport d'équipe; Volontariat,Droit des contrats; Rédaction juridique; Résolution de problèmes,Entreprise industrielle,Assistant Juridique,DTJA; EMII; IGGLIA,DTJA,Techniques des Affaires,53.62,Faible,"Excellente adéquation avec la série Technique et bonnes notes en Physique appliquée / Technologie, Mathématiques appliquées. Profil aligné avec l'objectif de Assistant Juridique."
STD_2026_0702,Hasina Randriamampianina,18,M,A,Philosophie:12.46; Français:13.42; Malagasy:16.33; Histoire-Géographie:10.71; Anglais:7.59; LV2:10.14; Mathématiques:11.62; SVT / Sciences humaines:2.49; EPS:7.51,11.13,Malagasy; Français,EPS; SVT / Sciences humaines,Musique; Programmation & Code,Analyse financière; Étude d'impact économique; Résolution de problèmes,Sur le terrain / Chantier,Scrum Master,EMP; CAA; ISAIA,EMP,Techniques des Affaires,68.74,Moyen,"Excellente adéquation avec la série A et bonnes notes en Malagasy, Français. Profil aligné avec l'objectif de Scrum Master."
STD_2026_0703,Fitia Rakotondrabe,18,F,A1,Philosophie:14.28; Français:11.07; Malagasy:9.51; Histoire-Géographie:12.91; Anglais:14.08; LV2:13.89; Mathématiques:6.09; SVT / Sciences humaines:7.68; EPS:11.48,11.69,Philosophie; Anglais,SVT / Sciences humaines; Mathématiques,Robotique; Musique,Comptabilité générale & analytique; Audit financier; Résolution de problèmes,Espaces de Coworking / Startup,Comptable Senior,FIC; IAA; DTJA,FIC,Techniques des Affaires,42.28,Faible,"Excellente adéquation avec la série A1 et bonnes notes en Philosophie, Anglais. Profil aligné avec l'objectif de Comptable Senior."
STD_2026_0704,Andry Andriantsitohaina,21,F,A2,Philosophie:18.07; Français:13.18; Malagasy:8.75; Histoire-Géographie:13.95; Anglais:11.15; LV2:19.71; Mathématiques:8.31; SVT / Sciences humaines:7.96; EPS:9.23,13.17,LV2; Philosophie,Mathématiques; SVT / Sciences humaines,Économie & Bourse; Jeux de Stratégie,Analyse des sols; Agronomie; Résolution de problèmes,Espaces de Coworking / Startup,Chef d'exploitation,AEE; ESIIA; DTJA,AEE,Biotechnologie et Agronomie,63.0,Moyen,"Excellente adéquation avec la série A2 et bonnes notes en LV2, Philosophie. Profil aligné avec l'objectif de Chef d'exploitation."
STD_2026_0705,Nary Rabenjamina,19,M,L,Philosophie:14.3; Français et Littérature:15.12; Anglais:12.08; LV2:15.12; Malagasy:14.71; Histoire-Géographie:7.73; Éducation civique:6.59; Mathématiques:7.77; Arts / options culturelles:17.14; EPS:11.48,12.79,Arts / options culturelles; Français et Littérature,Histoire-Géographie; Éducation civique,Nature & Écologie; Sport d'équipe,Biochimie alimentaire; Process agroalimentaires; Résolution de problèmes,Sur le terrain / Chantier,Biologiste industriel,IAA; DTJA; FIC,IAA,Biotechnologie et Agronomie,52.34,Faible,"Excellente adéquation avec la série L et bonnes notes en Arts / options culturelles, Français et Littérature. Profil aligné avec l'objectif de Biologiste industriel."
STD_2026_0706,Tojo Ratsimbazafy,16,M,C,"Mathématiques:13.9; Sciences Physiques, Chimiques et Technologie (SPCT):17.09; Français:11.52; Philosophie:15.85; Malagasy:9.13; Histoire-Géographie:14.52; Anglais:15.52; SVT:14.28; EPS:8.82",13.96,"Sciences Physiques, Chimiques et Technologie (SPCT); Philosophie",Malagasy; EPS,Programmation & Code; Lecture & Écriture,Normes GMP/BPF; Pharmacologie; Résolution de problèmes,Laboratoire & R&D,Délégué médical,PIP; EMII; AEE,PIP,Biotechnologie et Agronomie,78.38,Élevé,"Excellente adéquation avec la série C et bonnes notes en Sciences Physiques, Chimiques et Technologie (SPCT), Philosophie. Profil aligné avec l'objectif de Délégué médical."
STD_2026_0707,Toky Rakotondrabe,21,M,D,"SVT:14.03; Sciences Physiques, Chimiques et Technologie (SPCT):13.33; Mathématiques:14.06; Français:13.43; Philosophie:13.41; Malagasy:11.06; Histoire-Géographie:13.81; Anglais:8.93; EPS:12.13",13.11,Mathématiques; SVT,Malagasy; Anglais,Jeux de Stratégie; Lecture & Écriture,CAO Mécanique; Électrotechnique; Résolution de problèmes,Entreprise industrielle,Responsable Maintenance,EMII; CAA; AEE,EMII,Génie Industriel et Génie Civil,73.46,Moyen,"Excellente adéquation avec la série D et bonnes notes en Mathématiques, SVT. Profil aligné avec l'objectif de Responsable Maintenance."
STD_2026_0708,Lova Andriantsitohaina,19,F,S,Mathématiques:13.29; Sciences Physiques et Chimiques:18.64; SVT / Biologie-Géologie:11.51; Français:15.75; Philosophie:10.47; Malagasy:8.73; Histoire-Géographie:11.92; Anglais:9.6; EPS:10.78,13.31,Sciences Physiques et Chimiques; Français,Anglais; Malagasy,Musique; Jeux de Stratégie,Conduite de chantier BTP; AutoCAD/Revit; Résolution de problèmes,Laboratoire & R&D,Ingénieur Génie Civil,GCA; ICMP; TEE,GCA,Génie Industriel et Génie Civil,83.69,Élevé,"Excellente adéquation avec la série S et bonnes notes en Sciences Physiques et Chimiques, Français. Profil aligné avec l'objectif de Ingénieur Génie Civil."
STD_2026_0709,Hery Razafindrakoto,17,M,G,Mathématiques de gestion:15.9; Gestion / Comptabilité:15.37; Français:7.5; Anglais:9.81; Économie:18.04; Histoire-Géographie:13.68; Philosophie:10.92; EPS:10.19,13.2,Économie; Mathématiques de gestion,Anglais; Français,Économie & Bourse; Dessin & Design,Géologie minière; Normes QHSE; Résolution de problèmes,Bureau & Télétravail,Géologue minier,ICMP; IGGLIA; FIC,ICMP,Génie Industriel et Génie Civil,61.31,Moyen,"Excellente adéquation avec la série G et bonnes notes en Économie, Mathématiques de gestion. Profil aligné avec l'objectif de Géologue minier."
STD_2026_0710,Toky Ratsimbazafy,18,M,Technique,Mathématiques appliquées:16.49; Physique appliquée / Technologie:15.6; Dessin technique:13.74; Français:9.57; Anglais:11.48; Philosophie:8.78; EPS:13.79,13.68,Mathématiques appliquées; Physique appliquée / Technologie,Français; Philosophie,Robotique; Nature & Écologie,Électronique numérique; Microcontrôleurs IoT; Résolution de problèmes,Entreprise industrielle,Développeur IoT,ESIIA; IGGLIA; IAA,ESIIA,Informatique et Télécommunication,82.26,Élevé,"Excellente adéquation avec la série Technique et bonnes notes en Mathématiques appliquées, Physique appliquée / Technologie. Profil aligné avec l'objectif de Développeur IoT."
STD_2026_0711,Dina Rabenjamina,18,M,A,Philosophie:11.08; Français:13.92; Malagasy:11.25; Histoire-Géographie:12.98; Anglais:11.7; LV2:16.3; Mathématiques:8.59; SVT / Sciences humaines:6.26; EPS:12.53,12.02,LV2; Français,Mathématiques; SVT / Sciences humaines,Nature & Écologie; Programmation & Code,SQL & Bases de données; Génie Logiciel & Java/Web; Résolution de problèmes,Espaces de Coworking / Startup,Data Scientist / IA,IGGLIA; TEH; EMII,IGGLIA,Informatique et Télécommunication,77.1,Élevé,"Excellente adéquation avec la série A et bonnes notes en LV2, Français. Profil aligné avec l'objectif de Data Scientist / IA."
STD_2026_0712,Mialy Rabenjamina,17,F,A1,Philosophie:9.7; Français:15.89; Malagasy:11.59; Histoire-Géographie:11.34; Anglais:10.59; LV2:16.23; Mathématiques:13.6; SVT / Sciences humaines:12.98; EPS:11.41,12.54,LV2; Français,Anglais; Philosophie,Lecture & Écriture; Sport d'équipe,Réseaux informatiques; Infographie & 3D; Résolution de problèmes,Espaces de Coworking / Startup,Designer UI/UX,IMTICIA; EMP; ICMP,IMTICIA,Informatique et Télécommunication,75.6,Élevé,"Excellente adéquation avec la série A1 et bonnes notes en LV2, Français. Profil aligné avec l'objectif de Designer UI/UX."
STD_2026_0713,Mirana Ratsimbazafy,20,M,A2,Philosophie:10.92; Français:19.48; Malagasy:15.47; Histoire-Géographie:9.8; Anglais:10.5; LV2:15.64; Mathématiques:11.32; SVT / Sciences humaines:11.65; EPS:9.1,13.18,Français; LV2,Histoire-Géographie; EPS,Volontariat; Programmation & Code,Machine Learning & Deep Learning; PowerBI & Analytics; Résolution de problèmes,Sur le terrain / Chantier,Data Analyst,ISAIA; FIC; PIP,ISAIA,Informatique et Télécommunication,62.72,Moyen,"Excellente adéquation avec la série A2 et bonnes notes en Français, LV2. Profil aligné avec l'objectif de Data Analyst."
STD_2026_0714,Toky Andriantsitohaina,16,M,L,Philosophie:20.0; Français et Littérature:14.21; Anglais:13.27; LV2:15.27; Malagasy:10.05; Histoire-Géographie:12.78; Éducation civique:9.46; Mathématiques:2.21; Arts / options culturelles:17.08; EPS:16.41,13.88,Philosophie; Arts / options culturelles,Éducation civique; Mathématiques,Économie & Bourse; Musique,Écotourisme & Biodiversité; Ingénierie touristique; Résolution de problèmes,Laboratoire & R&D,Consultant Écotourisme,TEE; PIP; IAA,TEE,Techniques du Tourisme,84.93,Élevé,"Excellente adéquation avec la série L et bonnes notes en Philosophie, Arts / options culturelles. Profil aligné avec l'objectif de Consultant Écotourisme."
STD_2026_0715,Sitraka Andriantsitohaina,16,F,C,"Mathématiques:16.27; Sciences Physiques, Chimiques et Technologie (SPCT):14.0; Français:11.89; Philosophie:10.25; Malagasy:6.36; Histoire-Géographie:7.61; Anglais:8.0; SVT:12.12; EPS:13.4",12.45,"Mathématiques; Sciences Physiques, Chimiques et Technologie (SPCT)",Histoire-Géographie; Malagasy,Économie & Bourse; Musique,Yield Management; Communication interculturelle; Résolution de problèmes,Sur le terrain / Chantier,Directeur de l'Hébergement,TEH; EMII; CAA,TEH,Techniques du Tourisme,41.82,Faible,"Excellente adéquation avec la série C et bonnes notes en Mathématiques, Sciences Physiques, Chimiques et Technologie (SPCT). Profil aligné avec l'objectif de Directeur de l'Hébergement."
STD_2026_0716,Toky Rakotomalala,16,F,D,"SVT:14.49; Sciences Physiques, Chimiques et Technologie (SPCT):17.43; Mathématiques:13.23; Français:11.15; Philosophie:11.19; Malagasy:15.64; Histoire-Géographie:8.3; Anglais:13.86; EPS:8.24",13.38,"Sciences Physiques, Chimiques et Technologie (SPCT); Malagasy",Histoire-Géographie; EPS,Nature & Écologie; Dessin & Design,Marketing Digital; Techniques de Vente; Résolution de problèmes,Laboratoire & R&D,Chef de Produit Marketing,CAA; ESIIA; EMP,CAA,Techniques des Affaires,77.08,Élevé,"Excellente adéquation avec la série D et bonnes notes en Sciences Physiques, Chimiques et Technologie (SPCT), Malagasy. Profil aligné avec l'objectif de Chef de Produit Marketing."
STD_2026_0717,Lova Randriamampianina,16,M,S,Mathématiques:15.06; Sciences Physiques et Chimiques:13.98; SVT / Biologie-Géologie:16.49; Français:9.64; Philosophie:8.48; Malagasy:16.86; Histoire-Géographie:8.66; Anglais:10.71; EPS:12.56,13.39,Malagasy; SVT / Biologie-Géologie,Histoire-Géographie; Philosophie,Programmation & Code; Lecture & Écriture,Droit des contrats; Rédaction juridique; Résolution de problèmes,Entreprise industrielle,Juriste d'Entreprise,DTJA; AEE; TEE,DTJA,Techniques des Affaires,46.95,Faible,"Excellente adéquation avec la série S et bonnes notes en Malagasy, SVT / Biologie-Géologie. Profil aligné avec l'objectif de Juriste d'Entreprise."
STD_2026_0718,Vero Randriamampianina,21,M,G,Mathématiques de gestion:11.88; Gestion / Comptabilité:20.0; Français:8.36; Anglais:7.85; Économie:18.17; Histoire-Géographie:14.55; Philosophie:12.36; EPS:14.2,13.76,Gestion / Comptabilité; Économie,Français; Anglais,Dessin & Design; Nature & Écologie,Gestion de projet Agile/PMP; Analyse financière; Résolution de problèmes,Espaces de Coworking / Startup,Analyste Économique,EMP; DTJA; GCA,EMP,Techniques des Affaires,80.92,Élevé,"Excellente adéquation avec la série G et bonnes notes en Gestion / Comptabilité, Économie. Profil aligné avec l'objectif de Analyste Économique."
STD_2026_0719,Hasina Rakotomalala,18,F,Technique,Mathématiques appliquées:14.28; Physique appliquée / Technologie:15.56; Dessin technique:8.6; Français:11.23; Anglais:8.52; Philosophie:11.34; EPS:11.16,12.22,Physique appliquée / Technologie; Mathématiques appliquées,Dessin technique; Anglais,Jeux de Stratégie; Lecture & Écriture,Comptabilité générale & analytique; Gestion de trésorerie; Résolution de problèmes,Laboratoire & R&D,Directeur Financier (CFO),FIC; TEE; AEE,FIC,Techniques des Affaires,51.36,Faible,"Excellente adéquation avec la série Technique et bonnes notes en Physique appliquée / Technologie, Mathématiques appliquées. Profil aligné avec l'objectif de Directeur Financier (CFO)."
STD_2026_0720,Henintsoa Razafindrakoto,16,M,A,Philosophie:12.48; Français:18.21; Malagasy:10.89; Histoire-Géographie:6.61; Anglais:7.07; LV2:13.91; Mathématiques:9.39; SVT / Sciences humaines:5.47; EPS:5.8,10.92,Français; LV2,EPS; SVT / Sciences humaines,Volontariat; Nature & Écologie,Analyse des sols; Agronomie; Résolution de problèmes,Sur le terrain / Chantier,Agronome,AEE; ICMP; IMTICIA,AEE,Biotechnologie et Agronomie,67.39,Moyen,"Excellente adéquation avec la série A et bonnes notes en Français, LV2. Profil aligné avec l'objectif de Agronome."
STD_2026_0721,Andry Ramanantsoa,20,F,A1,Philosophie:15.71; Français:11.68; Malagasy:12.1; Histoire-Géographie:6.79; Anglais:9.62; LV2:17.83; Mathématiques:12.11; SVT / Sciences humaines:13.74; EPS:9.02,12.15,LV2; Philosophie,EPS; Histoire-Géographie,Sport d'équipe; Dessin & Design,Contrôle qualité HACCP; Process agroalimentaires; Résolution de problèmes,Entreprise industrielle,Responsable Qualité HACCP,IAA; CAA; ISAIA,IAA,Biotechnologie et Agronomie,54.64,Faible,"Excellente adéquation avec la série A1 et bonnes notes en LV2, Philosophie. Profil aligné avec l'objectif de Responsable Qualité HACCP."
STD_2026_0722,Dina Rajaonarivelo,20,M,A2,Philosophie:12.54; Français:14.75; Malagasy:11.07; Histoire-Géographie:13.68; Anglais:9.49; LV2:13.48; Mathématiques:11.06; SVT / Sciences humaines:10.62; EPS:13.3,12.42,Français; Histoire-Géographie,SVT / Sciences humaines; Anglais,Économie & Bourse; Volontariat,Analyse en laboratoire; Normes GMP/BPF; Résolution de problèmes,Sur le terrain / Chantier,Responsable contrôle qualité labo,PIP; FIC; ISAIA,PIP,Biotechnologie et Agronomie,57.17,Moyen,"Excellente adéquation avec la série A2 et bonnes notes en Français, Histoire-Géographie. Profil aligné avec l'objectif de Responsable contrôle qualité labo."
STD_2026_0723,Toky Rakotomalala,19,F,L,Philosophie:14.42; Français et Littérature:16.28; Anglais:9.72; LV2:12.97; Malagasy:9.72; Histoire-Géographie:15.38; Éducation civique:11.98; Mathématiques:6.37; Arts / options culturelles:17.1; EPS:9.25,12.78,Arts / options culturelles; Français et Littérature,EPS; Mathématiques,Lecture & Écriture; Programmation & Code,Automatisme PLC; Maintenance industrielle; Résolution de problèmes,Bureau & Télétravail,Automaticien,EMII; ESIIA; CAA,EMII,Génie Industriel et Génie Civil,36.36,Faible,"Excellente adéquation avec la série L et bonnes notes en Arts / options culturelles, Français et Littérature. Profil aligné avec l'objectif de Automaticien."
STD_2026_0724,Mirana Razafindrakoto,17,F,C,"Mathématiques:18.97; Sciences Physiques, Chimiques et Technologie (SPCT):12.67; Français:13.65; Philosophie:8.74; Malagasy:10.25; Histoire-Géographie:11.41; Anglais:15.15; SVT:15.99; EPS:11.82",14.22,Mathématiques; SVT,Malagasy; Philosophie,Programmation & Code; Nature & Écologie,Calcul de structures; Conduite de chantier BTP; Résolution de problèmes,Bureau & Télétravail,Architecte collaborateur,GCA; FIC; ICMP,GCA,Génie Industriel et Génie Civil,80.67,Élevé,"Excellente adéquation avec la série C et bonnes notes en Mathématiques, SVT. Profil aligné avec l'objectif de Architecte collaborateur."
STD_2026_0725,Kanto Ratsimbazafy,16,F,D,"SVT:12.29; Sciences Physiques, Chimiques et Technologie (SPCT):13.04; Mathématiques:13.69; Français:11.39; Philosophie:3.87; Malagasy:10.59; Histoire-Géographie:10.49; Anglais:13.81; EPS:14.16",11.98,EPS; Anglais,Histoire-Géographie; Philosophie,Nature & Écologie; Robotique,Génie des procédés; Normes QHSE; Résolution de problèmes,Espaces de Coworking / Startup,Géologue minier,ICMP; CAA; ISAIA,ICMP,Génie Industriel et Génie Civil,79.01,Élevé,"Excellente adéquation avec la série D et bonnes notes en EPS, Anglais. Profil aligné avec l'objectif de Géologue minier."
STD_2026_0726,Andry Rajaonarivelo,19,F,S,Mathématiques:16.0; Sciences Physiques et Chimiques:13.82; SVT / Biologie-Géologie:16.85; Français:15.06; Philosophie:15.74; Malagasy:9.54; Histoire-Géographie:13.2; Anglais:12.19; EPS:14.85,14.69,SVT / Biologie-Géologie; Mathématiques,Anglais; Malagasy,Nature & Écologie; Volontariat,Signal & Traitement; C/C++ embarqué; Résolution de problèmes,Sur le terrain / Chantier,Développeur IoT,ESIIA; ISAIA; TEE,ESIIA,Informatique et Télécommunication,78.57,Élevé,"Excellente adéquation avec la série S et bonnes notes en SVT / Biologie-Géologie, Mathématiques. Profil aligné avec l'objectif de Développeur IoT."
STD_2026_0727,Nomena Rakotondrabe,16,F,G,Mathématiques de gestion:14.96; Gestion / Comptabilité:18.52; Français:9.78; Anglais:13.35; Économie:19.29; Histoire-Géographie:11.69; Philosophie:8.49; EPS:9.22,14.29,Économie; Gestion / Comptabilité,EPS; Philosophie,Musique; Nature & Écologie,Machine Learning; Génie Logiciel & Java/Web; Résolution de problèmes,Bureau & Télétravail,Data Scientist / IA,IGGLIA; ICMP; ESIIA,IGGLIA,Informatique et Télécommunication,74.61,Moyen,"Excellente adéquation avec la série G et bonnes notes en Économie, Gestion / Comptabilité. Profil aligné avec l'objectif de Data Scientist / IA."
STD_2026_0728,Hery Razafindrakoto,21,M,Technique,Mathématiques appliquées:16.45; Physique appliquée / Technologie:13.28; Dessin technique:7.44; Français:8.03; Anglais:5.47; Philosophie:12.0; EPS:10.77,11.31,Mathématiques appliquées; Physique appliquée / Technologie,Dessin technique; Anglais,Robotique; Économie & Bourse,Développement Web/Mobile; Réseaux informatiques; Résolution de problèmes,Bureau & Télétravail,Concepteur Multimédia,IMTICIA; IGGLIA; IAA,IMTICIA,Informatique et Télécommunication,70.05,Moyen,"Excellente adéquation avec la série Technique et bonnes notes en Mathématiques appliquées, Physique appliquée / Technologie. Profil aligné avec l'objectif de Concepteur Multimédia."
STD_2026_0729,Kanto Andriantsitohaina,18,F,A,Philosophie:14.45; Français:16.28; Malagasy:10.67; Histoire-Géographie:17.96; Anglais:10.07; LV2:12.9; Mathématiques:7.25; SVT / Sciences humaines:10.88; EPS:9.83,13.1,Histoire-Géographie; Français,EPS; Mathématiques,Volontariat; Économie & Bourse,Python / R Data; Statistiques inférentielles; Résolution de problèmes,Entreprise industrielle,Data Scientist,ISAIA; IMTICIA; ICMP,ISAIA,Informatique et Télécommunication,46.89,Faible,"Excellente adéquation avec la série A et bonnes notes en Histoire-Géographie, Français. Profil aligné avec l'objectif de Data Scientist."
STD_2026_0730,Vero Rasoanaivo,21,M,A1,Philosophie:14.93; Français:11.97; Malagasy:11.8; Histoire-Géographie:15.6; Anglais:7.91; LV2:9.2; Mathématiques:8.95; SVT / Sciences humaines:9.65; EPS:12.65,11.93,Histoire-Géographie; Philosophie,Mathématiques; Anglais,Jeux de Stratégie; Musique,Ingénierie touristique; Écotourisme & Biodiversité; Résolution de problèmes,Sur le terrain / Chantier,Responsable Parc Naturel,TEE; TEH; ISAIA,TEE,Techniques du Tourisme,72.76,Moyen,"Excellente adéquation avec la série A1 et bonnes notes en Histoire-Géographie, Philosophie. Profil aligné avec l'objectif de Responsable Parc Naturel."
STD_2026_0731,Faly Ramanantsoa,20,M,A2,Philosophie:14.12; Français:13.9; Malagasy:14.79; Histoire-Géographie:14.05; Anglais:14.08; LV2:13.48; Mathématiques:9.5; SVT / Sciences humaines:7.58; EPS:14.56,13.41,Malagasy; EPS,Mathématiques; SVT / Sciences humaines,Volontariat; Dessin & Design,Communication interculturelle; Gestion événementielle; Résolution de problèmes,Sur le terrain / Chantier,Manager d'Hôtel,TEH; ESIIA; CAA,TEH,Techniques du Tourisme,82.42,Élevé,"Excellente adéquation avec la série A2 et bonnes notes en Malagasy, EPS. Profil aligné avec l'objectif de Manager d'Hôtel."
STD_2026_0732,Dina Rasoanaivo,16,F,L,Philosophie:15.72; Français et Littérature:14.96; Anglais:9.8; LV2:14.13; Malagasy:12.69; Histoire-Géographie:5.08; Éducation civique:11.78; Mathématiques:11.28; Arts / options culturelles:15.79; EPS:12.52,12.66,Arts / options culturelles; Philosophie,Anglais; Histoire-Géographie,Programmation & Code; Musique,Negociation internationale; Marketing Digital; Résolution de problèmes,Espaces de Coworking / Startup,Business Developer,CAA; TEE; GCA,CAA,Techniques des Affaires,78.43,Élevé,"Excellente adéquation avec la série L et bonnes notes en Arts / options culturelles, Philosophie. Profil aligné avec l'objectif de Business Developer."
STD_2026_0733,Fitia Ramanantsoa,16,F,C,"Mathématiques:15.27; Sciences Physiques, Chimiques et Technologie (SPCT):14.17; Français:9.9; Philosophie:9.19; Malagasy:14.15; Histoire-Géographie:13.28; Anglais:8.83; SVT:17.66; EPS:15.33",13.66,SVT; EPS,Philosophie; Anglais,Économie & Bourse; Dessin & Design,Conseil d'entreprise; Rédaction juridique; Résolution de problèmes,Laboratoire & R&D,Gestionnaire de Contrats,DTJA; CAA; ISAIA,DTJA,Techniques des Affaires,38.81,Faible,"Excellente adéquation avec la série C et bonnes notes en SVT, EPS. Profil aligné avec l'objectif de Gestionnaire de Contrats."
STD_2026_0734,Nomena Randriamampianina,16,F,D,"SVT:14.02; Sciences Physiques, Chimiques et Technologie (SPCT):15.78; Mathématiques:10.45; Français:11.99; Philosophie:10.18; Malagasy:9.77; Histoire-Géographie:14.51; Anglais:9.13; EPS:17.93",12.91,"EPS; Sciences Physiques, Chimiques et Technologie (SPCT)",Malagasy; Anglais,Nature & Écologie; Volontariat,Gestion des risques; Analyse financière; Résolution de problèmes,Sur le terrain / Chantier,Consultant en Organisation,EMP; PIP; ICMP,EMP,Techniques des Affaires,71.75,Moyen,"Excellente adéquation avec la série D et bonnes notes en EPS, Sciences Physiques, Chimiques et Technologie (SPCT). Profil aligné avec l'objectif de Consultant en Organisation."
STD_2026_0735,Toky Rasoanaivo,21,M,S,Mathématiques:19.99; Sciences Physiques et Chimiques:14.36; SVT / Biologie-Géologie:13.38; Français:13.59; Philosophie:8.09; Malagasy:7.16; Histoire-Géographie:11.15; Anglais:6.3; EPS:10.27,13.54,Mathématiques; Sciences Physiques et Chimiques,Malagasy; Anglais,Nature & Écologie; Jeux de Stratégie,Audit financier; Comptabilité générale & analytique; Résolution de problèmes,Laboratoire & R&D,Comptable Senior,FIC; IAA; GCA,FIC,Techniques des Affaires,94.96,Élevé,"Excellente adéquation avec la série S et bonnes notes en Mathématiques, Sciences Physiques et Chimiques. Profil aligné avec l'objectif de Comptable Senior."
STD_2026_0736,Hery Randriamampianina,19,F,G,Mathématiques de gestion:14.43; Gestion / Comptabilité:9.38; Français:14.13; Anglais:11.72; Économie:18.29; Histoire-Géographie:13.6; Philosophie:14.18; EPS:14.11,13.41,Économie; Mathématiques de gestion,Anglais; Gestion / Comptabilité,Musique; Robotique,Gestion d'exploitation; Agronomie; Résolution de problèmes,Entreprise industrielle,Agronome,AEE; IMTICIA; EMII,AEE,Biotechnologie et Agronomie,56.33,Moyen,"Excellente adéquation avec la série G et bonnes notes en Économie, Mathématiques de gestion. Profil aligné avec l'objectif de Agronome."
STD_2026_0737,Faly Andriantsitohaina,16,M,Technique,Mathématiques appliquées:13.7; Physique appliquée / Technologie:16.28; Dessin technique:14.97; Français:9.18; Anglais:11.11; Philosophie:11.18; EPS:11.91,13.34,Physique appliquée / Technologie; Dessin technique,Anglais; Français,Volontariat; Programmation & Code,Microbiologie; Process agroalimentaires; Résolution de problèmes,Bureau & Télétravail,Ingénieur Agroalimentaire,IAA; GCA; ICMP,IAA,Biotechnologie et Agronomie,71.77,Moyen,"Excellente adéquation avec la série Technique et bonnes notes en Physique appliquée / Technologie, Dessin technique. Profil aligné avec l'objectif de Ingénieur Agroalimentaire."
STD_2026_0738,Faly Rakotondrabe,17,M,A,Philosophie:11.6; Français:12.44; Malagasy:10.41; Histoire-Géographie:12.32; Anglais:15.86; LV2:10.12; Mathématiques:8.83; SVT / Sciences humaines:9.62; EPS:12.7,11.71,Anglais; EPS,SVT / Sciences humaines; Mathématiques,Programmation & Code; Sport d'équipe,Normes GMP/BPF; Pharmacologie; Résolution de problèmes,Laboratoire & R&D,Assistant de recherche galénique,PIP; ISAIA; AEE,PIP,Biotechnologie et Agronomie,53.86,Faible,"Excellente adéquation avec la série A et bonnes notes en Anglais, EPS. Profil aligné avec l'objectif de Assistant de recherche galénique."
STD_2026_0739,Andry Rasoanaivo,20,M,A1,Philosophie:15.03; Français:10.62; Malagasy:15.18; Histoire-Géographie:15.05; Anglais:11.29; LV2:12.38; Mathématiques:12.55; SVT / Sciences humaines:7.16; EPS:13.33,12.88,Malagasy; Histoire-Géographie,Français; SVT / Sciences humaines,Lecture & Écriture; Robotique,Maintenance industrielle; Électrotechnique; Résolution de problèmes,Sur le terrain / Chantier,Concepteur Mécatronique,EMII; TEE; FIC,EMII,Génie Industriel et Génie Civil,54.81,Faible,"Excellente adéquation avec la série A1 et bonnes notes en Malagasy, Histoire-Géographie. Profil aligné avec l'objectif de Concepteur Mécatronique."
STD_2026_0740,Hasina Razafindrakoto,16,F,A2,Philosophie:16.58; Français:15.88; Malagasy:9.74; Histoire-Géographie:11.04; Anglais:9.39; LV2:12.12; Mathématiques:8.21; SVT / Sciences humaines:11.17; EPS:10.05,12.2,Philosophie; Français,Anglais; Mathématiques,Sport d'équipe; Musique,Conduite de chantier BTP; AutoCAD/Revit; Résolution de problèmes,Bureau & Télétravail,Conducteur de travaux,GCA; EMP; TEH,GCA,Génie Industriel et Génie Civil,46.41,Faible,"Excellente adéquation avec la série A2 et bonnes notes en Philosophie, Français. Profil aligné avec l'objectif de Conducteur de travaux."
STD_2026_0741,Mirana Ramanantsoa,20,F,L,Philosophie:14.46; Français et Littérature:10.5; Anglais:6.24; LV2:16.17; Malagasy:16.79; Histoire-Géographie:10.95; Éducation civique:11.06; Mathématiques:14.01; Arts / options culturelles:14.55; EPS:11.54,12.5,Malagasy; LV2,Français et Littérature; Anglais,Programmation & Code; Nature & Écologie,Raffinage et extraction; Normes QHSE; Résolution de problèmes,Sur le terrain / Chantier,Géologue minier,ICMP; EMP; IAA,ICMP,Génie Industriel et Génie Civil,51.87,Faible,"Excellente adéquation avec la série L et bonnes notes en Malagasy, LV2. Profil aligné avec l'objectif de Géologue minier."
STD_2026_0742,Andry Rasoanaivo,20,F,C,"Mathématiques:17.3; Sciences Physiques, Chimiques et Technologie (SPCT):10.98; Français:14.73; Philosophie:9.08; Malagasy:14.35; Histoire-Géographie:10.14; Anglais:13.34; SVT:16.9; EPS:14.11",13.93,Mathématiques; SVT,Histoire-Géographie; Philosophie,Volontariat; Lecture & Écriture,Électronique numérique; Signal & Traitement; Résolution de problèmes,Entreprise industrielle,Ingénieur Robotique,ESIIA; GCA; TEH,ESIIA,Informatique et Télécommunication,79.88,Élevé,"Excellente adéquation avec la série C et bonnes notes en Mathématiques, SVT. Profil aligné avec l'objectif de Ingénieur Robotique."
STD_2026_0743,Rova Rajaonarivelo,19,F,D,"SVT:16.25; Sciences Physiques, Chimiques et Technologie (SPCT):19.17; Mathématiques:14.4; Français:8.98; Philosophie:12.45; Malagasy:8.26; Histoire-Géographie:12.41; Anglais:7.38; EPS:12.33",13.72,"Sciences Physiques, Chimiques et Technologie (SPCT); SVT",Malagasy; Anglais,Jeux de Stratégie; Dessin & Design,Machine Learning; Algorithmique & Python; Résolution de problèmes,Bureau & Télétravail,Data Scientist / IA,IGGLIA; IMTICIA; TEE,IGGLIA,Informatique et Télécommunication,71.84,Moyen,"Excellente adéquation avec la série D et bonnes notes en Sciences Physiques, Chimiques et Technologie (SPCT), SVT. Profil aligné avec l'objectif de Data Scientist / IA."
STD_2026_0744,Kanto Rakotomalala,21,M,S,Mathématiques:17.23; Sciences Physiques et Chimiques:16.32; SVT / Biologie-Géologie:15.44; Français:7.23; Philosophie:7.65; Malagasy:11.47; Histoire-Géographie:13.94; Anglais:12.57; EPS:7.04,13.64,Mathématiques; Sciences Physiques et Chimiques,Français; EPS,Jeux de Stratégie; Nature & Écologie,Développement Web/Mobile; Infographie & 3D; Résolution de problèmes,Laboratoire & R&D,Développeur Web/Mobile,IMTICIA; ESIIA; TEE,IMTICIA,Informatique et Télécommunication,81.41,Élevé,"Excellente adéquation avec la série S et bonnes notes en Mathématiques, Sciences Physiques et Chimiques. Profil aligné avec l'objectif de Développeur Web/Mobile."
STD_2026_0745,Andry Andriantsitohaina,20,F,G,Mathématiques de gestion:11.5; Gestion / Comptabilité:15.93; Français:9.26; Anglais:16.51; Économie:19.47; Histoire-Géographie:8.62; Philosophie:8.37; EPS:11.15,13.46,Économie; Anglais,Histoire-Géographie; Philosophie,Dessin & Design; Économie & Bourse,Machine Learning & Deep Learning; Python / R Data; Résolution de problèmes,Laboratoire & R&D,Data Scientist,ISAIA; IMTICIA; DTJA,ISAIA,Informatique et Télécommunication,77.22,Élevé,"Excellente adéquation avec la série G et bonnes notes en Économie, Anglais. Profil aligné avec l'objectif de Data Scientist."
STD_2026_0746,Vero Rakotondrabe,17,M,Technique,Mathématiques appliquées:19.26; Physique appliquée / Technologie:18.63; Dessin technique:12.07; Français:11.17; Anglais:14.31; Philosophie:9.44; EPS:11.04,15.12,Mathématiques appliquées; Physique appliquée / Technologie,EPS; Philosophie,Jeux de Stratégie; Volontariat,Écotourisme & Biodiversité; Gestion de projets durables; Résolution de problèmes,Entreprise industrielle,Chef de projet Développement Durable,TEE; IMTICIA; DTJA,TEE,Techniques du Tourisme,51.61,Faible,"Excellente adéquation avec la série Technique et bonnes notes en Mathématiques appliquées, Physique appliquée / Technologie. Profil aligné avec l'objectif de Chef de projet Développement Durable."
STD_2026_0747,Andry Ramanantsoa,16,F,A,Philosophie:16.14; Français:14.59; Malagasy:12.81; Histoire-Géographie:14.41; Anglais:11.74; LV2:14.51; Mathématiques:7.25; SVT / Sciences humaines:12.97; EPS:12.75,13.57,Philosophie; Français,Anglais; Mathématiques,Économie & Bourse; Robotique,Gestion événementielle; Management hôtelier; Résolution de problèmes,Espaces de Coworking / Startup,Chef de projet Événementiel,TEH; TEE; PIP,TEH,Techniques du Tourisme,84.57,Élevé,"Excellente adéquation avec la série A et bonnes notes en Philosophie, Français. Profil aligné avec l'objectif de Chef de projet Événementiel."
STD_2026_0748,Faly Rasoanaivo,17,F,A1,Philosophie:13.13; Français:11.55; Malagasy:11.47; Histoire-Géographie:13.03; Anglais:16.27; LV2:16.08; Mathématiques:6.7; SVT / Sciences humaines:11.21; EPS:13.42,12.7,Anglais; LV2,SVT / Sciences humaines; Mathématiques,Sport d'équipe; Lecture & Écriture,Techniques de Vente; Marketing Digital; Résolution de problèmes,Entreprise industrielle,Directeur des Ventes,CAA; IMTICIA; IGGLIA,CAA,Techniques des Affaires,73.03,Moyen,"Excellente adéquation avec la série A1 et bonnes notes en Anglais, LV2. Profil aligné avec l'objectif de Directeur des Ventes."
STD_2026_0749,Kanto Rakotomalala,19,M,A2,Philosophie:15.12; Français:14.93; Malagasy:13.58; Histoire-Géographie:13.15; Anglais:7.75; LV2:11.43; Mathématiques:7.68; SVT / Sciences humaines:9.64; EPS:9.78,12.13,Philosophie; Français,Anglais; Mathématiques,Volontariat; Dessin & Design,Rédaction juridique; Conseil d'entreprise; Résolution de problèmes,Laboratoire & R&D,Consultant Fiscaliste,DTJA; IMTICIA; TEH,DTJA,Techniques des Affaires,76.34,Élevé,"Excellente adéquation avec la série A2 et bonnes notes en Philosophie, Français. Profil aligné avec l'objectif de Consultant Fiscaliste."
STD_2026_0750,Henintsoa Ratsimbazafy,16,M,L,Philosophie:12.95; Français et Littérature:15.24; Anglais:9.35; LV2:12.85; Malagasy:11.2; Histoire-Géographie:12.97; Éducation civique:15.87; Mathématiques:9.53; Arts / options culturelles:11.54; EPS:16.56,12.79,EPS; Éducation civique,Mathématiques; Anglais,Nature & Écologie; Dessin & Design,Étude d'impact économique; Gestion des risques; Résolution de problèmes,Laboratoire & R&D,Scrum Master,EMP; DTJA; EMII,EMP,Techniques des Affaires,48.19,Faible,"Excellente adéquation avec la série L et bonnes notes en EPS, Éducation civique. Profil aligné avec l'objectif de Scrum Master."
